Index,GloOfs,RelOfs,Child,Parent,Xpos,Ypos,Zpos,Xtile,Ytile,Status,Status_S,Affect,Affect_S,BaseFrame,BaseFrame_S,Frame,OldFrame,Life,WhoShotMe,Model,Model_S,State,State_S,Angle,Angle_S,ZAngle,Unique,Unique_S,HugDistance,Persuaded,ChildHeld,ParentHeld,Command,StartCommand,Target,Data,GotoX,GotoY,GotoZ,LastXpos,LastYpos,HugGotoZ,ChildWeapon,Equipment,ParentRank,RankPosition,Count,WeaponHolding,WeaponInUse,Level1Base,Level1Balance,Level1True,Level1Fixed,Level2Base,Level2Balance,Level2True,Level2Fixed,Level3Base,Level3Balance,Level3True,Level3Fixed,LevelRecovery,Speed,MaxSpeed,BaseSpeed,OldState,OldState_S,NewState,NewState_S,HugChangeDir,HugStartAngle,HitAngle
0,32776,2,0,370,24872,10792,256,97,42,4,TS_MAPWHO,0,PA_NONE,1,PB_AGENT,382,7,16,0,1,TM_PERSON,0,PS_NONE,192,TA_NORTHWEST,0,2,PU_AGENT,0,0,0,0,0,0,0,0,0,0,0,0,0,0,0,0,0,0,0,0,0,128,128,128,0,128,128,128,0,128,128,128,0,113,0,32,32,0,PS_NONE,0,PS_NONE,0,0,0
1,32868,94,0,186,24868,10700,256,97,41,4,TS_MAPWHO,0,PA_NONE,1,PB_AGENT,382,7,16,0,1,TM_PERSON,0,PS_NONE,192,TA_NORTHWEST,0,2,PU_AGENT,0,0,0,0,0,0,0,0,0,0,0,0,0,0,0,0,0,0,0,0,0,128,128,128,0,128,128,128,0,128,128,128,0,104,0,32,32,0,PS_NONE,0,PS_NONE,0,0,0
2,32960,186,94,462,24868,10572,256,97,41,4,TS_MAPWHO,0,PA_NONE,1,PB_AGENT,382,7,16,0,1,TM_PERSON,0,PS_NONE,192,TA_NORTHWEST,0,2,PU_AGENT,0,0,0,0,0,0,0,0,0,0,0,0,0,0,0,0,0,0,0,0,0,128,128,128,0,128,128,128,0,128,128,128,0,95,0,32,32,0,PS_NONE,0,PS_NONE,0,0,0
3,33052,278,0,0,24876,10484,256,97,40,4,TS_MAPWHO,0,PA_NONE,1,PB_AGENT,382,7,16,0,1,TM_PERSON,0,PS_NONE,192,TA_NORTHWEST,0,2,PU_AGENT,0,0,0,0,0,0,0,0,0,0,0,0,0,0,0,0,0,0,0,0,0,128,128,128,0,128,128,128,0,128,128,128,0,85,0,32,32,0,PS_NONE,0,PS_NONE,0,0,0
4,33144,370,2,0,25012,10812,256,97,42,4,TS_MAPWHO,0,PA_NONE,1,PB_AGENT,379,3,16,0,1,TM_PERSON,0,PS_NONE,64,TA_SOUTHEAST,0,2,PU_AGENT,0,0,0,0,0,0,0,0,0,0,0,0,0,0,0,0,0,0,0,0,0,128,128,128,0,128,128,128,0,128,128,128,0,61,0,32,32,0,PS_NONE,0,PS_NONE,0,0,0
5,33236,462,186,554,25016,10728,256,97,41,4,TS_MAPWHO,0,PA_NONE,1,PB_AGENT,379,3,16,0,1,TM_PERSON,0,PS_NONE,64,TA_SOUTHEAST,0,2,PU_AGENT,0,0,0,0,0,0,0,0,0,0,0,0,0,0,0,0,0,0,0,0,0,128,128,128,0,128,128,128,0,128,128,128,0,55,0,32,32,0,PS_NONE,0,PS_NONE,0,0,0
6,33328,554,462,646,25012,10636,256,97,41,4,TS_MAPWHO,0,PA_NONE,1,PB_AGENT,379,3,16,0,1,TM_PERSON,0,PS_NONE,64,TA_SOUTHEAST,0,2,PU_AGENT,0,0,0,0,0,0,0,0,0,0,0,0,0,0,0,0,0,0,0,0,0,128,128,128,0,128,128,128,0,128,128,128,0,48,0,32,32,0,PS_NONE,0,PS_NONE,0,0,0
7,33420,646,554,0,25012,10588,256,97,41,4,TS_MAPWHO,0,PA_NONE,1,PB_AGENT,379,3,16,0,1,TM_PERSON,0,PS_NONE,64,TA_SOUTHEAST,0,2,PU_AGENT,0,0,0,0,0,0,0,0,0,0,0,0,0,0,0,0,0,0,0,0,0,128,128,128,0,128,128,128,0,128,128,128,0,40,0,32,32,0,PS_NONE,0,PS_NONE,0,0,0
8,33512,738,0,0,3676,16500,256,14,64,4,TS_MAPWHO,0,PA_NONE,1,PB_AGENT,379,3,16,0,1,TM_PERSON,0,PS_NONE,64,TA_SOUTHEAST,0,2,PU_AGENT,0,0,0,0,0,0,0,0,0,0,0,0,0,0,0,0,0,0,0,0,0,128,128,128,0,128,128,128,0,128,128,128,0,146,0,32,32,0,PS_NONE,0,PS_NONE,0,0,0
9,33604,830,0,0,3680,16704,256,14,65,4,TS_MAPWHO,0,PA_NONE,1,PB_AGENT,379,3,16,0,1,TM_PERSON,0,PS_NONE,64,TA_SOUTHEAST,0,2,PU_AGENT,0,0,0,0,0,0,0,0,0,0,0,0,0,0,0,0,0,0,0,0,0,128,128,128,0,128,128,128,0,128,128,128,0,130,0,32,32,0,PS_NONE,0,PS_NONE,0,0,0
10,33696,922,0,0,6732,17460,256,26,68,4,TS_MAPWHO,0,PA_NONE,1,PB_AGENT,379,3,16,0,1,TM_PERSON,0,PS_NONE,64,TA_SOUTHEAST,0,2,PU_AGENT,0,0,0,0,0,0,0,0,0,0,0,0,0,0,0,0,0,0,0,0,0,128,128,128,0,128,128,128,0,128,128,128,0,113,0,32,32,0,PS_NONE,0,PS_NONE,0,0,0
11,33788,1014,0,13158,4856,14408,256,18,56,4,TS_MAPWHO,0,PA_NONE,1,PB_AGENT,379,3,16,0,1,TM_PERSON,0,PS_NONE,64,TA_SOUTHEAST,0,2,PU_AGENT,0,0,0,0,0,0,0,0,0,0,0,0,0,0,0,0,0,0,0,0,0,128,128,128,0,128,128,128,0,128,128,128,0,83,0,32,32,0,PS_NONE,0,PS_NONE,0,0,0
12,33880,1106,0,12238,4244,12316,256,16,48,4,TS_MAPWHO,0,PA_NONE,1,PB_AGENT,379,3,16,0,1,TM_PERSON,0,PS_NONE,64,TA_SOUTHEAST,0,2,PU_AGENT,0,0,0,0,0,0,0,0,0,0,0,0,0,0,0,0,0,0,0,0,0,128,128,128,0,128,128,128,0,128,128,128,0,75,0,32,32,0,PS_NONE,0,PS_NONE,0,0,0
13,33972,1198,0,0,4768,11760,256,18,45,4,TS_MAPWHO,0,PA_NONE,1,PB_AGENT,379,3,16,0,1,TM_PERSON,0,PS_NONE,64,TA_SOUTHEAST,0,2,PU_AGENT,0,0,0,0,0,0,0,0,0,0,0,0,0,0,0,0,0,0,0,0,0,128,128,128,0,128,128,128,0,128,128,128,0,67,0,32,32,0,PS_NONE,0,PS_NONE,0,0,0
14,34064,1290,0,0,6288,8992,256,24,35,4,TS_MAPWHO,0,PA_NONE,1,PB_AGENT,379,3,16,0,1,TM_PERSON,0,PS_NONE,64,TA_SOUTHEAST,0,2,PU_AGENT,0,0,0,0,0,0,0,0,0,0,0,0,0,0,0,0,0,0,0,0,0,128,128,128,0,128,128,128,0,128,128,128,0,24,0,32,32,0,PS_NONE,0,PS_NONE,0,0,0
15,34156,1382,0,0,4740,8940,256,18,34,4,TS_MAPWHO,0,PA_NONE,1,PB_AGENT,379,3,16,0,1,TM_PERSON,0,PS_NONE,64,TA_SOUTHEAST,0,2,PU_AGENT,0,0,0,0,0,0,0,0,0,0,0,0,0,0,0,0,0,0,0,0,0,128,128,128,0,128,128,128,0,128,128,128,0,15,0,32,32,0,PS_NONE,0,PS_NONE,0,0,0
16,34248,1474,0,0,6604,7108,256,25,27,4,TS_MAPWHO,0,PA_NONE,1,PB_AGENT,377,1,16,0,1,TM_PERSON,0,PS_NONE,0,TA_SOUTHWEST,0,2,PU_AGENT,0,0,0,0,0,0,0,0,0,0,0,0,0,0,0,0,0,0,0,0,0,128,128,128,0,128,128,128,0,128,128,128,0,191,0,32,32,0,PS_NONE,0,PS_NONE,0,0,0
17,34340,1566,0,0,10148,4204,256,39,16,4,TS_MAPWHO,0,PA_NONE,1,PB_AGENT,377,1,16,0,1,TM_PERSON,0,PS_NONE,0,TA_SOUTHWEST,0,2,PU_AGENT,0,0,0,0,0,0,0,0,0,0,0,0,0,0,0,0,0,0,0,0,0,128,128,128,0,128,128,128,0,128,128,128,0,184,0,32,32,0,PS_NONE,0,PS_NONE,0,0,0
18,34432,1658,0,0,4668,4820,256,18,18,4,TS_MAPWHO,0,PA_NONE,1,PB_AGENT,377,1,16,0,1,TM_PERSON,0,PS_NONE,0,TA_SOUTHWEST,0,2,PU_AGENT,0,0,0,0,0,0,0,0,0,0,0,0,0,0,0,0,0,0,0,0,0,128,128,128,0,128,128,128,0,128,128,128,0,178,0,32,32,0,PS_NONE,0,PS_NONE,0,0,0
19,34524,1750,0,0,6284,4180,256,24,16,4,TS_MAPWHO,0,PA_NONE,1,PB_AGENT,377,1,16,0,1,TM_PERSON,0,PS_NONE,0,TA_SOUTHWEST,0,2,PU_AGENT,0,0,0,0,0,0,0,0,0,0,0,0,0,0,0,0,0,0,0,0,0,128,128,128,0,128,128,128,0,128,128,128,0,172,0,32,32,0,PS_NONE,0,PS_NONE,0,0,0
20,34616,1842,0,0,4940,6500,256,19,25,4,TS_MAPWHO,0,PA_NONE,1,PB_AGENT,377,1,16,0,1,TM_PERSON,0,PS_NONE,0,TA_SOUTHWEST,0,2,PU_AGENT,0,0,0,0,0,0,0,0,0,0,0,0,0,0,0,0,0,0,0,0,0,128,128,128,0,128,128,128,0,128,128,128,0,166,0,32,32,0,PS_NONE,0,PS_NONE,0,0,0
21,34708,1934,0,27292,7248,4512,256,28,17,4,TS_MAPWHO,0,PA_NONE,1,PB_AGENT,377,1,16,0,1,TM_PERSON,0,PS_NONE,0,TA_SOUTHWEST,0,2,PU_AGENT,0,0,0,0,0,0,0,0,0,0,0,0,0,0,0,0,0,0,0,0,0,128,128,128,0,128,128,128,0,128,128,128,0,158,0,32,32,0,PS_NONE,0,PS_NONE,0,0,0
22,34800,2026,0,0,9516,4532,256,37,17,4,TS_MAPWHO,0,PA_NONE,1,PB_AGENT,377,1,16,0,1,TM_PERSON,0,PS_NONE,0,TA_SOUTHWEST,0,2,PU_AGENT,0,0,0,0,0,0,0,0,0,0,0,0,0,0,0,0,0,0,0,0,0,128,128,128,0,128,128,128,0,128,128,128,0,150,0,32,32,0,PS_NONE,0,PS_NONE,0,0,0
23,34892,2118,0,0,8688,4464,256,33,17,4,TS_MAPWHO,0,PA_NONE,1,PB_AGENT,377,1,16,0,1,TM_PERSON,0,PS_NONE,0,TA_SOUTHWEST,0,2,PU_AGENT,0,0,0,0,0,0,0,0,0,0,0,0,0,0,0,0,0,0,0,0,0,128,128,128,0,128,128,128,0,128,128,128,0,142,0,32,32,0,PS_NONE,0,PS_NONE,0,0,0
24,34984,2210,0,0,10980,5628,256,42,21,4,TS_MAPWHO,0,PA_NONE,1,PB_AGENT,377,1,16,0,1,TM_PERSON,0,PS_NONE,0,TA_SOUTHWEST,0,2,PU_AGENT,0,0,0,0,0,0,0,0,0,0,0,0,0,0,0,0,0,0,0,0,0,128,128,128,0,128,128,128,0,128,128,128,0,68,0,32,32,0,PS_NONE,0,PS_NONE,0,0,0
25,35076,2302,0,27352,10724,4524,256,41,17,4,TS_MAPWHO,0,PA_NONE,1,PB_AGENT,377,1,16,0,1,TM_PERSON,0,PS_NONE,0,TA_SOUTHWEST,0,2,PU_AGENT,0,0,0,0,0,0,0,0,0,0,0,0,0,0,0,0,0,0,0,0,0,128,128,128,0,128,128,128,0,128,128,128,0,61,0,32,32,0,PS_NONE,0,PS_NONE,0,0,0
26,35168,2394,0,0,11812,4588,256,46,17,4,TS_MAPWHO,0,PA_NONE,1,PB_AGENT,377,1,16,0,1,TM_PERSON,0,PS_NONE,0,TA_SOUTHWEST,0,2,PU_AGENT,0,0,0,0,0,0,0,0,0,0,0,0,0,0,0,0,0,0,0,0,0,128,128,128,0,128,128,128,0,128,128,128,0,52,0,32,32,0,PS_NONE,0,PS_NONE,0,0,0
27,35260,2486,0,0,14756,2892,256,57,11,4,TS_MAPWHO,0,PA_NONE,1,PB_AGENT,377,1,16,0,1,TM_PERSON,0,PS_NONE,0,TA_SOUTHWEST,0,2,PU_AGENT,0,0,0,0,0,0,0,0,0,0,0,0,0,0,0,0,0,0,0,0,0,128,128,128,0,128,128,128,0,128,128,128,0,44,0,32,32,0,PS_NONE,0,PS_NONE,0,0,0
28,35352,2578,0,0,15312,3408,256,59,13,4,TS_MAPWHO,0,PA_NONE,1,PB_AGENT,377,1,16,0,1,TM_PERSON,0,PS_NONE,0,TA_SOUTHWEST,0,2,PU_AGENT,0,0,0,0,0,0,0,0,0,0,0,0,0,0,0,0,0,0,0,0,0,128,128,128,0,128,128,128,0,128,128,128,0,36,0,32,32,0,PS_NONE,0,PS_NONE,0,0,0
29,35444,2670,0,0,13552,5696,256,52,22,4,TS_MAPWHO,0,PA_NONE,1,PB_AGENT,377,1,16,0,1,TM_PERSON,0,PS_NONE,0,TA_SOUTHWEST,0,2,PU_AGENT,0,0,0,0,0,0,0,0,0,0,0,0,0,0,0,0,0,0,0,0,0,128,128,128,0,128,128,128,0,128,128,128,0,28,0,32,32,0,PS_NONE,0,PS_NONE,0,0,0
30,35536,2762,0,0,16784,4528,256,65,17,4,TS_MAPWHO,0,PA_NONE,1,PB_AGENT,377,1,16,0,1,TM_PERSON,0,PS_NONE,0,TA_SOUTHWEST,0,2,PU_AGENT,0,0,0,0,0,0,0,0,0,0,0,0,0,0,0,0,0,0,0,0,0,128,128,128,0,128,128,128,0,128,128,128,0,21,0,32,32,0,PS_NONE,0,PS_NONE,0,0,0
31,35628,2854,0,0,14460,4468,256,56,17,4,TS_MAPWHO,0,PA_NONE,1,PB_AGENT,377,1,16,0,1,TM_PERSON,0,PS_NONE,0,TA_SOUTHWEST,0,2,PU_AGENT,0,0,0,0,0,0,0,0,0,0,0,0,0,0,0,0,0,0,0,0,0,128,128,128,0,128,128,128,0,128,128,128,0,13,0,32,32,0,PS_NONE,0,PS_NONE,0,0,0
32,35720,2946,0,0,21040,1984,256,82,7,4,TS_MAPWHO,0,PA_NONE,1,PB_AGENT,377,1,16,0,1,TM_PERSON,0,PS_NONE,0,TA_SOUTHWEST,0,2,PU_AGENT,0,0,0,0,0,0,0,0,0,0,0,0,0,0,0,0,0,0,0,0,0,128,128,128,0,128,128,128,0,128,128,128,0,149,0,32,32,0,PS_NONE,0,PS_NONE,0,0,0
33,35812,3038,0,0,20740,4508,256,81,17,4,TS_MAPWHO,0,PA_NONE,1,PB_AGENT,377,1,16,0,1,TM_PERSON,0,PS_NONE,0,TA_SOUTHWEST,0,2,PU_AGENT,0,0,0,0,0,0,0,0,0,0,0,0,0,0,0,0,0,0,0,0,0,128,128,128,0,128,128,128,0,128,128,128,0,142,0,32,32,0,PS_NONE,0,PS_NONE,0,0,0
34,35904,3130,0,0,25476,5004,384,99,19,4,TS_MAPWHO,0,PA_NONE,1,PB_AGENT,377,1,16,0,1,TM_PERSON,0,PS_NONE,0,TA_SOUTHWEST,0,2,PU_AGENT,0,0,0,0,0,0,0,0,0,0,0,0,0,0,0,0,0,0,0,0,0,128,128,128,0,128,128,128,0,128,128,128,0,136,0,32,32,0,PS_NONE,0,PS_NONE,0,0,0
35,35996,3222,0,0,24036,2140,256,93,8,4,TS_MAPWHO,0,PA_NONE,1,PB_AGENT,377,1,16,0,1,TM_PERSON,0,PS_NONE,0,TA_SOUTHWEST,0,2,PU_AGENT,0,0,0,0,0,0,0,0,0,0,0,0,0,0,0,0,0,0,0,0,0,128,128,128,0,128,128,128,0,128,128,128,0,130,0,32,32,0,PS_NONE,0,PS_NONE,0,0,0
36,36088,3314,0,9478,19320,3416,256,75,13,4,TS_MAPWHO,0,PA_NONE,1,PB_AGENT,377,1,16,0,1,TM_PERSON,0,PS_NONE,0,TA_SOUTHWEST,0,2,PU_AGENT,0,0,0,0,0,0,0,0,0,0,0,0,0,0,0,0,0,0,0,0,0,128,128,128,0,128,128,128,0,128,128,128,0,125,0,32,32,0,PS_NONE,0,PS_NONE,0,0,0
37,36180,3406,0,0,16468,3388,256,64,13,4,TS_MAPWHO,0,PA_NONE,1,PB_AGENT,377,1,16,0,1,TM_PERSON,0,PS_NONE,0,TA_SOUTHWEST,0,2,PU_AGENT,0,0,0,0,0,0,0,0,0,0,0,0,0,0,0,0,0,0,0,0,0,128,128,128,0,128,128,128,0,128,128,128,0,120,0,32,32,0,PS_NONE,0,PS_NONE,0,0,0
38,36272,3498,0,0,21540,1932,256,84,7,4,TS_MAPWHO,0,PA_NONE,1,PB_AGENT,377,1,16,0,1,TM_PERSON,0,PS_NONE,0,TA_SOUTHWEST,0,2,PU_AGENT,0,0,0,0,0,0,0,0,0,0,0,0,0,0,0,0,0,0,0,0,0,128,128,128,0,128,128,128,0,128,128,128,0,114,0,32,32,0,PS_NONE,0,PS_NONE,0,0,0
39,36364,3590,0,0,22864,2128,256,89,8,4,TS_MAPWHO,0,PA_NONE,1,PB_AGENT,377,1,16,0,1,TM_PERSON,0,PS_NONE,0,TA_SOUTHWEST,0,2,PU_AGENT,0,0,0,0,0,0,0,0,0,0,0,0,0,0,0,0,0,0,0,0,0,128,128,128,0,128,128,128,0,128,128,128,0,109,0,32,32,0,PS_NONE,0,PS_NONE,0,0,0
40,36456,3682,0,38242,19095,14315,384,74,55,4100,TS_MAPWHO | TS_UNKNOWN_1000,0,PA_NONE,833,PB_POLICE,3635,847,0,0,1,TM_PERSON,29,PS_WANDER,194,TA_NORTHWEST,0,4,PU_POLICE,24240,0,0,0,0,0,0,0,0,0,0,0,0,0,38242,0,0,0,0,0,0,128,80,208,80,128,80,208,80,128,80,208,80,69,16,32,32,0,PS_NONE,29,PS_WANDER,4,0,0
41,36548,3774,0,38278,18950,13699,384,74,53,4100,TS_MAPWHO | TS_UNKNOWN_1000,0,PA_NONE,833,PB_POLICE,3626,845,0,0,1,TM_PERSON,29,PS_WANDER,125,TA_NORTHEAST,0,4,PU_POLICE,23580,0,0,0,0,0,0,0,0,0,0,0,0,0,38278,0,0,0,9,0,0,128,80,208,80,128,80,208,80,128,80,208,80,67,16,32,32,0,PS_NONE,29,PS_WANDER,4,192,0
42,36640,3866,0,38314,21209,3022,256,82,11,4100,TS_MAPWHO | TS_UNKNOWN_1000,0,PA_NONE,833,PB_POLICE,3633,847,0,0,1,TM_PERSON,29,PS_WANDER,207,TA_NORTHWEST,0,4,PU_POLICE,24664,0,0,0,0,0,0,0,0,0,0,0,0,0,38314,0,0,0,0,0,0,128,80,208,80,128,80,208,80,128,80,208,80,63,16,32,32,0,PS_NONE,29,PS_WANDER,4,128,0
43,36732,3958,0,38350,23492,1792,256,91,7,4100,TS_MAPWHO | TS_UNKNOWN_1000,0,PA_NONE,833,PB_POLICE,3635,847,0,0,1,TM_PERSON,14,PS_HUG_RIGHT,192,TA_NORTHWEST,0,4,PU_POLICE,23766,0,0,0,0,0,0,0,0,0,0,0,0,0,38350,0,0,0,1,0,0,128,80,208,80,128,80,208,80,128,80,208,80,88,23,32,32,0,PS_NONE,29,PS_WANDER,4,128,0
44,36824,4050,0,9018,27123,2643,256,105,10,4100,TS_MAPWHO | TS_UNKNOWN_1000,0,PA_NONE,833,PB_POLICE,3611,841,0,0,1,TM_PERSON,29,PS_WANDER,255,TA_SOUTHWEST,0,4,PU_POLICE,27190,0,0,0,0,0,0,0,0,0,0,0,0,0,38386,0,0,0,0,0,0,128,80,208,80,128,80,208,80,128,80,208,80,62,16,32,32,0,PS_NONE,29,PS_WANDER,4,64,0
45,36916,4142,0,38422,9575,8577,256,37,33,4100,TS_MAPWHO | TS_UNKNOWN_1000,0,PA_NONE,833,PB_POLICE,3636,847,0,0,1,TM_PERSON,29,PS_WANDER,203,TA_NORTHWEST,0,4,PU_POLICE,14251,0,0,0,0,0,0,0,0,0,0,0,0,0,38422,0,0,0,9,0,0,128,80,208,80,128,80,208,80,128,80,208,80,74,16,32,32,0,PS_NONE,29,PS_WANDER,4,128,0
46,37008,4234,0,38458,27132,1831,256,105,7,4100,TS_MAPWHO | TS_UNKNOWN_1000,0,PA_NONE,833,PB_POLICE,3618,843,0,0,1,TM_PERSON,29,PS_WANDER,59,TA_SOUTHEAST,0,4,PU_POLICE,26565,0,0,0,0,0,0,0,0,0,0,0,0,0,38458,0,0,0,0,0,0,128,80,208,80,128,80,208,80,128,80,208,80,86,16,32,32,0,PS_NONE,29,PS_WANDER,4,128,0
47,37100,4326,0,6810,14377,4078,256,56,15,4100,TS_MAPWHO | TS_UNKNOWN_1000,0,PA_NONE,833,PB_POLICE,3633,847,0,0,1,TM_PERSON,29,PS_WANDER,191,TA_NORTHWEST,0,4,PU_POLICE,15076,0,0,0,0,0,0,0,0,0,0,0,0,0,38494,0,0,0,9,0,0,128,80,208,80,128,80,208,80,128,80,208,80,50,16,32,32,0,PS_NONE,29,PS_WANDER,4,0,0
48,37192,4418,0,38530,12424,3365,256,48,13,4100,TS_MAPWHO | TS_UNKNOWN_1000,0,PA_NONE,833,PB_POLICE,3636,847,0,0,1,TM_PERSON,29,PS_WANDER,194,TA_NORTHWEST,0,4,PU_POLICE,13395,0,0,0,0,0,0,0,0,0,0,0,0,0,38530,0,0,0,9,0,0,128,80,208,80,128,80,208,80,128,80,208,80,59,16,32,32,0,PS_NONE,29,PS_WANDER,4,128,0
49,37284,4510,0,38566,15218,4602,256,59,17,4100,TS_MAPWHO | TS_UNKNOWN_1000,0,PA_NONE,833,PB_POLICE,3618,843,0,0,1,TM_PERSON,29,PS_WANDER,67,TA_SOUTHEAST,0,4,PU_POLICE,15579,0,0,0,0,0,0,0,0,0,0,0,0,0,38566,0,0,0,0,0,0,128,80,208,80,128,80,208,80,128,80,208,80,61,16,32,32,0,PS_NONE,29,PS_WANDER,4,0,0
50,37376,4602,0,38602,5812,20482,256,22,80,4100,TS_MAPWHO | TS_UNKNOWN_1000,0,PA_NONE,833,PB_POLICE,3630,846,0,0,1,TM_PERSON,29,PS_WANDER,165,TA_NORTH,0,4,PU_POLICE,22323,0,0,0,0,0,0,0,0,0,0,0,0,0,38602,0,0,0,9,0,0,128,80,208,80,128,80,208,80,128,80,208,80,99,16,32,32,0,PS_NONE,29,PS_WANDER,4,0,0
51,37468,4694,0,38638,4608,6854,256,18,26,4100,TS_MAPWHO | TS_UNKNOWN_1000,0,PA_NONE,833,PB_POLICE,3611,841,0,0,1,TM_PERSON,29,PS_WANDER,0,TA_SOUTHWEST,0,4,PU_POLICE,8055,0,0,0,0,0,0,0,0,0,0,0,0,0,38638,0,0,0,0,0,0,128,80,208,80,128,80,208,80,128,80,208,80,73,16,32,32,0,PS_NONE,29,PS_WANDER,4,0,0
52,37560,4786,0,38674,19244,12801,384,75,50,4100,TS_MAPWHO | TS_UNKNOWN_1000,0,PA_NONE,833,PB_POLICE,3618,843,0,0,1,TM_PERSON,15,PS_HUG_LEFT,63,TA_SOUTHEAST,0,4,PU_POLICE,23039,0,0,0,0,0,0,0,0,0,0,0,0,0,38674,0,0,0,6,0,0,128,80,208,80,128,80,208,80,128,80,208,80,80,23,32,32,0,PS_NONE,29,PS_WANDER,4,128,0
53,37652,4878,0,38710,29530,20416,256,115,79,4100,TS_MAPWHO | TS_UNKNOWN_1000,0,PA_NONE,833,PB_POLICE,3630,846,0,0,1,TM_PERSON,29,PS_WANDER,166,TA_NORTH,0,4,PU_POLICE,9582,0,0,0,0,0,0,0,0,0,0,0,0,0,38710,0,0,0,0,0,0,128,80,208,80,128,80,208,80,128,80,208,80,96,16,32,32,0,PS_NONE,29,PS_WANDER,4,0,0
54,37744,4970,0,18310,11515,3585,256,44,14,4100,TS_MAPWHO | TS_UNKNOWN_1000,0,PA_NONE,833,PB_POLICE,3626,845,0,0,1,TM_PERSON,29,PS_WANDER,125,TA_NORTHEAST,0,4,PU_POLICE,12203,0,0,0,0,0,0,0,0,0,0,0,0,0,38746,0,0,0,9,0,0,128,80,208,80,128,80,208,80,128,80,208,80,76,16,32,32,0,PS_NONE,29,PS_WANDER,4,64,0
55,37836,5062,0,38782,5121,4317,256,20,16,4100,TS_MAPWHO | TS_UNKNOWN_1000,0,PA_NONE,833,PB_POLICE,3627,845,0,0,1,TM_PERSON,29,PS_WANDER,128,TA_NORTHEAST,0,4,PU_POLICE,6875,0,0,0,0,0,0,0,0,0,0,0,0,0,38782,0,0,0,0,0,0,128,80,208,80,128,80,208,80,128,80,208,80,53,16,32,32,0,PS_NONE,29,PS_WANDER,4,192,0
56,37928,5154,0,38818,4819,8455,256,18,33,4100,TS_MAPWHO | TS_UNKNOWN_1000,0,PA_NONE,833,PB_POLICE,3633,847,0,0,1,TM_PERSON,29,PS_WANDER,178,TA_NORTHWEST,0,4,PU_POLICE,10677,0,0,0,0,0,0,0,0,0,0,0,0,0,38818,0,0,0,7,0,0,128,80,208,80,128,80,208,80,128,80,208,80,66,16,32,32,0,PS_NONE,29,PS_WANDER,4,128,0
57,38020,5246,0,38854,19200,2862,256,75,11,4100,TS_MAPWHO | TS_UNKNOWN_1000,0,PA_NONE,833,PB_POLICE,3610,841,0,0,1,TM_PERSON,29,PS_WANDER,255,TA_SOUTHWEST,0,4,PU_POLICE,19295,0,0,0,0,0,0,0,0,0,0,0,0,0,38854,0,0,0,0,0,0,128,80,208,80,128,80,208,80,128,80,208,80,77,16,32,32,0,PS_NONE,29,PS_WANDER,4,192,0
58,38112,5338,0,38890,25326,10581,256,98,41,4100,TS_MAPWHO | TS_UNKNOWN_1000,0,PA_NONE,833,PB_POLICE,3621,843,0,0,1,TM_PERSON,29,PS_WANDER,59,TA_SOUTHEAST,0,4,PU_POLICE,25745,0,0,0,0,0,0,0,0,0,0,0,0,0,38890,0,0,0,0,0,0,128,80,208,80,128,80,208,80,128,80,208,80,76,16,32,32,0,PS_NONE,29,PS_WANDER,4,128,0
59,38204,5430,0,16194,19387,10756,384,75,42,4100,TS_MAPWHO | TS_UNKNOWN_1000,0,PA_NONE,833,PB_POLICE,3618,843,0,0,1,TM_PERSON,29,PS_WANDER,62,TA_SOUTHEAST,0,4,PU_POLICE,21807,0,0,0,0,0,0,0,0,0,0,0,0,0,38926,0,0,0,0,0,0,128,80,208,80,128,80,208,80,128,80,208,80,68,16,32,32,0,PS_NONE,29,PS_WANDER,4,192,0
60,38296,5522,0,38962,4271,6918,256,16,27,4100,TS_MAPWHO | TS_UNKNOWN_1000,0,PA_NONE,833,PB_POLICE,3618,843,0,0,1,TM_PERSON,29,PS_WANDER,63,TA_SOUTHEAST,0,4,PU_POLICE,7826,0,0,0,0,0,0,0,0,0,0,0,0,0,38962,0,0,0,0,0,0,128,80,208,80,128,80,208,80,128,80,208,80,53,16,32,32,0,PS_NONE,29,PS_WANDER,4,128,0
61,38388,5614,0,38998,12151,2836,256,47,11,4100,TS_MAPWHO | TS_UNKNOWN_1000,0,PA_NONE,833,PB_POLICE,3637,847,0,0,1,TM_PERSON,29,PS_WANDER,193,TA_NORTHWEST,0,4,PU_POLICE,12543,0,0,0,0,0,0,0,0,0,0,0,0,0,38998,0,0,0,8,0,0,128,80,208,80,128,80,208,80,128,80,208,80,36,16,32,32,0,PS_NONE,29,PS_WANDER,2,128,0
62,38480,5706,0,39034,21491,12270,256,83,47,4100,TS_MAPWHO | TS_UNKNOWN_1000,0,PA_NONE,833,PB_POLICE,3633,847,0,0,1,TM_PERSON,29,PS_WANDER,195,TA_NORTHWEST,0,4,PU_POLICE,25894,0,0,0,0,0,0,0,0,0,0,0,0,0,39034,0,0,0,9,0,0,128,80,208,80,128,80,208,80,128,80,208,80,90,16,32,32,0,PS_NONE,29,PS_WANDER,4,0,0
63,38572,5798,0,39070,4419,14583,256,17,56,4100,TS_MAPWHO | TS_UNKNOWN_1000,0,PA_NONE,833,PB_POLICE,3618,843,0,0,1,TM_PERSON,29,PS_WANDER,63,TA_SOUTHEAST,0,4,PU_POLICE,15167,0,0,0,0,0,0,0,0,0,0,0,0,0,39070,0,0,0,0,0,0,128,80,208,80,128,80,208,80,128,80,208,80,60,16,32,32,0,PS_NONE,29,PS_WANDER,4,0,0
64,38664,5890,0,39106,11988,4061,256,46,15,4100,TS_MAPWHO | TS_UNKNOWN_1000,0,PA_NONE,833,PB_POLICE,3611,841,0,0,1,TM_PERSON,29,PS_WANDER,0,TA_SOUTHWEST,0,4,PU_POLICE,12503,0,0,0,0,0,0,0,0,0,0,0,0,0,39106,0,0,0,0,0,0,128,80,208,80,128,80,208,80,128,80,208,80,35,16,32,32,0,PS_NONE,29,PS_WANDER,4,64,0
65,38756,5982,0,39142,10433,3348,256,40,13,4100,TS_MAPWHO | TS_UNKNOWN_1000,0,PA_NONE,833,PB_POLICE,3620,843,0,0,1,TM_PERSON,29,PS_WANDER,63,TA_SOUTHEAST,0,4,PU_POLICE,10539,0,0,0,0,0,0,0,0,0,0,0,0,0,39142,0,0,0,0,0,0,128,80,208,80,128,80,208,80,128,80,208,80,76,16,32,32,0,PS_NONE,29,PS_WANDER,4,128,0
66,38848,6074,0,39178,20244,11391,256,79,44,4100,TS_MAPWHO | TS_UNKNOWN_1000,0,PA_NONE,833,PB_POLICE,3637,847,0,0,1,TM_PERSON,29,PS_WANDER,200,TA_NORTHWEST,0,4,PU_POLICE,24384,0,0,0,0,0,0,0,0,0,0,0,0,0,39178,0,0,0,9,0,0,128,80,208,80,128,80,208,80,128,80,208,80,73,16,32,32,0,PS_NONE,29,PS_WANDER,4,128,0
67,38940,6166,0,39214,4177,10630,256,16,41,4100,TS_MAPWHO | TS_UNKNOWN_1000,0,PA_NONE,833,PB_POLICE,3627,845,0,0,1,TM_PERSON,29,PS_WANDER,124,TA_NORTHEAST,0,4,PU_POLICE,13251,0,0,0,0,0,0,0,0,0,0,0,0,0,39214,0,0,0,7,0,0,128,80,208,80,128,80,208,80,128,80,208,80,58,16,32,32,0,PS_NONE,29,PS_WANDER,4,192,0
68,39032,6258,0,15458,19132,16361,384,74,63,4100,TS_MAPWHO | TS_UNKNOWN_1000,0,PA_NONE,833,PB_POLICE,3637,847,0,0,1,TM_PERSON,29,PS_WANDER,187,TA_NORTHWEST,0,4,PU_POLICE,25466,0,0,0,0,0,0,0,0,0,0,0,0,0,39250,0,0,0,9,0,0,128,80,208,80,128,80,208,80,128,80,208,80,77,16,32,32,0,PS_NONE,29,PS_WANDER,4,0,0
69,39124,6350,0,39286,24260,10070,256,94,39,4100,TS_MAPWHO | TS_UNKNOWN_1000,0,PA_NONE,833,PB_POLICE,3621,843,0,0,1,TM_PERSON,29,PS_WANDER,59,TA_SOUTHEAST,0,4,PU_POLICE,23437,0,0,0,0,0,0,0,0,0,0,0,0,0,39286,0,0,0,0,0,0,128,80,208,80,128,80,208,80,128,80,208,80,75,16,32,32,0,PS_NONE,29,PS_WANDER,4,128,0
70,39216,6442,0,6902,27124,5778,256,105,22,4100,TS_MAPWHO | TS_UNKNOWN_1000,0,PA_NONE,833,PB_POLICE,3627,845,0,0,1,TM_PERSON,29,PS_WANDER,133,TA_NORTHEAST,0,4,PU_POLICE,27859,0,0,0,0,0,0,0,0,0,0,0,0,0,39322,0,0,0,9,0,0,128,80,208,80,128,80,208,80,128,80,208,80,57,16,32,32,0,PS_NONE,29,PS_WANDER,4,64,0
71,39308,6534,0,39358,9531,21968,256,37,85,4100,TS_MAPWHO | TS_UNKNOWN_1000,0,PA_NONE,833,PB_POLICE,3627,845,0,0,1,TM_PERSON,29,PS_WANDER,131,TA_NORTHEAST,0,4,PU_POLICE,10382,0,0,0,0,0,0,0,0,0,0,0,0,0,39358,0,0,0,8,0,0,128,80,208,80,128,80,208,80,128,80,208,80,97,16,32,32,0,PS_NONE,29,PS_WANDER,4,64,0
72,39400,6626,0,39394,19007,10752,384,74,42,4100,TS_MAPWHO | TS_UNKNOWN_1000,0,PA_NONE,833,PB_POLICE,3635,847,0,0,1,TM_PERSON,14,PS_HUG_RIGHT,192,TA_NORTHWEST,0,4,PU_POLICE,21877,0,0,0,0,0,0,0,0,0,0,0,0,0,39394,0,0,0,8,0,0,128,80,208,80,128,80,208,80,128,80,208,80,63,23,32,32,0,PS_NONE,29,PS_WANDER,4,128,0
73,39492,6718,0,39430,22077,2223,256,86,8,4100,TS_MAPWHO | TS_UNKNOWN_1000,0,PA_NONE,833,PB_POLICE,3626,845,0,0,1,TM_PERSON,29,PS_WANDER,124,TA_NORTHEAST,0,4,PU_POLICE,22716,0,0,0,0,0,0,0,0,0,0,0,0,0,39430,0,0,0,0,0,0,128,80,208,80,128,80,208,80,128,80,208,80,85,16,32,32,0,PS_NONE,29,PS_WANDER,4,64,0
74,39584,6810,4326,38494,14566,3853,256,56,15,4100,TS_MAPWHO | TS_UNKNOWN_1000,0,PA_NONE,833,PB_POLICE,3613,841,0,0,1,TM_PERSON,29,PS_WANDER,253,TA_SOUTHWEST,0,4,PU_POLICE,14970,0,0,0,0,0,0,0,0,0,0,0,0,0,39466,0,0,0,0,0,0,128,80,208,80,128,80,208,80,128,80,208,80,32,16,32,32,0,PS_NONE,29,PS_WANDER,4,64,0
75,39676,6902,6442,39322,27077,5846,256,105,22,4100,TS_MAPWHO | TS_UNKNOWN_1000,0,PA_NONE,833,PB_POLICE,3612,841,0,0,1,TM_PERSON,29,PS_WANDER,252,TA_SOUTHWEST,0,4,PU_POLICE,27643,0,0,0,0,0,0,0,0,0,0,0,0,0,39502,0,0,0,0,0,0,128,80,208,80,128,80,208,80,128,80,208,80,67,16,32,32,0,PS_NONE,29,PS_WANDER,4,64,0
76,39768,6994,0,39538,14867,4077,256,58,15,4100,TS_MAPWHO | TS_UNKNOWN_1000,0,PA_NONE,833,PB_POLICE,3612,841,0,0,1,TM_PERSON,14,PS_HUG_RIGHT,255,TA_SOUTHWEST,0,4,PU_POLICE,15380,0,0,0,0,0,0,0,0,0,0,0,0,0,39538,0,0,0,6,0,0,128,80,208,80,128,80,208,80,128,80,208,80,77,23,32,32,0,PS_NONE,29,PS_WANDER,4,192,0
77,39860,7086,0,39574,10367,7402,256,40,28,4100,TS_MAPWHO | TS_UNKNOWN_1000,0,PA_NONE,833,PB_POLICE,3619,843,0,0,1,TM_PERSON,29,PS_WANDER,70,TA_SOUTHEAST,0,4,PU_POLICE,12055,0,0,0,0,0,0,0,0,0,0,0,0,0,39574,0,0,0,0,0,0,128,80,208,80,128,80,208,80,128,80,208,80,64,16,32,32,0,PS_NONE,29,PS_WANDER,4,0,0
78,39952,7178,0,39610,30556,2616,256,119,10,4100,TS_MAPWHO | TS_UNKNOWN_1000,0,PA_NONE,833,PB_POLICE,3629,845,0,0,1,TM_PERSON,29,PS_WANDER,134,TA_NORTHEAST,0,4,PU_POLICE,6519,0,0,0,0,0,0,0,0,0,0,0,0,0,39610,0,0,0,0,0,0,128,80,208,80,128,80,208,80,128,80,208,80,94,16,32,32,0,PS_NONE,29,PS_WANDER,4,64,0
79,40044,7270,0,39646,3330,7039,256,13,27,4100,TS_MAPWHO | TS_UNKNOWN_1000,0,PA_NONE,833,PB_POLICE,3610,841,0,0,1,TM_PERSON,14,PS_HUG_RIGHT,0,TA_SOUTHWEST,0,4,PU_POLICE,7683,0,0,0,0,0,0,0,0,0,0,0,0,0,39646,0,0,0,5,0,0,128,80,208,80,128,80,208,80,128,80,208,80,68,23,32,32,0,PS_NONE,29,PS_WANDER,4,128,0
80,40136,7362,0,39682,12322,18246,256,48,71,4100,TS_MAPWHO | TS_UNKNOWN_1000,0,PA_NONE,833,PB_POLICE,3635,847,0,0,1,TM_PERSON,29,PS_WANDER,198,TA_NORTHWEST,0,4,PU_POLICE,22653,0,0,0,0,0,0,0,0,0,0,0,0,0,39682,0,0,0,7,0,0,128,80,208,80,128,80,208,80,128,80,208,80,107,16,32,32,0,PS_NONE,29,PS_WANDER,4,128,0
81,40228,7454,0,39718,6153,13220,256,24,51,4100,TS_MAPWHO | TS_UNKNOWN_1000,0,PA_NONE,833,PB_POLICE,3629,845,0,0,1,TM_PERSON,29,PS_WANDER,128,TA_NORTHEAST,0,4,PU_POLICE,14631,0,0,0,0,0,0,0,0,0,0,0,0,0,39718,0,0,0,9,0,0,128,80,208,80,128,80,208,80,128,80,208,80,68,16,32,32,0,PS_NONE,29,PS_WANDER,4,192,0
82,40320,7546,0,39754,13320,12032,256,52,47,4100,TS_MAPWHO | TS_UNKNOWN_1000,0,PA_NONE,833,PB_POLICE,3633,847,0,0,1,TM_PERSON,29,PS_WANDER,193,TA_NORTHWEST,0,4,PU_POLICE,17966,0,0,0,0,0,0,0,0,0,0,0,0,0,39754,0,0,0,9,0,0,128,80,208,80,128,80,208,80,128,80,208,80,58,23,32,32,0,PS_NONE,29,PS_WANDER,4,128,0
83,40412,7638,0,39790,21899,15413,256,85,60,4100,TS_MAPWHO | TS_UNKNOWN_1000,0,PA_NONE,833,PB_POLICE,3629,845,0,0,1,TM_PERSON,29,PS_WANDER,132,TA_NORTHEAST,0,4,PU_POLICE,27767,0,0,0,0,0,0,0,0,0,0,0,0,0,39790,0,0,0,0,0,0,128,80,208,80,128,80,208,80,128,80,208,80,63,16,32,32,0,PS_NONE,29,PS_WANDER,4,64,0
84,40504,7730,0,39826,4135,11892,256,16,46,4100,TS_MAPWHO | TS_UNKNOWN_1000,0,PA_NONE,833,PB_POLICE,3610,841,0,0,1,TM_PERSON,29,PS_WANDER,4,TA_SOUTHWEST,0,4,PU_POLICE,11729,0,0,0,0,0,0,0,0,0,0,0,0,0,39826,0,0,0,0,0,0,128,80,208,80,128,80,208,80,128,80,208,80,59,16,32,32,0,PS_NONE,29,PS_WANDER,4,192,0
85,40596,7822,0,39862,4837,17151,256,18,66,4100,TS_MAPWHO | TS_UNKNOWN_1000,0,PA_NONE,833,PB_POLICE,3633,847,0,0,1,TM_PERSON,15,PS_HUG_LEFT,192,TA_NORTHWEST,0,4,PU_POLICE,17820,0,0,0,0,0,0,0,0,0,0,0,0,0,39862,0,0,0,10,0,0,128,80,208,80,128,80,208,80,128,80,208,80,72,23,32,32,0,PS_NONE,29,PS_WANDER,4,0,0
86,40688,7914,0,13066,4606,9429,256,17,36,4100,TS_MAPWHO | TS_UNKNOWN_1000,0,PA_NONE,833,PB_POLICE,3633,847,0,0,1,TM_PERSON,29,PS_WANDER,186,TA_NORTHWEST,0,4,PU_POLICE,10760,0,0,0,0,0,0,0,0,0,0,0,0,0,39898,0,0,0,0,0,0,128,80,208,80,128,80,208,80,128,80,208,80,61,16,32,32,0,PS_NONE,29,PS_WANDER,4,0,0
87,40780,8006,0,0,19312,14869,384,75,58,4100,TS_MAPWHO | TS_UNKNOWN_1000,0,PA_NONE,626,PB_WOMAN_BLONDE,477,636,0,0,1,TM_PERSON,15,PS_HUG_LEFT,65,TA_SOUTHEAST,0,1,PU_CIVILIAN,24342,0,0,0,0,0,0,0,0,0,0,0,0,0,0,0,0,0,8,0,0,128,80,208,80,128,80,208,80,128,80,208,80,88,23,32,32,0,PS_NONE,29,PS_WANDER,2,128,0
88,40872,8098,0,0,25202,11172,256,98,43,4100,TS_MAPWHO | TS_UNKNOWN_1000,0,PA_NONE,626,PB_WOMAN_BLONDE,499,641,0,0,1,TM_PERSON,29,PS_WANDER,238,TA_WEST,0,1,PU_CIVILIAN,27080,0,0,0,0,0,0,0,0,0,0,0,0,0,0,0,0,0,0,0,0,128,80,208,80,128,80,208,80,128,80,208,80,88,16,32,32,0,PS_NONE,29,PS_WANDER,4,128,0
89,40964,8190,0,0,15582,17168,640,60,67,4100,TS_MAPWHO | TS_UNKNOWN_1000,0,PA_NONE,626,PB_WOMAN_BLONDE,481,636,0,0,1,TM_PERSON,29,PS_WANDER,75,TA_SOUTHEAST,0,1,PU_CIVILIAN,22692,0,0,0,0,0,0,0,0,0,0,0,0,0,0,0,0,0,0,0,0,128,80,208,80,128,80,208,80,128,80,208,80,84,16,32,32,0,PS_NONE,29,PS_WANDER,4,0,0
90,41056,8282,0,0,22987,4309,256,89,16,4100,TS_MAPWHO | TS_UNKNOWN_1000,0,PA_NONE,626,PB_WOMAN_BLONDE,477,636,0,0,1,TM_PERSON,29,PS_WANDER,73,TA_SOUTHEAST,0,1,PU_CIVILIAN,22912,0,0,0,0,0,0,0,0,0,0,0,0,0,0,0,0,0,0,0,0,128,80,208,80,128,80,208,80,128,80,208,80,68,16,32,32,0,PS_NONE,29,PS_WANDER,3,192,0
91,41148,8374,0,0,8073,8441,256,31,32,4100,TS_MAPWHO | TS_UNKNOWN_1000,0,PA_NONE,626,PB_WOMAN_BLONDE,481,636,0,0,1,TM_PERSON,29,PS_WANDER,52,TA_SOUTHEAST,0,1,PU_CIVILIAN,10093,0,0,0,0,0,0,0,0,0,0,0,0,0,0,0,0,0,0,0,0,128,80,208,80,128,80,208,80,128,80,208,80,55,16,32,32,0,PS_NONE,29,PS_WANDER,4,128,0
92,41240,8466,0,0,27116,8766,256,105,34,4100,TS_MAPWHO | TS_UNKNOWN_1000,0,PA_NONE,626,PB_WOMAN_BLONDE,467,634,0,0,1,TM_PERSON,29,PS_WANDER,255,TA_SOUTHWEST,0,1,PU_CIVILIAN,28431,0,0,0,0,0,0,0,0,0,0,0,0,0,0,0,0,0,0,0,0,128,80,208,80,128,80,208,80,128,80,208,80,80,16,32,32,0,PS_NONE,29,PS_WANDER,4,64,0
93,41332,8558,0,0,6645,4195,256,25,16,4100,TS_MAPWHO | TS_UNKNOWN_1000,0,PA_NONE,626,PB_WOMAN_BLONDE,470,634,0,0,1,TM_PERSON,29,PS_WANDER,1,TA_SOUTHWEST,0,1,PU_CIVILIAN,7716,0,0,0,0,0,0,0,0,0,0,0,0,0,0,0,0,0,0,0,0,128,80,208,80,128,80,208,80,128,80,208,80,90,16,32,32,0,PS_NONE,29,PS_WANDER,4,64,0
94,41424,8650,0,0,3334,7896,256,13,30,4100,TS_MAPWHO | TS_UNKNOWN_1000,0,PA_NONE,626,PB_WOMAN_BLONDE,467,634,0,0,1,TM_PERSON,29,PS_WANDER,2,TA_SOUTHWEST,0,1,PU_CIVILIAN,8221,0,0,0,0,0,0,0,0,0,0,0,0,0,0,0,0,0,0,0,0,128,80,208,80,128,80,208,80,128,80,208,80,55,16,32,32,0,PS_NONE,29,PS_WANDER,4,192,0
95,41516,8742,0,13526,4350,9525,256,16,37,4100,TS_MAPWHO | TS_UNKNOWN_1000,0,PA_NONE,626,PB_WOMAN_BLONDE,488,638,0,0,1,TM_PERSON,29,PS_WANDER,127,TA_NORTHEAST,0,1,PU_CIVILIAN,10627,0,0,0,0,0,0,0,0,0,0,0,0,0,0,0,0,0,0,0,0,128,80,208,80,128,80,208,80,128,80,208,80,71,16,32,32,0,PS_NONE,29,PS_WANDER,4,0,0
96,41608,8834,0,11042,19172,12285,384,74,47,4100,TS_MAPWHO | TS_UNKNOWN_1000,0,PA_NONE,1123,PB_WOMAN_REDHEAD,513,1133,0,0,1,TM_PERSON,14,PS_HUG_RIGHT,64,TA_SOUTHEAST,0,1,PU_CIVILIAN,22654,0,0,0,0,0,0,0,0,0,0,0,0,0,0,0,0,0,4,0,0,128,80,208,80,128,80,208,80,128,80,208,80,68,23,32,32,0,PS_NONE,29,PS_WANDER,4,0,0
97,41700,8926,0,0,14366,3328,256,56,13,4100,TS_MAPWHO | TS_UNKNOWN_1000,0,PA_NONE,1123,PB_WOMAN_REDHEAD,511,1133,0,0,1,TM_PERSON,15,PS_HUG_LEFT,63,TA_SOUTHEAST,0,1,PU_CIVILIAN,14617,0,0,0,0,0,0,0,0,0,0,0,0,0,0,0,0,0,4,0,0,128,80,208,80,128,80,208,80,128,80,208,80,55,23,32,32,0,PS_NONE,29,PS_WANDER,4,128,0
98,41792,9018,4050,38386,27133,2766,256,105,10,4100,TS_MAPWHO | TS_UNKNOWN_1000,0,PA_NONE,1123,PB_WOMAN_REDHEAD,4776,1131,0,0,1,TM_PERSON,29,PS_WANDER,3,TA_SOUTHWEST,0,1,PU_CIVILIAN,27205,0,0,0,0,0,0,0,0,0,0,0,0,0,0,0,0,0,0,0,0,128,80,208,80,128,80,208,80,128,80,208,80,73,16,32,32,0,PS_NONE,29,PS_WANDER,4,64,0
99,41884,9110,0,0,19932,13063,384,77,51,4100,TS_MAPWHO | TS_UNKNOWN_1000,0,PA_NONE,1123,PB_WOMAN_REDHEAD,527,1137,0,0,1,TM_PERSON,29,PS_WANDER,194,TA_NORTHWEST,0,1,PU_CIVILIAN,23902,0,0,0,0,0,0,0,0,0,0,0,0,0,0,0,0,0,0,0,0,128,80,208,80,128,80,208,80,128,80,208,80,59,16,32,32,0,PS_NONE,29,PS_WANDER,4,0,0
100,41976,9202,0,0,4154,11725,256,16,45,4100,TS_MAPWHO | TS_UNKNOWN_1000,0,PA_NONE,1123,PB_WOMAN_REDHEAD,520,1135,0,0,1,TM_PERSON,29,PS_WANDER,142,TA_NORTHEAST,0,1,PU_CIVILIAN,15412,0,0,0,0,0,0,0,0,0,0,0,0,0,0,0,0,0,9,0,0,128,80,208,80,128,80,208,80,128,80,208,80,51,16,32,32,0,PS_NONE,29,PS_WANDER,4,192,0
101,42068,9294,0,0,21262,4274,256,83,16,4100,TS_MAPWHO | TS_UNKNOWN_1000,0,PA_NONE,1123,PB_WOMAN_REDHEAD,512,1133,0,0,1,TM_PERSON,29,PS_WANDER,69,TA_SOUTHEAST,0,1,PU_CIVILIAN,20355,0,0,0,0,0,0,0,0,0,0,0,0,0,0,0,0,0,0,0,0,128,80,208,80,128,80,208,80,128,80,208,80,57,16,32,32,0,PS_NONE,29,PS_WANDER,4,128,0
102,42160,9386,0,0,18950,11518,384,74,44,4100,TS_MAPWHO | TS_UNKNOWN_1000,0,PA_NONE,1123,PB_WOMAN_REDHEAD,4776,1131,0,0,1,TM_PERSON,29,PS_WANDER,5,TA_SOUTHWEST,0,1,PU_CIVILIAN,21992,0,0,0,0,0,0,0,0,0,0,0,0,0,0,0,0,0,0,0,0,128,80,208,80,128,80,208,80,128,80,208,80,46,16,32,32,0,PS_NONE,29,PS_WANDER,4,192,0
103,42252,9478,3314,0,19212,3575,256,75,13,4100,TS_MAPWHO | TS_UNKNOWN_1000,0,PA_NONE,1123,PB_WOMAN_REDHEAD,529,1137,0,0,1,TM_PERSON,15,PS_HUG_LEFT,192,TA_NORTHWEST,0,1,PU_CIVILIAN,19609,0,0,0,0,0,0,0,0,0,0,0,0,0,0,0,0,0,7,0,0,128,80,208,80,128,80,208,80,128,80,208,80,77,23,32,32,0,PS_NONE,29,PS_WANDER,4,0,0
104,42344,9570,0,0,25736,12266,256,100,47,4100,TS_MAPWHO | TS_UNKNOWN_1000,0,PA_NONE,1123,PB_WOMAN_REDHEAD,513,1133,0,0,1,TM_PERSON,29,PS_WANDER,66,TA_SOUTHEAST,0,1,PU_CIVILIAN,28157,0,0,0,0,0,0,0,0,0,0,0,0,0,0,0,0,0,0,0,0,128,80,208,80,128,80,208,80,128,80,208,80,72,16,32,32,0,PS_NONE,29,PS_WANDER,4,0,0
105,42436,9662,0,11778,22265,4241,256,86,16,4100,TS_MAPWHO | TS_UNKNOWN_1000,0,PA_NONE,1123,PB_WOMAN_REDHEAD,519,1135,0,0,1,TM_PERSON,29,PS_WANDER,127,TA_NORTHEAST,0,1,PU_CIVILIAN,22702,0,0,0,0,0,0,0,0,0,0,0,0,0,0,0,0,0,9,0,0,128,80,208,80,128,80,208,80,128,80,208,80,98,16,32,32,0,PS_NONE,29,PS_WANDER,4,64,0
106,42528,9754,0,0,20033,10778,256,78,42,4100,TS_MAPWHO | TS_UNKNOWN_1000,0,PA_NONE,1123,PB_WOMAN_REDHEAD,4776,1131,0,0,1,TM_PERSON,29,PS_WANDER,6,TA_SOUTHWEST,0,1,PU_CIVILIAN,22083,0,0,0,0,0,0,0,0,0,0,0,0,0,0,0,0,0,0,0,0,128,80,208,80,128,80,208,80,128,80,208,80,51,16,32,32,0,PS_NONE,29,PS_WANDER,4,128,0
107,42620,9846,0,0,20522,11330,256,80,44,4100,TS_MAPWHO | TS_UNKNOWN_1000,0,PA_NONE,1123,PB_WOMAN_REDHEAD,530,1137,0,0,1,TM_PERSON,29,PS_WANDER,183,TA_NORTHWEST,0,1,PU_CIVILIAN,27235,0,0,0,0,0,0,0,0,0,0,0,0,0,0,0,0,0,0,0,0,128,80,208,80,128,80,208,80,128,80,208,80,64,16,32,32,0,PS_NONE,29,PS_WANDER,4,0,0
108,42712,9938,0,0,18698,17459,256,73,68,4100,TS_MAPWHO | TS_UNKNOWN_1000,0,PA_NONE,1123,PB_WOMAN_REDHEAD,527,1137,0,0,1,TM_PERSON,29,PS_WANDER,193,TA_NORTHWEST,0,1,PU_CIVILIAN,27785,0,0,0,0,0,0,0,0,0,0,0,0,0,0,0,0,0,9,0,0,128,80,208,80,128,80,208,80,128,80,208,80,52,16,32,32,0,PS_NONE,29,PS_WANDER,4,0,0
109,42804,10030,0,0,16174,7389,256,63,28,4100,TS_MAPWHO | TS_UNKNOWN_1000,0,PA_NONE,1330,PB_MAN_SUIT,5963,1344,0,0,1,TM_PERSON,29,PS_WANDER,192,TA_NORTHWEST,0,1,PU_CIVILIAN,19164,0,0,0,0,0,0,0,0,0,0,0,0,0,0,0,0,0,9,0,0,128,80,208,80,128,80,208,80,128,80,208,80,78,16,32,32,0,PS_NONE,29,PS_WANDER,4,0,0
110,42896,10122,0,0,21973,16057,256,85,62,4100,TS_MAPWHO | TS_UNKNOWN_1000,0,PA_NONE,1330,PB_MAN_SUIT,5961,1338,0,0,1,TM_PERSON,29,PS_WANDER,251,TA_SOUTHWEST,0,1,PU_CIVILIAN,26899,0,0,0,0,0,0,0,0,0,0,0,0,0,0,0,0,0,0,0,0,128,80,208,80,128,80,208,80,128,80,208,80,49,16,32,32,0,PS_NONE,29,PS_WANDER,4,64,0
111,42988,10214,0,0,25872,1812,256,101,7,4100,TS_MAPWHO | TS_UNKNOWN_1000,0,PA_NONE,1330,PB_MAN_SUIT,5963,1344,0,0,1,TM_PERSON,29,PS_WANDER,193,TA_NORTHWEST,0,1,PU_CIVILIAN,26324,0,0,0,0,0,0,0,0,0,0,0,0,0,0,0,0,0,9,0,0,128,80,208,80,128,80,208,80,128,80,208,80,78,16,32,32,0,PS_NONE,29,PS_WANDER,4,128,0
112,43080,10306,0,0,17283,15109,642,67,59,4100,TS_MAPWHO | TS_UNKNOWN_1000,0,PA_NONE,1330,PB_MAN_SUIT,5965,1344,0,0,1,TM_PERSON,29,PS_WANDER,193,TA_NORTHWEST,0,1,PU_CIVILIAN,23245,0,0,0,0,0,0,0,0,0,0,0,0,0,0,0,0,0,9,0,0,128,80,208,80,128,80,208,80,128,80,208,80,41,16,32,32,0,PS_NONE,29,PS_WANDER,3,64,0
113,43172,10398,0,0,19603,12803,384,76,50,4100,TS_MAPWHO | TS_UNKNOWN_1000,0,PA_NONE,1330,PB_MAN_SUIT,578,1340,0,0,1,TM_PERSON,29,PS_WANDER,63,TA_SOUTHEAST,0,1,PU_CIVILIAN,23011,0,0,0,0,0,0,0,0,0,0,0,0,0,0,0,0,0,0,0,0,128,80,208,80,128,80,208,80,128,80,208,80,64,16,32,32,0,PS_NONE,29,PS_WANDER,4,128,0
114,43264,10490,0,0,20082,11262,326,78,43,4100,TS_MAPWHO | TS_UNKNOWN_1000,0,PA_NONE,1330,PB_MAN_SUIT,5964,1344,0,0,1,TM_PERSON,29,PS_WANDER,194,TA_NORTHWEST,0,1,PU_CIVILIAN,23416,0,0,0,0,0,0,0,0,0,0,0,0,0,0,0,0,0,0,0,0,128,80,208,80,128,80,208,80,128,80,208,80,51,16,32,32,0,PS_NONE,29,PS_WANDER,4,128,0
115,43356,10582,0,0,4632,15275,256,18,59,4100,TS_MAPWHO | TS_UNKNOWN_1000,0,PA_NONE,1330,PB_MAN_SUIT,587,1343,0,0,1,TM_PERSON,29,PS_WANDER,144,TA_NORTH,0,1,PU_CIVILIAN,18052,0,0,0,0,0,0,0,0,0,0,0,0,0,0,0,0,0,8,0,0,128,80,208,80,128,80,208,80,128,80,208,80,69,16,32,32,0,PS_NONE,29,PS_WANDER,2,192,0
116,43448,10674,0,0,21110,16046,256,82,62,4100,TS_MAPWHO | TS_UNKNOWN_1000,0,PA_NONE,1330,PB_MAN_SUIT,5960,1338,0,0,1,TM_PERSON,29,PS_WANDER,248,TA_SOUTHWEST,0,1,PU_CIVILIAN,25313,0,0,0,0,0,0,0,0,0,0,0,0,0,0,0,0,0,0,0,0,128,80,208,80,128,80,208,80,128,80,208,80,82,16,32,32,0,PS_NONE,29,PS_WANDER,4,64,0
117,43540,10766,0,16746,27118,6898,256,105,26,4100,TS_MAPWHO | TS_UNKNOWN_1000,0,PA_NONE,1330,PB_MAN_SUIT,586,1342,0,0,1,TM_PERSON,29,PS_WANDER,119,TA_NORTHEAST,0,1,PU_CIVILIAN,28786,0,0,0,0,0,0,0,0,0,0,0,0,0,0,0,0,0,9,0,0,128,80,208,80,128,80,208,80,128,80,208,80,61,16,32,32,0,PS_NONE,29,PS_WANDER,4,64,0
118,43632,10858,0,0,21752,12149,256,84,47,4100,TS_MAPWHO | TS_UNKNOWN_1000,0,PA_NONE,1330,PB_MAN_SUIT,5965,1344,0,0,1,TM_PERSON,29,PS_WANDER,202,TA_NORTHWEST,0,1,PU_CIVILIAN,27189,0,0,0,0,0,0,0,0,0,0,0,0,0,0,0,0,0,9,0,0,128,80,208,80,128,80,208,80,128,80,208,80,75,16,32,32,0,PS_NONE,29,PS_WANDER,4,0,0
119,43724,10950,0,0,20037,11711,256,78,45,4100,TS_MAPWHO | TS_UNKNOWN_1000,0,PA_NONE,1330,PB_MAN_SUIT,587,1343,0,0,1,TM_PERSON,29,PS_WANDER,153,TA_NORTH,0,1,PU_CIVILIAN,28139,0,0,0,0,0,0,0,0,0,0,0,0,0,0,0,0,0,9,0,0,128,80,208,80,128,80,208,80,128,80,208,80,64,16,32,32,0,PS_NONE,29,PS_WANDER,4,64,0
120,43816,11042,8834,15550,18950,12205,384,74,47,4100,TS_MAPWHO | TS_UNKNOWN_1000,0,PA_NONE,1330,PB_MAN_SUIT,583,1342,0,0,1,TM_PERSON,29,PS_WANDER,131,TA_NORTHEAST,0,1,PU_CIVILIAN,22582,0,0,0,0,0,0,0,0,0,0,0,0,0,0,0,0,0,9,0,0,128,80,208,80,128,80,208,80,128,80,208,80,61,16,32,32,0,PS_NONE,29,PS_WANDER,4,192,0
121,43908,11134,0,0,26856,9679,256,104,37,4100,TS_MAPWHO | TS_UNKNOWN_1000,0,PA_NONE,1744,PB_MAN_JACKET,280,1756,0,0,1,TM_PERSON,29,PS_WANDER,140,TA_NORTHEAST,0,1,PU_CIVILIAN,29506,0,0,0,0,0,0,0,0,0,0,0,0,0,0,0,0,0,9,0,0,128,80,208,80,128,80,208,80,128,80,208,80,88,16,32,32,0,PS_NONE,29,PS_WANDER,4,64,0
122,44000,11226,0,0,15124,16272,640,59,63,4100,TS_MAPWHO | TS_UNKNOWN_1000,0,PA_NONE,1744,PB_MAN_JACKET,279,1756,0,0,1,TM_PERSON,29,PS_WANDER,126,TA_NORTHEAST,0,1,PU_CIVILIAN,22543,0,0,0,0,0,0,0,0,0,0,0,0,0,0,0,0,0,9,0,0,128,80,208,80,128,80,208,80,128,80,208,80,71,16,32,32,0,PS_NONE,29,PS_WANDER,4,192,0
123,44092,11318,0,0,6636,3606,256,25,14,4100,TS_MAPWHO | TS_UNKNOWN_1000,0,PA_NONE,1744,PB_MAN_JACKET,266,1752,0,0,1,TM_PERSON,29,PS_WANDER,2,TA_SOUTHWEST,0,1,PU_CIVILIAN,7331,0,0,0,0,0,0,0,0,0,0,0,0,0,0,0,0,0,0,0,0,128,80,208,80,128,80,208,80,128,80,208,80,66,16,32,32,0,PS_NONE,29,PS_WANDER,4,128,0
124,44184,11410,0,0,25599,2133,256,99,8,4100,TS_MAPWHO | TS_UNKNOWN_1000,0,PA_NONE,1744,PB_MAN_JACKET,289,1758,0,0,1,TM_PERSON,29,PS_WANDER,182,TA_NORTHWEST,0,1,PU_CIVILIAN,26860,0,0,0,0,0,0,0,0,0,0,0,0,0,0,0,0,0,4,0,0,128,80,208,80,128,80,208,80,128,80,208,80,76,16,32,32,0,PS_NONE,29,PS_WANDER,4,128,0
125,44276,11502,0,0,11084,17666,256,43,69,4100,TS_MAPWHO | TS_UNKNOWN_1000,0,PA_NONE,1744,PB_MAN_JACKET,272,1754,0,0,1,TM_PERSON,29,PS_WANDER,64,TA_SOUTHEAST,0,1,PU_CIVILIAN,20746,0,0,0,0,0,0,0,0,0,0,0,0,0,0,0,0,0,0,0,0,128,80,208,80,128,80,208,80,128,80,208,80,80,23,32,32,0,PS_NONE,29,PS_WANDER,4,128,0
126,44368,11594,0,0,4603,13031,256,17,50,4100,TS_MAPWHO | TS_UNKNOWN_1000,0,PA_NONE,1744,PB_MAN_JACKET,266,1752,0,0,1,TM_PERSON,29,PS_WANDER,9,TA_SOUTHWEST,0,1,PU_CIVILIAN,11998,0,0,0,0,0,0,0,0,0,0,0,0,0,0,0,0,0,0,0,0,128,80,208,80,128,80,208,80,128,80,208,80,67,16,32,32,0,PS_NONE,29,PS_WANDER,4,64,0
127,44460,11686,0,0,4096,10133,256,16,39,4100,TS_MAPWHO | TS_UNKNOWN_1000,0,PA_NONE,1744,PB_MAN_JACKET,282,1756,0,0,1,TM_PERSON,29,PS_WANDER,128,TA_NORTHEAST,0,1,PU_CIVILIAN,11211,0,0,0,0,0,0,0,0,0,0,0,0,0,0,0,0,0,1,0,0,128,80,208,80,128,80,208,80,128,80,208,80,67,16,32,32,0,PS_NONE,29,PS_WANDER,4,192,0
128,44552,11778,9662,0,22261,4127,256,86,16,4100,TS_MAPWHO | TS_UNKNOWN_1000,0,PA_NONE,1744,PB_MAN_JACKET,280,1756,0,0,1,TM_PERSON,29,PS_WANDER,124,TA_NORTHEAST,0,1,PU_CIVILIAN,22714,0,0,0,0,0,0,0,0,0,0,0,0,0,0,0,0,0,9,0,0,128,80,208,80,128,80,208,80,128,80,208,80,63,16,32,32,0,PS_NONE,29,PS_WANDER,4,64,0
129,44644,11870,0,0,5102,15397,256,19,60,4100,TS_MAPWHO | TS_UNKNOWN_1000,0,PA_NONE,1744,PB_MAN_JACKET,238,1752,0,0,1,TM_PERSON,15,PS_HUG_LEFT,255,TA_SOUTHWEST,0,1,PU_CIVILIAN,16055,0,0,0,0,0,0,0,0,0,0,0,0,0,0,0,0,0,2,0,0,128,80,208,80,128,80,208,80,128,80,208,80,55,23,32,32,0,PS_NONE,29,PS_WANDER,4,64,0
130,44736,11962,0,0,22527,5320,256,87,20,4100,TS_MAPWHO | TS_UNKNOWN_1000,0,PA_NONE,1744,PB_MAN_JACKET,279,1756,0,0,1,TM_PERSON,14,PS_HUG_RIGHT,128,TA_NORTHEAST,0,1,PU_CIVILIAN,23167,0,0,0,0,0,0,0,0,0,0,0,0,0,0,0,0,0,6,0,0,128,80,208,80,128,80,208,80,128,80,208,80,54,23,32,32,0,PS_NONE,29,PS_WANDER,4,64,0
131,44828,12054,0,0,22454,11783,256,87,46,4100,TS_MAPWHO | TS_UNKNOWN_1000,0,PA_NONE,1744,PB_MAN_JACKET,274,1754,0,0,1,TM_PERSON,29,PS_WANDER,57,TA_SOUTHEAST,0,1,PU_CIVILIAN,22930,0,0,0,0,0,0,0,0,0,0,0,0,0,0,0,0,0,0,0,0,128,80,208,80,128,80,208,80,128,80,208,80,77,16,32,32,0,PS_NONE,29,PS_WANDER,4,128,0
132,44920,12146,0,0,17494,7398,256,68,28,4100,TS_MAPWHO | TS_UNKNOWN_1000,0,PA_NONE,1744,PB_MAN_JACKET,273,1754,0,0,1,TM_PERSON,29,PS_WANDER,68,TA_SOUTHEAST,0,1,PU_CIVILIAN,18494,0,0,0,0,0,0,0,0,0,0,0,0,0,0,0,0,0,0,0,0,128,80,208,80,128,80,208,80,128,80,208,80,71,16,32,32,0,PS_NONE,29,PS_WANDER,4,0,0
133,45012,12238,1106,0,4256,12292,256,16,48,4100,TS_MAPWHO | TS_UNKNOWN_1000,0,PA_NONE,1744,PB_MAN_JACKET,273,1754,0,0,1,TM_PERSON,29,PS_WANDER,61,TA_SOUTHEAST,0,1,PU_CIVILIAN,12819,0,0,0,0,0,0,0,0,0,0,0,0,0,0,0,0,0,0,0,0,128,80,208,80,128,80,208,80,128,80,208,80,68,16,32,32,0,PS_NONE,29,PS_WANDER,4,128,0
134,45104,12330,0,0,5434,17895,256,21,69,4100,TS_MAPWHO | TS_UNKNOWN_1000,0,PA_NONE,1744,PB_MAN_JACKET,274,1754,0,0,1,TM_PERSON,29,PS_WANDER,65,TA_SOUTHEAST,0,1,PU_CIVILIAN,18628,0,0,0,0,0,0,0,0,0,0,0,0,0,0,0,0,0,0,0,0,128,80,208,80,128,80,208,80,128,80,208,80,74,16,32,32,0,PS_NONE,29,PS_WANDER,4,192,0
135,45196,12422,0,0,5163,15624,256,20,61,4100,TS_MAPWHO | TS_UNKNOWN_1000,0,PA_NONE,626,PB_WOMAN_BLONDE,488,638,0,0,1,TM_PERSON,29,PS_WANDER,121,TA_NORTHEAST,0,1,PU_CIVILIAN,18677,0,0,0,0,0,0,0,0,0,0,0,0,0,0,0,0,0,0,0,0,128,80,208,80,128,80,208,80,128,80,208,80,77,16,32,32,0,PS_NONE,29,PS_WANDER,4,0,0
136,45288,12514,0,0,7747,12309,256,30,48,4100,TS_MAPWHO | TS_UNKNOWN_1000,0,PA_NONE,626,PB_WOMAN_BLONDE,497,640,0,0,1,TM_PERSON,29,PS_WANDER,191,TA_NORTHWEST,0,1,PU_CIVILIAN,14765,0,0,0,0,0,0,0,0,0,0,0,0,0,0,0,0,0,9,0,0,128,80,208,80,128,80,208,80,128,80,208,80,66,16,32,32,0,PS_NONE,29,PS_WANDER,4,128,0
137,45380,12606,0,0,4040,7147,256,15,27,4100,TS_MAPWHO | TS_UNKNOWN_1000,0,PA_NONE,626,PB_WOMAN_BLONDE,490,638,0,0,1,TM_PERSON,29,PS_WANDER,133,TA_NORTHEAST,0,1,PU_CIVILIAN,10640,0,0,0,0,0,0,0,0,0,0,0,0,0,0,0,0,0,9,0,0,128,80,208,80,128,80,208,80,128,80,208,80,56,16,32,32,0,PS_NONE,29,PS_WANDER,3,0,0
138,45472,12698,0,0,10492,15426,256,40,60,4100,TS_MAPWHO | TS_UNKNOWN_1000,0,PA_NONE,626,PB_WOMAN_BLONDE,470,634,0,0,1,TM_PERSON,29,PS_WANDER,253,TA_SOUTHWEST,0,1,PU_CIVILIAN,17009,0,0,0,0,0,0,0,0,0,0,0,0,0,0,0,0,0,0,0,0,128,80,208,80,128,80,208,80,128,80,208,80,73,16,32,32,0,PS_NONE,29,PS_WANDER,4,192,0
139,45564,12790,0,0,4213,7368,256,16,28,4100,TS_MAPWHO | TS_UNKNOWN_1000,0,PA_NONE,626,PB_WOMAN_BLONDE,488,638,0,0,1,TM_PERSON,29,PS_WANDER,134,TA_NORTHEAST,0,1,PU_CIVILIAN,9246,0,0,0,0,0,0,0,0,0,0,0,0,0,0,0,0,0,9,0,0,128,80,208,80,128,80,208,80,128,80,208,80,69,16,32,32,0,PS_NONE,29,PS_WANDER,4,64,0
140,45656,12882,0,0,14037,5384,256,54,21,4100,TS_MAPWHO | TS_UNKNOWN_1000,0,PA_NONE,626,PB_WOMAN_BLONDE,496,640,0,0,1,TM_PERSON,29,PS_WANDER,192,TA_NORTHWEST,0,1,PU_CIVILIAN,15137,0,0,0,0,0,0,0,0,0,0,0,0,0,0,0,0,0,0,0,0,128,80,208,80,128,80,208,80,128,80,208,80,64,16,32,32,0,PS_NONE,29,PS_WANDER,3,64,0
141,45748,12974,0,0,5119,4811,256,19,18,4100,TS_MAPWHO | TS_UNKNOWN_1000,0,PA_NONE,626,PB_WOMAN_BLONDE,488,638,0,0,1,TM_PERSON,29,PS_WANDER,125,TA_NORTHEAST,0,1,PU_CIVILIAN,7258,0,0,0,0,0,0,0,0,0,0,0,0,0,0,0,0,0,0,0,0,128,80,208,80,128,80,208,80,128,80,208,80,77,16,32,32,0,PS_NONE,29,PS_WANDER,4,64,0
142,45840,13066,7914,17758,4458,9224,256,17,36,4100,TS_MAPWHO | TS_UNKNOWN_1000,0,PA_NONE,626,PB_WOMAN_BLONDE,477,636,0,0,1,TM_PERSON,15,PS_HUG_LEFT,64,TA_SOUTHEAST,0,1,PU_CIVILIAN,10205,0,0,0,0,0,0,0,0,0,0,0,0,0,0,0,0,0,6,0,0,128,80,208,80,128,80,208,80,128,80,208,80,70,23,32,32,0,PS_NONE,29,PS_WANDER,4,128,0
143,45932,13158,1014,0,4676,14546,256,18,56,4100,TS_MAPWHO | TS_UNKNOWN_1000,0,PA_NONE,626,PB_WOMAN_BLONDE,481,636,0,0,1,TM_PERSON,29,PS_WANDER,70,TA_SOUTHEAST,0,1,PU_CIVILIAN,15158,0,0,0,0,0,0,0,0,0,0,0,0,0,0,0,0,0,0,0,0,128,80,208,80,128,80,208,80,128,80,208,80,63,16,32,32,0,PS_NONE,29,PS_WANDER,4,0,0
144,46024,13250,0,0,26865,5429,256,104,21,4100,TS_MAPWHO | TS_UNKNOWN_1000,0,PA_NONE,626,PB_WOMAN_BLONDE,487,638,0,0,1,TM_PERSON,29,PS_WANDER,133,TA_NORTHEAST,0,1,PU_CIVILIAN,28167,0,0,0,0,0,0,0,0,0,0,0,0,0,0,0,0,0,9,0,0,128,80,208,80,128,80,208,80,128,80,208,80,75,16,32,32,0,PS_NONE,29,PS_WANDER,4,64,0
145,46116,13342,0,0,4179,10359,256,16,40,4100,TS_MAPWHO | TS_UNKNOWN_1000,0,PA_NONE,626,PB_WOMAN_BLONDE,487,638,0,0,1,TM_PERSON,29,PS_WANDER,119,TA_NORTHEAST,0,1,PU_CIVILIAN,11745,0,0,0,0,0,0,0,0,0,0,0,0,0,0,0,0,0,9,0,0,128,80,208,80,128,80,208,80,128,80,208,80,55,16,32,32,0,PS_NONE,29,PS_WANDER,4,192,0
146,46208,13434,0,0,19696,16221,384,76,63,4100,TS_MAPWHO | TS_UNKNOWN_1000,0,PA_NONE,626,PB_WOMAN_BLONDE,490,638,0,0,1,TM_PERSON,29,PS_WANDER,127,TA_NORTHEAST,0,1,PU_CIVILIAN,25592,0,0,0,0,0,0,0,0,0,0,0,0,0,0,0,0,0,9,0,0,128,80,208,80,128,80,208,80,128,80,208,80,66,16,32,32,0,PS_NONE,29,PS_WANDER,4,64,0
147,46300,13526,8742,0,4341,9559,256,16,37,4100,TS_MAPWHO | TS_UNKNOWN_1000,0,PA_NONE,626,PB_WOMAN_BLONDE,489,638,0,0,1,TM_PERSON,14,PS_HUG_RIGHT,128,TA_NORTHEAST,0,1,PU_CIVILIAN,10626,0,0,0,0,0,0,0,0,0,0,0,0,0,0,0,0,0,1,0,0,128,80,208,80,128,80,208,80,128,80,208,80,50,23,32,32,0,PS_NONE,29,PS_WANDER,4,0,0
148,46392,13618,0,0,8599,17381,256,33,67,4100,TS_MAPWHO | TS_UNKNOWN_1000,0,PA_NONE,626,PB_WOMAN_BLONDE,487,638,0,0,1,TM_PERSON,29,PS_WANDER,137,TA_NORTHEAST,0,1,PU_CIVILIAN,19911,0,0,0,0,0,0,0,0,0,0,0,0,0,0,0,0,0,9,0,0,128,80,208,80,128,80,208,80,128,80,208,80,69,16,32,32,0,PS_NONE,29,PS_WANDER,3,0,0
149,46484,13710,0,0,3505,9503,256,13,37,4100,TS_MAPWHO | TS_UNKNOWN_1000,0,PA_NONE,626,PB_WOMAN_BLONDE,496,640,0,0,1,TM_PERSON,29,PS_WANDER,196,TA_NORTHWEST,0,1,PU_CIVILIAN,10680,0,0,0,0,0,0,0,0,0,0,0,0,0,0,0,0,0,9,0,0,128,80,208,80,128,80,208,80,128,80,208,80,46,16,32,32,0,PS_NONE,29,PS_WANDER,4,0,0
150,46576,13802,0,14722,3749,9991,256,14,39,4100,TS_MAPWHO | TS_UNKNOWN_1000,0,PA_NONE,626,PB_WOMAN_BLONDE,496,640,0,0,1,TM_PERSON,29,PS_WANDER,193,TA_NORTHWEST,0,1,PU_CIVILIAN,10957,0,0,0,0,0,0,0,0,0,0,0,0,0,0,0,0,0,0,0,0,128,80,208,80,128,80,208,80,128,80,208,80,52,16,32,32,0,PS_NONE,29,PS_WANDER,4,128,0
151,46668,13894,0,14998,7876,17912,256,30,69,4100,TS_MAPWHO | TS_UNKNOWN_1000,0,PA_NONE,626,PB_WOMAN_BLONDE,495,640,0,0,1,TM_PERSON,29,PS_WANDER,196,TA_NORTHWEST,0,1,PU_CIVILIAN,19723,0,0,0,0,0,0,0,0,0,0,0,0,0,0,0,0,0,9,0,0,128,80,208,80,128,80,208,80,128,80,208,80,80,16,32,32,0,PS_NONE,29,PS_WANDER,4,0,0
152,46760,13986,0,0,12288,3597,256,48,14,4100,TS_MAPWHO | TS_UNKNOWN_1000,0,PA_NONE,626,PB_WOMAN_BLONDE,489,638,0,0,1,TM_PERSON,15,PS_HUG_LEFT,128,TA_NORTHEAST,0,1,PU_CIVILIAN,12816,0,0,0,0,0,0,0,0,0,0,0,0,0,0,0,0,0,8,0,0,128,80,208,80,128,80,208,80,128,80,208,80,55,23,32,32,0,PS_NONE,29,PS_WANDER,4,192,0
153,46852,14078,0,0,27104,20941,256,105,81,4100,TS_MAPWHO | TS_UNKNOWN_1000,0,PA_NONE,1123,PB_WOMAN_REDHEAD,534,1138,0,0,1,TM_PERSON,29,PS_WANDER,231,TA_WEST,0,1,PU_CIVILIAN,28053,0,0,0,0,0,0,0,0,0,0,0,0,0,0,0,0,0,0,0,0,128,80,208,80,128,80,208,80,128,80,208,80,91,16,32,32,0,PS_NONE,29,PS_WANDER,4,192,0
154,46944,14170,0,0,19711,9728,384,76,38,4100,TS_MAPWHO | TS_UNKNOWN_1000,0,PA_NONE,1123,PB_WOMAN_REDHEAD,4776,1131,0,0,1,TM_PERSON,29,PS_WANDER,2,TA_SOUTHWEST,0,1,PU_CIVILIAN,21859,0,0,0,0,0,0,0,0,0,0,0,0,0,0,0,0,0,0,0,0,128,80,208,80,128,80,208,80,128,80,208,80,62,16,32,32,0,PS_NONE,29,PS_WANDER,4,64,0
155,47036,14262,0,0,22015,15846,256,85,61,4100,TS_MAPWHO | TS_UNKNOWN_1000,0,PA_NONE,1123,PB_WOMAN_REDHEAD,519,1135,0,0,1,TM_PERSON,29,PS_WANDER,127,TA_NORTHEAST,0,1,PU_CIVILIAN,27203,0,0,0,0,0,0,0,0,0,0,0,0,0,0,0,0,0,9,0,0,128,80,208,80,128,80,208,80,128,80,208,80,63,16,32,32,0,PS_NONE,29,PS_WANDER,4,64,0
156,47128,14354,0,0,7903,8368,256,30,32,4100,TS_MAPWHO | TS_UNKNOWN_1000,0,PA_NONE,1123,PB_WOMAN_REDHEAD,525,1136,0,0,1,TM_PERSON,29,PS_WANDER,174,TA_NORTH,0,1,PU_CIVILIAN,14644,0,0,0,0,0,0,0,0,0,0,0,0,0,0,0,0,0,0,0,0,128,80,208,80,128,80,208,80,128,80,208,80,59,16,32,32,0,PS_NONE,29,PS_WANDER,4,0,0
157,47220,14446,0,0,12602,12543,256,49,48,4100,TS_MAPWHO | TS_UNKNOWN_1000,0,PA_NONE,1123,PB_WOMAN_REDHEAD,529,1137,0,0,1,TM_PERSON,29,PS_WANDER,192,TA_NORTHWEST,0,1,PU_CIVILIAN,18030,0,0,0,0,0,0,0,0,0,0,0,0,0,0,0,0,0,0,0,0,128,80,208,80,128,80,208,80,128,80,208,80,64,16,32,32,0,PS_NONE,29,PS_WANDER,4,0,0
158,47312,14538,0,0,9752,5481,256,38,21,4100,TS_MAPWHO | TS_UNKNOWN_1000,0,PA_NONE,1123,PB_WOMAN_REDHEAD,529,1137,0,0,1,TM_PERSON,29,PS_WANDER,198,TA_NORTHWEST,0,1,PU_CIVILIAN,12221,0,0,0,0,0,0,0,0,0,0,0,0,0,0,0,0,0,8,0,0,128,80,208,80,128,80,208,80,128,80,208,80,58,16,32,32,0,PS_NONE,29,PS_WANDER,2,128,0
159,47404,14630,0,0,21856,3018,256,85,11,4100,TS_MAPWHO | TS_UNKNOWN_1000,0,PA_NONE,1123,PB_WOMAN_REDHEAD,511,1133,0,0,1,TM_PERSON,29,PS_WANDER,66,TA_SOUTHEAST,0,1,PU_CIVILIAN,19954,0,0,0,0,0,0,0,0,0,0,0,0,0,0,0,0,0,0,0,0,128,80,208,80,128,80,208,80,128,80,208,80,41,16,32,32,0,PS_NONE,29,PS_WANDER,4,192,0
160,47496,14722,13802,0,3839,10202,256,14,39,4100,TS_MAPWHO | TS_UNKNOWN_1000,0,PA_NONE,1123,PB_WOMAN_REDHEAD,513,1133,0,0,1,TM_PERSON,29,PS_WANDER,69,TA_SOUTHEAST,0,1,PU_CIVILIAN,10797,0,0,0,0,0,0,0,0,0,0,0,0,0,0,0,0,0,0,0,0,128,80,208,80,128,80,208,80,128,80,208,80,76,16,32,32,0,PS_NONE,29,PS_WANDER,4,0,0
161,47588,14814,0,0,11681,8505,256,45,33,4100,TS_MAPWHO | TS_UNKNOWN_1000,0,PA_NONE,1123,PB_WOMAN_REDHEAD,530,1137,0,0,1,TM_PERSON,29,PS_WANDER,198,TA_NORTHWEST,0,1,PU_CIVILIAN,16406,0,0,0,0,0,0,0,0,0,0,0,0,0,0,0,0,0,9,0,0,128,80,208,80,128,80,208,80,128,80,208,80,61,16,32,32,0,PS_NONE,29,PS_WANDER,4,128,0
162,47680,14906,0,0,6393,12534,256,24,48,4100,TS_MAPWHO | TS_UNKNOWN_1000,0,PA_NONE,1123,PB_WOMAN_REDHEAD,522,1135,0,0,1,TM_PERSON,29,PS_WANDER,113,TA_NORTHEAST,0,1,PU_CIVILIAN,16021,0,0,0,0,0,0,0,0,0,0,0,0,0,0,0,0,0,9,0,0,128,80,208,80,128,80,208,80,128,80,208,80,67,16,32,32,0,PS_NONE,29,PS_WANDER,4,192,0
163,47772,14998,13894,0,7904,17915,256,30,69,4100,TS_MAPWHO | TS_UNKNOWN_1000,0,PA_NONE,1123,PB_WOMAN_REDHEAD,530,1137,0,0,1,TM_PERSON,29,PS_WANDER,193,TA_NORTHWEST,0,1,PU_CIVILIAN,19820,0,0,0,0,0,0,0,0,0,0,0,0,0,0,0,0,0,0,0,0,128,80,208,80,128,80,208,80,128,80,208,80,65,16,32,32,0,PS_NONE,29,PS_WANDER,4,0,0
164,47864,15090,0,0,26287,12217,256,102,47,4100,TS_MAPWHO | TS_UNKNOWN_1000,0,PA_NONE,1123,PB_WOMAN_REDHEAD,529,1137,0,0,1,TM_PERSON,29,PS_WANDER,189,TA_NORTHWEST,0,1,PU_CIVILIAN,29764,0,0,0,0,0,0,0,0,0,0,0,0,0,0,0,0,0,8,0,0,128,80,208,80,128,80,208,80,128,80,208,80,55,16,32,32,0,PS_NONE,29,PS_WANDER,3,64,0
165,47956,15182,0,0,19711,10987,384,76,42,4100,TS_MAPWHO | TS_UNKNOWN_1000,0,PA_NONE,1123,PB_WOMAN_REDHEAD,4777,1131,0,0,1,TM_PERSON,15,PS_HUG_LEFT,0,TA_SOUTHWEST,0,1,PU_CIVILIAN,22555,0,0,0,0,0,0,0,0,0,0,0,0,0,0,0,0,0,9,0,0,128,80,208,80,128,80,208,80,128,80,208,80,65,23,32,32,0,PS_NONE,29,PS_WANDER,4,64,0
166,48048,15274,0,0,12550,4603,256,49,17,4100,TS_MAPWHO | TS_UNKNOWN_1000,0,PA_NONE,1123,PB_WOMAN_REDHEAD,529,1137,0,0,1,TM_PERSON,29,PS_WANDER,193,TA_NORTHWEST,0,1,PU_CIVILIAN,13465,0,0,0,0,0,0,0,0,0,0,0,0,0,0,0,0,0,9,0,0,128,80,208,80,128,80,208,80,128,80,208,80,52,16,32,32,0,PS_NONE,29,PS_WANDER,4,0,0
167,48140,15366,0,0,26717,3339,256,104,13,4100,TS_MAPWHO | TS_UNKNOWN_1000,0,PA_NONE,1123,PB_WOMAN_REDHEAD,522,1135,0,0,1,TM_PERSON,29,PS_WANDER,134,TA_NORTHEAST,0,1,PU_CIVILIAN,28444,0,0,0,0,0,0,0,0,0,0,0,0,0,0,0,0,0,9,0,0,128,80,208,80,128,80,208,80,128,80,208,80,52,16,32,32,0,PS_NONE,29,PS_WANDER,4,64,0
168,48232,15458,6258,39250,19029,16349,384,74,63,4100,TS_MAPWHO | TS_UNKNOWN_1000,0,PA_NONE,1123,PB_WOMAN_REDHEAD,4778,1131,0,0,1,TM_PERSON,29,PS_WANDER,2,TA_SOUTHWEST,0,1,PU_CIVILIAN,24080,0,0,0,0,0,0,0,0,0,0,0,0,0,0,0,0,0,0,0,0,128,80,208,80,128,80,208,80,128,80,208,80,68,16,32,32,0,PS_NONE,29,PS_WANDER,4,128,0
169,48324,15550,11042,0,18953,12167,384,74,47,4100,TS_MAPWHO | TS_UNKNOWN_1000,0,PA_NONE,1123,PB_WOMAN_REDHEAD,4776,1131,0,0,1,TM_PERSON,29,PS_WANDER,1,TA_SOUTHWEST,0,1,PU_CIVILIAN,22314,0,0,0,0,0,0,0,0,0,0,0,0,0,0,0,0,0,0,0,0,128,80,208,80,128,80,208,80,128,80,208,80,74,16,32,32,0,PS_NONE,29,PS_WANDER,4,192,0
170,48416,15642,0,0,18950,10056,384,74,39,4100,TS_MAPWHO | TS_UNKNOWN_1000,0,PA_NONE,1123,PB_WOMAN_REDHEAD,522,1135,0,0,1,TM_PERSON,29,PS_WANDER,132,TA_NORTHEAST,0,1,PU_CIVILIAN,21550,0,0,0,0,0,0,0,0,0,0,0,0,0,0,0,0,0,9,0,0,128,80,208,80,128,80,208,80,128,80,208,80,70,16,32,32,0,PS_NONE,29,PS_WANDER,4,192,0
171,48508,15734,0,0,25339,2022,256,98,7,4100,TS_MAPWHO | TS_UNKNOWN_1000,0,PA_NONE,1123,PB_WOMAN_REDHEAD,530,1137,0,0,1,TM_PERSON,29,PS_WANDER,206,TA_NORTHWEST,0,1,PU_CIVILIAN,26903,0,0,0,0,0,0,0,0,0,0,0,0,0,0,0,0,0,9,0,0,128,80,208,80,128,80,208,80,128,80,208,80,59,16,32,32,0,PS_NONE,29,PS_WANDER,4,128,0
172,48600,15826,0,0,12484,4095,256,48,15,4100,TS_MAPWHO | TS_UNKNOWN_1000,0,PA_NONE,1123,PB_WOMAN_REDHEAD,512,1133,0,0,1,TM_PERSON,14,PS_HUG_RIGHT,63,TA_SOUTHEAST,0,1,PU_CIVILIAN,13117,0,0,0,0,0,0,0,0,0,0,0,0,0,0,0,0,0,9,0,0,128,80,208,80,128,80,208,80,128,80,208,80,42,23,32,32,0,PS_NONE,29,PS_WANDER,4,0,0
173,48692,15918,0,19046,19159,4573,256,74,17,4100,TS_MAPWHO | TS_UNKNOWN_1000,0,PA_NONE,1123,PB_WOMAN_REDHEAD,511,1133,0,0,1,TM_PERSON,29,PS_WANDER,66,TA_SOUTHEAST,0,1,PU_CIVILIAN,19167,0,0,0,0,0,0,0,0,0,0,0,0,0,0,0,0,0,0,0,0,128,80,208,80,128,80,208,80,128,80,208,80,63,16,32,32,0,PS_NONE,29,PS_WANDER,4,0,0
174,48784,16010,0,0,27095,11539,256,105,45,4100,TS_MAPWHO | TS_UNKNOWN_1000,0,PA_NONE,1123,PB_WOMAN_REDHEAD,4778,1131,0,0,1,TM_PERSON,29,PS_WANDER,3,TA_SOUTHWEST,0,1,PU_CIVILIAN,28843,0,0,0,0,0,0,0,0,0,0,0,0,0,0,0,0,0,0,0,0,128,80,208,80,128,80,208,80,128,80,208,80,80,16,32,32,0,PS_NONE,29,PS_WANDER,4,64,0
175,48876,16102,0,0,23936,7395,256,93,28,4100,TS_MAPWHO | TS_UNKNOWN_1000,0,PA_NONE,1123,PB_WOMAN_REDHEAD,514,1133,0,0,1,TM_PERSON,29,PS_WANDER,70,TA_SOUTHEAST,0,1,PU_CIVILIAN,24397,0,0,0,0,0,0,0,0,0,0,0,0,0,0,0,0,0,0,0,0,128,80,208,80,128,80,208,80,128,80,208,80,69,16,32,32,0,PS_NONE,29,PS_WANDER,4,0,0
176,48968,16194,5430,38926,19335,10763,384,75,42,4100,TS_MAPWHO | TS_UNKNOWN_1000,0,PA_NONE,626,PB_WOMAN_BLONDE,497,640,0,0,1,TM_PERSON,29,PS_WANDER,194,TA_NORTHWEST,0,1,PU_CIVILIAN,22457,0,0,0,0,0,0,0,0,0,0,0,0,0,0,0,0,0,9,0,0,128,80,208,80,128,80,208,80,128,80,208,80,79,16,32,32,0,PS_NONE,29,PS_WANDER,3,64,0
177,49060,16286,0,0,15346,6753,256,59,26,4100,TS_MAPWHO | TS_UNKNOWN_1000,0,PA_NONE,626,PB_WOMAN_BLONDE,490,638,0,0,1,TM_PERSON,29,PS_WANDER,127,TA_NORTHEAST,0,1,PU_CIVILIAN,16815,0,0,0,0,0,0,0,0,0,0,0,0,0,0,0,0,0,9,0,0,128,80,208,80,128,80,208,80,128,80,208,80,64,16,32,32,0,PS_NONE,29,PS_WANDER,4,64,0
178,49152,16378,0,0,5370,17002,256,20,66,4100,TS_MAPWHO | TS_UNKNOWN_1000,0,PA_NONE,626,PB_WOMAN_BLONDE,488,638,0,0,1,TM_PERSON,29,PS_WANDER,125,TA_NORTHEAST,0,1,PU_CIVILIAN,17972,0,0,0,0,0,0,0,0,0,0,0,0,0,0,0,0,0,9,0,0,128,80,208,80,128,80,208,80,128,80,208,80,51,16,32,32,0,PS_NONE,29,PS_WANDER,4,64,0
179,49244,16470,0,17114,4289,8360,256,16,32,4100,TS_MAPWHO | TS_UNKNOWN_1000,0,PA_NONE,626,PB_WOMAN_BLONDE,487,638,0,0,1,TM_PERSON,29,PS_WANDER,131,TA_NORTHEAST,0,1,PU_CIVILIAN,10654,0,0,0,0,0,0,0,0,0,0,0,0,0,0,0,0,0,9,0,0,128,80,208,80,128,80,208,80,128,80,208,80,62,16,32,32,0,PS_NONE,29,PS_WANDER,3,0,0
180,49336,16562,0,0,5183,3857,256,20,15,4100,TS_MAPWHO | TS_UNKNOWN_1000,0,PA_NONE,626,PB_WOMAN_BLONDE,477,636,0,0,1,TM_PERSON,29,PS_WANDER,63,TA_SOUTHEAST,0,1,PU_CIVILIAN,6211,0,0,0,0,0,0,0,0,0,0,0,0,0,0,0,0,0,0,0,0,128,80,208,80,128,80,208,80,128,80,208,80,76,16,32,32,0,PS_NONE,29,PS_WANDER,4,128,0
181,49428,16654,0,0,3765,8960,256,14,35,4100,TS_MAPWHO | TS_UNKNOWN_1000,0,PA_NONE,626,PB_WOMAN_BLONDE,474,635,0,0,1,TM_PERSON,29,PS_WANDER,17,TA_SOUTH,0,1,PU_CIVILIAN,7674,0,0,0,0,0,0,0,0,0,0,0,0,0,0,0,0,0,0,0,0,128,80,208,80,128,80,208,80,128,80,208,80,39,16,32,32,0,PS_NONE,29,PS_WANDER,4,128,0
182,49520,16746,10766,0,26912,6724,256,105,26,4100,TS_MAPWHO | TS_UNKNOWN_1000,0,PA_NONE,626,PB_WOMAN_BLONDE,487,638,0,0,1,TM_PERSON,29,PS_WANDER,136,TA_NORTHEAST,0,1,PU_CIVILIAN,28470,0,0,0,0,0,0,0,0,0,0,0,0,0,0,0,0,0,9,0,0,128,80,208,80,128,80,208,80,128,80,208,80,78,16,32,32,0,PS_NONE,29,PS_WANDER,4,64,0
183,49612,16838,0,0,5701,21234,256,22,82,4100,TS_MAPWHO | TS_UNKNOWN_1000,0,PA_NONE,626,PB_WOMAN_BLONDE,481,636,0,0,1,TM_PERSON,29,PS_WANDER,68,TA_SOUTHEAST,0,1,PU_CIVILIAN,23276,0,0,0,0,0,0,0,0,0,0,0,0,0,0,0,0,0,0,0,0,128,80,208,80,128,80,208,80,128,80,208,80,100,16,32,32,0,PS_NONE,29,PS_WANDER,4,128,0
184,49704,16930,0,0,3707,6912,256,14,27,4100,TS_MAPWHO | TS_UNKNOWN_1000,0,PA_NONE,626,PB_WOMAN_BLONDE,495,640,0,0,1,TM_PERSON,29,PS_WANDER,192,TA_NORTHWEST,0,1,PU_CIVILIAN,7951,0,0,0,0,0,0,0,0,0,0,0,0,0,0,0,0,0,0,0,0,128,80,208,80,128,80,208,80,128,80,208,80,64,16,32,32,0,PS_NONE,29,PS_WANDER,4,128,0
185,49796,17022,0,0,15090,3179,256,58,12,4100,TS_MAPWHO | TS_UNKNOWN_1000,0,PA_NONE,626,PB_WOMAN_BLONDE,468,634,0,0,1,TM_PERSON,29,PS_WANDER,253,TA_SOUTHWEST,0,1,PU_CIVILIAN,15358,0,0,0,0,0,0,0,0,0,0,0,0,0,0,0,0,0,0,0,0,128,80,208,80,128,80,208,80,128,80,208,80,74,16,32,32,0,PS_NONE,29,PS_WANDER,4,64,0
186,49888,17114,16470,0,4327,8419,256,16,32,4100,TS_MAPWHO | TS_UNKNOWN_1000,0,PA_NONE,1330,PB_MAN_SUIT,585,1342,0,0,1,TM_PERSON,29,PS_WANDER,130,TA_NORTHEAST,0,1,PU_CIVILIAN,10194,0,0,0,0,0,0,0,0,0,0,0,0,0,0,0,0,0,5,0,0,128,80,208,80,128,80,208,80,128,80,208,80,43,16,32,32,0,PS_NONE,29,PS_WANDER,0,64,0
187,49980,17206,0,0,26389,3614,256,103,14,4100,TS_MAPWHO | TS_UNKNOWN_1000,0,PA_NONE,1330,PB_MAN_SUIT,584,1342,0,0,1,TM_PERSON,29,PS_WANDER,113,TA_NORTHEAST,0,1,PU_CIVILIAN,26614,0,0,0,0,0,0,0,0,0,0,0,0,0,0,0,0,0,9,0,0,128,80,208,80,128,80,208,80,128,80,208,80,78,16,32,32,0,PS_NONE,29,PS_WANDER,4,192,0
188,50072,17298,0,0,15348,4155,256,59,16,4100,TS_MAPWHO | TS_UNKNOWN_1000,0,PA_NONE,1330,PB_MAN_SUIT,586,1342,0,0,1,TM_PERSON,14,PS_HUG_RIGHT,128,TA_NORTHEAST,0,1,PU_CIVILIAN,15918,0,0,0,0,0,0,0,0,0,0,0,0,0,0,0,0,0,7,0,0,128,80,208,80,128,80,208,80,128,80,208,80,71,23,32,32,0,PS_NONE,29,PS_WANDER,4,64,0
189,50164,17390,0,0,19690,11731,384,76,45,4100,TS_MAPWHO | TS_UNKNOWN_1000,0,PA_NONE,1330,PB_MAN_SUIT,584,1342,0,0,1,TM_PERSON,29,PS_WANDER,127,TA_NORTHEAST,0,1,PU_CIVILIAN,23215,0,0,0,0,0,0,0,0,0,0,0,0,0,0,0,0,0,9,0,0,128,80,208,80,128,80,208,80,128,80,208,80,70,16,32,32,0,PS_NONE,29,PS_WANDER,3,0,0
190,50256,17482,0,0,28635,5626,256,111,21,4100,TS_MAPWHO | TS_UNKNOWN_1000,0,PA_NONE,1330,PB_MAN_SUIT,5852,1338,0,0,1,TM_PERSON,29,PS_WANDER,240,TA_SOUTHWEST,0,1,PU_CIVILIAN,27521,0,0,0,0,0,0,0,0,0,0,0,0,0,0,0,0,0,0,0,0,128,80,208,80,128,80,208,80,128,80,208,80,107,16,32,32,0,PS_NONE,29,PS_WANDER,4,192,0
191,50348,17574,0,0,18679,10456,256,72,40,4100,TS_MAPWHO | TS_UNKNOWN_1000,0,PA_NONE,1330,PB_MAN_SUIT,5962,1338,0,0,1,TM_PERSON,29,PS_WANDER,2,TA_SOUTHWEST,0,1,PU_CIVILIAN,21115,0,0,0,0,0,0,0,0,0,0,0,0,0,0,0,0,0,0,0,0,128,80,208,80,128,80,208,80,128,80,208,80,57,16,32,32,0,PS_NONE,29,PS_WANDER,4,64,0
192,50440,17666,0,0,5113,9275,256,19,36,4100,TS_MAPWHO | TS_UNKNOWN_1000,0,PA_NONE,1330,PB_MAN_SUIT,585,1342,0,0,1,TM_PERSON,29,PS_WANDER,127,TA_NORTHEAST,0,1,PU_CIVILIAN,10753,0,0,0,0,0,0,0,0,0,0,0,0,0,0,0,0,0,9,0,0,128,80,208,80,128,80,208,80,128,80,208,80,62,16,32,32,0,PS_NONE,29,PS_WANDER,3,0,0
193,50532,17758,13066,39898,4593,9228,256,17,36,4100,TS_MAPWHO | TS_UNKNOWN_1000,0,PA_NONE,1330,PB_MAN_SUIT,578,1340,0,0,1,TM_PERSON,29,PS_WANDER,62,TA_SOUTHEAST,0,1,PU_CIVILIAN,10208,0,0,0,0,0,0,0,0,0,0,0,0,0,0,0,0,0,0,0,0,128,80,208,80,128,80,208,80,128,80,208,80,81,16,32,32,0,PS_NONE,29,PS_WANDER,4,128,0
194,50624,17850,0,0,23497,12279,256,91,47,4100,TS_MAPWHO | TS_UNKNOWN_1000,0,PA_NONE,1330,PB_MAN_SUIT,5964,1344,0,0,1,TM_PERSON,29,PS_WANDER,190,TA_NORTHWEST,0,1,PU_CIVILIAN,26720,0,0,0,0,0,0,0,0,0,0,0,0,0,0,0,0,0,9,0,0,128,80,208,80,128,80,208,80,128,80,208,80,62,16,32,32,0,PS_NONE,29,PS_WANDER,4,0,0
195,50716,17942,0,0,26844,6773,256,104,26,4100,TS_MAPWHO | TS_UNKNOWN_1000,0,PA_NONE,1330,PB_MAN_SUIT,588,1343,0,0,1,TM_PERSON,29,PS_WANDER,147,TA_NORTH,0,1,PU_CIVILIAN,28285,0,0,0,0,0,0,0,0,0,0,0,0,0,0,0,0,0,9,0,0,128,80,208,80,128,80,208,80,128,80,208,80,62,16,32,32,0,PS_NONE,29,PS_WANDER,4,64,0
196,50808,18034,0,0,16066,7416,256,62,28,4100,TS_MAPWHO | TS_UNKNOWN_1000,0,PA_NONE,1330,PB_MAN_SUIT,5963,1344,0,0,1,TM_PERSON,29,PS_WANDER,193,TA_NORTHWEST,0,1,PU_CIVILIAN,17877,0,0,0,0,0,0,0,0,0,0,0,0,0,0,0,0,0,9,0,0,128,80,208,80,128,80,208,80,128,80,208,80,35,16,32,32,0,PS_NONE,29,PS_WANDER,4,0,0
197,50900,18126,0,0,14019,5967,256,54,23,4100,TS_MAPWHO | TS_UNKNOWN_1000,0,PA_NONE,1330,PB_MAN_SUIT,577,1340,0,0,1,TM_PERSON,29,PS_WANDER,52,TA_SOUTHEAST,0,1,PU_CIVILIAN,12041,0,0,0,0,0,0,0,0,0,0,0,0,0,0,0,0,0,0,0,0,128,80,208,80,128,80,208,80,128,80,208,80,52,16,32,32,0,PS_NONE,29,PS_WANDER,4,128,0
198,50992,18218,0,0,10047,4482,256,39,17,4100,TS_MAPWHO | TS_UNKNOWN_1000,0,PA_NONE,1330,PB_MAN_SUIT,5965,1344,0,0,1,TM_PERSON,29,PS_WANDER,183,TA_NORTHWEST,0,1,PU_CIVILIAN,11975,0,0,0,0,0,0,0,0,0,0,0,0,0,0,0,0,0,0,0,0,128,80,208,80,128,80,208,80,128,80,208,80,76,16,32,32,0,PS_NONE,29,PS_WANDER,4,0,0
199,51084,18310,4970,38746,11519,3704,256,44,14,4100,TS_MAPWHO | TS_UNKNOWN_1000,0,PA_NONE,1330,PB_MAN_SUIT,586,1342,0,0,1,TM_PERSON,29,PS_WANDER,127,TA_NORTHEAST,0,1,PU_CIVILIAN,12177,0,0,0,0,0,0,0,0,0,0,0,0,0,0,0,0,0,9,0,0,128,80,208,80,128,80,208,80,128,80,208,80,55,16,32,32,0,PS_NONE,29,PS_WANDER,4,64,0
200,51176,18402,0,0,20704,10994,256,80,42,4100,TS_MAPWHO | TS_UNKNOWN_1000,0,PA_NONE,1330,PB_MAN_SUIT,575,1340,0,0,1,TM_PERSON,14,PS_HUG_RIGHT,63,TA_SOUTHEAST,0,1,PU_CIVILIAN,23286,0,0,0,0,0,0,0,0,0,0,0,0,0,0,0,0,0,2,0,0,128,80,208,80,128,80,208,80,128,80,208,80,67,23,32,32,0,PS_NONE,29,PS_WANDER,4,0,0
201,51268,18494,0,0,27850,17512,256,108,68,4100,TS_MAPWHO | TS_UNKNOWN_1000,0,PA_NONE,1330,PB_MAN_SUIT,590,1343,0,0,1,TM_PERSON,29,PS_WANDER,150,TA_NORTH,0,1,PU_CIVILIAN,27455,0,0,0,0,0,0,0,0,0,0,0,0,0,0,0,0,0,0,0,0,128,80,208,80,128,80,208,80,128,80,208,80,95,16,32,32,0,PS_NONE,29,PS_WANDER,4,192,0
202,51360,18586,0,0,25881,7609,256,101,29,4100,TS_MAPWHO | TS_UNKNOWN_1000,0,PA_NONE,1330,PB_MAN_SUIT,5962,1338,0,0,1,TM_PERSON,29,PS_WANDER,2,TA_SOUTHWEST,0,1,PU_CIVILIAN,26699,0,0,0,0,0,0,0,0,0,0,0,0,0,0,0,0,0,0,0,0,128,80,208,80,128,80,208,80,128,80,208,80,63,16,32,32,0,PS_NONE,29,PS_WANDER,4,192,0
203,51452,18678,0,0,964,15552,256,3,60,4100,TS_MAPWHO | TS_UNKNOWN_1000,0,PA_NONE,1330,PB_MAN_SUIT,586,1342,0,0,1,TM_PERSON,29,PS_WANDER,129,TA_NORTHEAST,0,1,PU_CIVILIAN,11174,0,0,0,0,0,0,0,0,0,0,0,0,0,0,0,0,0,9,0,0,128,80,208,80,128,80,208,80,128,80,208,80,103,16,32,32,0,PS_NONE,29,PS_WANDER,4,64,0
204,51544,18770,0,0,7062,4540,256,27,17,4100,TS_MAPWHO | TS_UNKNOWN_1000,0,PA_NONE,1330,PB_MAN_SUIT,578,1340,0,0,1,TM_PERSON,29,PS_WANDER,71,TA_SOUTHEAST,0,1,PU_CIVILIAN,7870,0,0,0,0,0,0,0,0,0,0,0,0,0,0,0,0,0,0,0,0,128,80,208,80,128,80,208,80,128,80,208,80,47,16,32,32,0,PS_NONE,29,PS_WANDER,4,192,0
205,51636,18862,0,0,24662,2424,256,96,9,4100,TS_MAPWHO | TS_UNKNOWN_1000,0,PA_NONE,1330,PB_MAN_SUIT,578,1340,0,0,1,TM_PERSON,29,PS_WANDER,59,TA_SOUTHEAST,0,1,PU_CIVILIAN,20283,0,0,0,0,0,0,0,0,0,0,0,0,0,0,0,0,0,0,0,0,128,80,208,80,128,80,208,80,128,80,208,80,61,16,32,32,0,PS_NONE,29,PS_WANDER,4,128,0
206,51728,18954,0,0,27012,3726,256,105,14,4100,TS_MAPWHO | TS_UNKNOWN_1000,0,PA_NONE,626,PB_WOMAN_BLONDE,470,634,0,0,1,TM_PERSON,29,PS_WANDER,246,TA_SOUTHWEST,0,1,PU_CIVILIAN,27251,0,0,0,0,0,0,0,0,0,0,0,0,0,0,0,0,0,0,0,0,128,80,208,80,128,80,208,80,128,80,208,80,52,16,32,32,0,PS_NONE,29,PS_WANDER,4,64,0
207,51820,19046,15918,0,19127,4353,256,74,17,4100,TS_MAPWHO | TS_UNKNOWN_1000,0,PA_NONE,626,PB_WOMAN_BLONDE,498,640,0,0,1,TM_PERSON,14,PS_HUG_RIGHT,192,TA_NORTHWEST,0,1,PU_CIVILIAN,19683,0,0,0,0,0,0,0,0,0,0,0,0,0,0,0,0,0,7,0,0,128,80,208,80,128,80,208,80,128,80,208,80,83,23,32,32,0,PS_NONE,29,PS_WANDER,4,128,0
208,51912,19138,0,0,26444,3883,256,103,15,4100,TS_MAPWHO | TS_UNKNOWN_1000,0,PA_NONE,626,PB_WOMAN_BLONDE,487,638,0,0,1,TM_PERSON,29,PS_WANDER,118,TA_NORTHEAST,0,1,PU_CIVILIAN,26601,0,0,0,0,0,0,0,0,0,0,0,0,0,0,0,0,0,0,0,0,128,80,208,80,128,80,208,80,128,80,208,80,66,16,32,32,0,PS_NONE,29,PS_WANDER,3,128,0
209,52004,19230,0,0,5045,7216,256,19,28,4100,TS_MAPWHO | TS_UNKNOWN_1000,0,PA_NONE,626,PB_WOMAN_BLONDE,468,634,0,0,1,TM_PERSON,29,PS_WANDER,249,TA_SOUTHWEST,0,1,PU_CIVILIAN,8284,0,0,0,0,0,0,0,0,0,0,0,0,0,0,0,0,0,0,0,0,128,80,208,80,128,80,208,80,128,80,208,80,58,16,32,32,0,PS_NONE,29,PS_WANDER,4,64,0
210,52096,19322,0,0,9744,14274,256,38,55,4100,TS_MAPWHO | TS_UNKNOWN_1000,0,PA_NONE,626,PB_WOMAN_BLONDE,467,634,0,0,1,TM_PERSON,29,PS_WANDER,7,TA_SOUTHWEST,0,1,PU_CIVILIAN,16721,0,0,0,0,0,0,0,0,0,0,0,0,0,0,0,0,0,0,0,0,128,80,208,80,128,80,208,80,128,80,208,80,74,16,32,32,0,PS_NONE,29,PS_WANDER,4,128,0
211,52188,19414,0,0,19994,9228,256,78,36,4100,TS_MAPWHO | TS_UNKNOWN_1000,0,PA_NONE,626,PB_WOMAN_BLONDE,496,640,0,0,1,TM_PERSON,29,PS_WANDER,193,TA_NORTHWEST,0,1,PU_CIVILIAN,22099,0,0,0,0,0,0,0,0,0,0,0,0,0,0,0,0,0,9,0,0,128,80,208,80,128,80,208,80,128,80,208,80,64,16,32,32,0,PS_NONE,29,PS_WANDER,4,128,0
212,52280,19506,0,0,9759,8276,256,38,32,4100,TS_MAPWHO | TS_UNKNOWN_1000,0,PA_NONE,626,PB_WOMAN_BLONDE,496,640,0,0,1,TM_PERSON,29,PS_WANDER,199,TA_NORTHWEST,0,1,PU_CIVILIAN,13707,0,0,0,0,0,0,0,0,0,0,0,0,0,0,0,0,0,0,0,0,128,80,208,80,128,80,208,80,128,80,208,80,65,16,32,32,0,PS_NONE,29,PS_WANDER,4,128,0
213,52372,19598,0,0,23346,8707,641,91,34,4100,TS_MAPWHO | TS_UNKNOWN_1000,0,PA_NONE,626,PB_WOMAN_BLONDE,495,640,0,0,1,TM_PERSON,29,PS_WANDER,195,TA_NORTHWEST,0,1,PU_CIVILIAN,25320,0,0,0,0,0,0,0,0,0,0,0,0,0,0,0,0,0,0,0,0,128,80,208,80,128,80,208,80,128,80,208,80,71,16,32,32,0,PS_NONE,29,PS_WANDER,4,128,0
214,52464,19690,0,0,17231,7294,256,67,28,4100,TS_MAPWHO | TS_UNKNOWN_1000,0,PA_NONE,626,PB_WOMAN_BLONDE,478,636,0,0,1,TM_PERSON,29,PS_WANDER,54,TA_SOUTHEAST,0,1,PU_CIVILIAN,17243,0,0,0,0,0,0,0,0,0,0,0,0,0,0,0,0,0,0,0,0,128,80,208,80,128,80,208,80,128,80,208,80,57,16,32,32,0,PS_NONE,29,PS_WANDER,4,128,0
215,52556,19782,0,0,27135,3545,256,105,13,4100,TS_MAPWHO | TS_UNKNOWN_1000,0,PA_NONE,626,PB_WOMAN_BLONDE,488,638,0,0,1,TM_PERSON,14,PS_HUG_RIGHT,128,TA_NORTHEAST,0,1,PU_CIVILIAN,27380,0,0,0,0,0,0,0,0,0,0,0,0,0,0,0,0,0,5,0,0,128,80,208,80,128,80,208,80,128,80,208,80,61,23,32,32,0,PS_NONE,29,PS_WANDER,4,64,0
216,52648,19874,0,0,12662,2937,256,49,11,4100,TS_MAPWHO | TS_UNKNOWN_1000,0,PA_NONE,626,PB_WOMAN_BLONDE,481,636,0,0,1,TM_PERSON,29,PS_WANDER,57,TA_SOUTHEAST,0,1,PU_CIVILIAN,10876,0,0,0,0,0,0,0,0,0,0,0,0,0,0,0,0,0,0,0,0,128,80,208,80,128,80,208,80,128,80,208,80,78,16,32,32,0,PS_NONE,29,PS_WANDER,4,128,0
217,52740,19966,0,0,20118,8615,256,78,33,4100,TS_MAPWHO | TS_UNKNOWN_1000,0,PA_NONE,626,PB_WOMAN_BLONDE,496,640,0,0,1,TM_PERSON,29,PS_WANDER,197,TA_NORTHWEST,0,1,PU_CIVILIAN,23418,0,0,0,0,0,0,0,0,0,0,0,0,0,0,0,0,0,9,0,0,128,80,208,80,128,80,208,80,128,80,208,80,60,16,32,32,0,PS_NONE,29,PS_WANDER,4,0,0
218,52832,20058,0,0,20500,13446,256,80,52,4100,TS_MAPWHO | TS_UNKNOWN_1000,0,PA_NONE,626,PB_WOMAN_BLONDE,464,634,0,0,1,TM_PERSON,29,PS_WANDER,12,TA_SOUTHWEST,0,1,PU_CIVILIAN,23032,0,0,0,0,0,0,0,0,0,0,0,0,0,0,0,0,0,0,0,0,128,80,208,80,128,80,208,80,128,80,208,80,71,16,32,32,0,PS_NONE,29,PS_WANDER,4,64,0
219,52924,20150,0,0,21250,10775,256,83,42,4100,TS_MAPWHO | TS_UNKNOWN_1000,0,PA_NONE,626,PB_WOMAN_BLONDE,489,638,0,0,1,TM_PERSON,29,PS_WANDER,133,TA_NORTHEAST,0,1,PU_CIVILIAN,24029,0,0,0,0,0,0,0,0,0,0,0,0,0,0,0,0,0,7,0,0,128,80,208,80,128,80,208,80,128,80,208,80,62,16,32,32,0,PS_NONE,29,PS_WANDER,4,192,0
220,53016,20242,0,0,11404,3343,256,44,13,4100,TS_MAPWHO | TS_UNKNOWN_1000,0,PA_NONE,1123,PB_WOMAN_REDHEAD,530,1137,0,0,1,TM_PERSON,14,PS_HUG_RIGHT,192,TA_NORTHWEST,0,1,PU_CIVILIAN,11994,0,0,0,0,0,0,0,0,0,0,0,0,0,0,0,0,0,5,0,0,128,80,208,80,128,80,208,80,128,80,208,80,55,23,32,32,0,PS_NONE,29,PS_WANDER,4,64,0
221,53108,20334,0,0,22542,3774,256,88,14,4100,TS_MAPWHO | TS_UNKNOWN_1000,0,PA_NONE,1123,PB_WOMAN_REDHEAD,521,1135,0,0,1,TM_PERSON,29,PS_WANDER,126,TA_NORTHEAST,0,1,PU_CIVILIAN,22906,0,0,0,0,0,0,0,0,0,0,0,0,0,0,0,0,0,9,0,0,128,80,208,80,128,80,208,80,128,80,208,80,54,16,32,32,0,PS_NONE,29,PS_WANDER,4,192,0
222,53200,20426,0,0,21866,9913,256,85,38,4100,TS_MAPWHO | TS_UNKNOWN_1000,0,PA_NONE,1123,PB_WOMAN_REDHEAD,512,1133,0,0,1,TM_PERSON,29,PS_WANDER,49,TA_SOUTHEAST,0,1,PU_CIVILIAN,22690,0,0,0,0,0,0,0,0,0,0,0,0,0,0,0,0,0,0,0,0,128,80,208,80,128,80,208,80,128,80,208,80,68,16,32,32,0,PS_NONE,29,PS_WANDER,4,128,0
223,53292,20518,0,0,19018,11018,384,74,43,4100,TS_MAPWHO | TS_UNKNOWN_1000,0,PA_NONE,1123,PB_WOMAN_REDHEAD,521,1135,0,0,1,TM_PERSON,29,PS_WANDER,122,TA_NORTHEAST,0,1,PU_CIVILIAN,22579,0,0,0,0,0,0,0,0,0,0,0,0,0,0,0,0,0,9,0,0,128,80,208,80,128,80,208,80,128,80,208,80,80,16,32,32,0,PS_NONE,29,PS_WANDER,4,192,0
224,53384,20610,0,0,12473,5573,256,48,21,4100,TS_MAPWHO | TS_UNKNOWN_1000,0,PA_NONE,1123,PB_WOMAN_REDHEAD,527,1137,0,0,1,TM_PERSON,29,PS_WANDER,179,TA_NORTHWEST,0,1,PU_CIVILIAN,15275,0,0,0,0,0,0,0,0,0,0,0,0,0,0,0,0,0,9,0,0,128,80,208,80,128,80,208,80,128,80,208,80,59,16,32,32,0,PS_NONE,29,PS_WANDER,4,0,0
225,53476,20702,0,0,19687,11121,384,76,43,4100,TS_MAPWHO | TS_UNKNOWN_1000,0,PA_NONE,1123,PB_WOMAN_REDHEAD,519,1135,0,0,1,TM_PERSON,29,PS_WANDER,129,TA_NORTHEAST,0,1,PU_CIVILIAN,22948,0,0,0,0,0,0,0,0,0,0,0,0,0,0,0,0,0,9,0,0,128,80,208,80,128,80,208,80,128,80,208,80,57,16,32,32,0,PS_NONE,29,PS_WANDER,4,64,0
226,53568,20794,0,0,0,0,0,0,0,0,TS_NONE,0,PA_NONE,0,PB_NONE,0,0,0,0,0,TM_NONE,0,PS_NONE,0,TA_SOUTHWEST,0,0,PU_NONE,0,0,0,0,0,0,0,0,0,0,0,0,0,0,0,0,0,0,0,0,0,0,0,0,0,0,0,0,0,0,0,0,0,0,0,0,0,0,PS_NONE,0,PS_NONE,0,0,0
227,53660,20886,0,23722,8260,13120,256,32,51,5,TS_NODRAW | TS_MAPWHO,0,PA_NONE,626,PB_WOMAN_BLONDE,491,639,0,0,1,TM_PERSON,3,PS_GOTO_POINT3,163,TA_NORTH,0,1,PU_CIVILIAN,0,0,0,23722,24,24,0,23722,10432,5184,256,8008,13120,0,0,0,0,0,0,0,0,128,128,128,0,128,128,128,0,128,128,128,0,8,76,100,32,0,PS_NONE,3,PS_GOTO_POINT3,0,0,0
228,53752,20978,0,23596,21440,7316,256,83,28,5,TS_NODRAW | TS_MAPWHO,0,PA_NONE,626,PB_WOMAN_BLONDE,487,638,0,0,1,TM_PERSON,3,PS_GOTO_POINT3,138,TA_NORTHEAST,0,1,PU_CIVILIAN,0,0,0,23596,56,56,0,23596,20416,4800,256,21440,7216,0,0,0,0,0,0,0,0,128,128,128,0,128,128,128,0,128,128,128,0,57,50,100,32,0,PS_NONE,3,PS_GOTO_POINT3,0,0,0
229,53844,21070,0,23638,22438,7616,256,87,29,5,TS_NODRAW | TS_MAPWHO,0,PA_NONE,626,PB_WOMAN_BLONDE,487,638,0,0,1,TM_PERSON,3,PS_GOTO_POINT3,121,TA_NORTHEAST,0,1,PU_CIVILIAN,0,0,0,23638,80,80,0,23638,11968,8000,256,22514,7616,0,0,0,0,0,0,0,0,128,128,128,0,128,128,128,0,128,128,128,0,68,76,100,32,0,PS_NONE,3,PS_GOTO_POINT3,0,0,0
230,53936,21162,0,23680,22802,8000,256,89,31,5,TS_NODRAW | TS_MAPWHO,0,PA_NONE,626,PB_WOMAN_BLONDE,482,637,0,0,1,TM_PERSON,3,PS_GOTO_POINT3,103,TA_EAST,0,1,PU_CIVILIAN,0,0,0,23680,128,112,0,23680,12992,8128,256,22602,8000,0,0,0,0,0,0,0,0,128,128,128,0,128,128,128,0,128,128,128,0,78,100,100,32,0,PS_NONE,3,PS_GOTO_POINT3,0,0,0
231,54028,21254,0,0,0,0,0,0,0,0,TS_NONE,0,PA_NONE,0,PB_NONE,0,0,0,0,0,TM_NONE,0,PS_NONE,0,TA_SOUTHWEST,0,0,PU_NONE,0,0,0,0,0,0,0,0,0,0,0,0,0,0,0,0,0,0,0,0,0,0,0,0,0,0,0,0,0,0,0,0,0,0,0,0,0,0,PS_NONE,0,PS_NONE,0,0,0
232,54120,21346,0,0,0,0,0,0,0,0,TS_NONE,0,PA_NONE,0,PB_NONE,0,0,0,0,0,TM_NONE,0,PS_NONE,0,TA_SOUTHWEST,0,0,PU_NONE,0,0,0,0,0,0,0,0,0,0,0,0,0,0,0,0,0,0,0,0,0,0,0,0,0,0,0,0,0,0,0,0,0,0,0,0,0,0,PS_NONE,0,PS_NONE,0,0,0
233,54212,21438,0,0,0,0,0,0,0,0,TS_NONE,0,PA_NONE,0,PB_NONE,0,0,0,0,0,TM_NONE,0,PS_NONE,0,TA_SOUTHWEST,0,0,PU_NONE,0,0,0,0,0,0,0,0,0,0,0,0,0,0,0,0,0,0,0,0,0,0,0,0,0,0,0,0,0,0,0,0,0,0,0,0,0,0,PS_NONE,0,PS_NONE,0,0,0
234,54304,21530,0,0,0,0,0,0,0,0,TS_NONE,0,PA_NONE,0,PB_NONE,0,0,0,0,0,TM_NONE,0,PS_NONE,0,TA_SOUTHWEST,0,0,PU_NONE,0,0,0,0,0,0,0,0,0,0,0,0,0,0,0,0,0,0,0,0,0,0,0,0,0,0,0,0,0,0,0,0,0,0,0,0,0,0,PS_NONE,0,PS_NONE,0,0,0
235,54396,21622,0,0,0,0,0,0,0,0,TS_NONE,0,PA_NONE,0,PB_NONE,0,0,0,0,0,TM_NONE,0,PS_NONE,0,TA_SOUTHWEST,0,0,PU_NONE,0,0,0,0,0,0,0,0,0,0,0,0,0,0,0,0,0,0,0,0,0,0,0,0,0,0,0,0,0,0,0,0,0,0,0,0,0,0,PS_NONE,0,PS_NONE,0,0,0
236,54488,21714,0,0,0,0,0,0,0,0,TS_NONE,0,PA_NONE,0,PB_NONE,0,0,0,0,0,TM_NONE,0,PS_NONE,0,TA_SOUTHWEST,0,0,PU_NONE,0,0,0,0,0,0,0,0,0,0,0,0,0,0,0,0,0,0,0,0,0,0,0,0,0,0,0,0,0,0,0,0,0,0,0,0,0,0,PS_NONE,0,PS_NONE,0,0,0
237,54580,21806,0,0,0,0,0,0,0,0,TS_NONE,0,PA_NONE,0,PB_NONE,0,0,0,0,0,TM_NONE,0,PS_NONE,0,TA_SOUTHWEST,0,0,PU_NONE,0,0,0,0,0,0,0,0,0,0,0,0,0,0,0,0,0,0,0,0,0,0,0,0,0,0,0,0,0,0,0,0,0,0,0,0,0,0,PS_NONE,0,PS_NONE,0,0,0
238,54672,21898,0,0,0,0,0,0,0,0,TS_NONE,0,PA_NONE,0,PB_NONE,0,0,0,0,0,TM_NONE,0,PS_NONE,0,TA_SOUTHWEST,0,0,PU_NONE,0,0,0,0,0,0,0,0,0,0,0,0,0,0,0,0,0,0,0,0,0,0,0,0,0,0,0,0,0,0,0,0,0,0,0,0,0,0,PS_NONE,0,PS_NONE,0,0,0
239,54764,21990,0,0,0,0,0,0,0,0,TS_NONE,0,PA_NONE,0,PB_NONE,0,0,0,0,0,TM_NONE,0,PS_NONE,0,TA_SOUTHWEST,0,0,PU_NONE,0,0,0,0,0,0,0,0,0,0,0,0,0,0,0,0,0,0,0,0,0,0,0,0,0,0,0,0,0,0,0,0,0,0,0,0,0,0,PS_NONE,0,PS_NONE,0,0,0
240,54856,22082,0,0,0,0,0,0,0,0,TS_NONE,0,PA_NONE,0,PB_NONE,0,0,0,0,0,TM_NONE,0,PS_NONE,0,TA_SOUTHWEST,0,0,PU_NONE,0,0,0,0,0,0,0,0,0,0,0,0,0,0,0,0,0,0,0,0,0,0,0,0,0,0,0,0,0,0,0,0,0,0,0,0,0,0,PS_NONE,0,PS_NONE,0,0,0
241,54948,22174,0,0,0,0,0,0,0,0,TS_NONE,0,PA_NONE,0,PB_NONE,0,0,0,0,0,TM_NONE,0,PS_NONE,0,TA_SOUTHWEST,0,0,PU_NONE,0,0,0,0,0,0,0,0,0,0,0,0,0,0,0,0,0,0,0,0,0,0,0,0,0,0,0,0,0,0,0,0,0,0,0,0,0,0,PS_NONE,0,PS_NONE,0,0,0
242,55040,22266,0,0,0,0,0,0,0,0,TS_NONE,0,PA_NONE,0,PB_NONE,0,0,0,0,0,TM_NONE,0,PS_NONE,0,TA_SOUTHWEST,0,0,PU_NONE,0,0,0,0,0,0,0,0,0,0,0,0,0,0,0,0,0,0,0,0,0,0,0,0,0,0,0,0,0,0,0,0,0,0,0,0,0,0,PS_NONE,0,PS_NONE,0,0,0
243,55132,22358,0,0,0,0,0,0,0,0,TS_NONE,0,PA_NONE,0,PB_NONE,0,0,0,0,0,TM_NONE,0,PS_NONE,0,TA_SOUTHWEST,0,0,PU_NONE,0,0,0,0,0,0,0,0,0,0,0,0,0,0,0,0,0,0,0,0,0,0,0,0,0,0,0,0,0,0,0,0,0,0,0,0,0,0,PS_NONE,0,PS_NONE,0,0,0
244,55224,22450,0,0,0,0,0,0,0,0,TS_NONE,0,PA_NONE,0,PB_NONE,0,0,0,0,0,TM_NONE,0,PS_NONE,0,TA_SOUTHWEST,0,0,PU_NONE,0,0,0,0,0,0,0,0,0,0,0,0,0,0,0,0,0,0,0,0,0,0,0,0,0,0,0,0,0,0,0,0,0,0,0,0,0,0,PS_NONE,0,PS_NONE,0,0,0
245,55316,22542,0,0,0,0,0,0,0,0,TS_NONE,0,PA_NONE,0,PB_NONE,0,0,0,0,0,TM_NONE,0,PS_NONE,0,TA_SOUTHWEST,0,0,PU_NONE,0,0,0,0,0,0,0,0,0,0,0,0,0,0,0,0,0,0,0,0,0,0,0,0,0,0,0,0,0,0,0,0,0,0,0,0,0,0,PS_NONE,0,PS_NONE,0,0,0
246,55408,22634,0,0,0,0,0,0,0,0,TS_NONE,0,PA_NONE,0,PB_NONE,0,0,0,0,0,TM_NONE,0,PS_NONE,0,TA_SOUTHWEST,0,0,PU_NONE,0,0,0,0,0,0,0,0,0,0,0,0,0,0,0,0,0,0,0,0,0,0,0,0,0,0,0,0,0,0,0,0,0,0,0,0,0,0,PS_NONE,0,PS_NONE,0,0,0
247,55500,22726,0,0,0,0,0,0,0,0,TS_NONE,0,PA_NONE,0,PB_NONE,0,0,0,0,0,TM_NONE,0,PS_NONE,0,TA_SOUTHWEST,0,0,PU_NONE,0,0,0,0,0,0,0,0,0,0,0,0,0,0,0,0,0,0,0,0,0,0,0,0,0,0,0,0,0,0,0,0,0,0,0,0,0,0,PS_NONE,0,PS_NONE,0,0,0
248,55592,22818,0,0,0,0,0,0,0,0,TS_NONE,0,PA_NONE,0,PB_NONE,0,0,0,0,0,TM_NONE,0,PS_NONE,0,TA_SOUTHWEST,0,0,PU_NONE,0,0,0,0,0,0,0,0,0,0,0,0,0,0,0,0,0,0,0,0,0,0,0,0,0,0,0,0,0,0,0,0,0,0,0,0,0,0,PS_NONE,0,PS_NONE,0,0,0
249,55684,22910,0,0,0,0,0,0,0,0,TS_NONE,0,PA_NONE,0,PB_NONE,0,0,0,0,0,TM_NONE,0,PS_NONE,0,TA_SOUTHWEST,0,0,PU_NONE,0,0,0,0,0,0,0,0,0,0,0,0,0,0,0,0,0,0,0,0,0,0,0,0,0,0,0,0,0,0,0,0,0,0,0,0,0,0,PS_NONE,0,PS_NONE,0,0,0
250,55776,23002,0,0,0,0,0,0,0,0,TS_NONE,0,PA_NONE,0,PB_NONE,0,0,0,0,0,TM_NONE,0,PS_NONE,0,TA_SOUTHWEST,0,0,PU_NONE,0,0,0,0,0,0,0,0,0,0,0,0,0,0,0,0,0,0,0,0,0,0,0,0,0,0,0,0,0,0,0,0,0,0,0,0,0,0,PS_NONE,0,PS_NONE,0,0,0
251,55868,23094,0,0,0,0,0,0,0,0,TS_NONE,0,PA_NONE,0,PB_NONE,0,0,0,0,0,TM_NONE,0,PS_NONE,0,TA_SOUTHWEST,0,0,PU_NONE,0,0,0,0,0,0,0,0,0,0,0,0,0,0,0,0,0,0,0,0,0,0,0,0,0,0,0,0,0,0,0,0,0,0,0,0,0,0,PS_NONE,0,PS_NONE,0,0,0
252,55960,23186,0,0,0,0,0,0,0,0,TS_NONE,0,PA_NONE,0,PB_NONE,0,0,0,0,0,TM_NONE,0,PS_NONE,0,TA_SOUTHWEST,0,0,PU_NONE,0,0,0,0,0,0,0,0,0,0,0,0,0,0,0,0,0,0,0,0,0,0,0,0,0,0,0,0,0,0,0,0,0,0,0,0,0,0,PS_NONE,0,PS_NONE,0,0,0
253,56052,23278,0,0,0,0,0,0,0,0,TS_NONE,0,PA_NONE,0,PB_NONE,0,0,0,0,0,TM_NONE,0,PS_NONE,0,TA_SOUTHWEST,0,0,PU_NONE,0,0,0,0,0,0,0,0,0,0,0,0,0,0,0,0,0,0,0,0,0,0,0,0,0,0,0,0,0,0,0,0,0,0,0,0,0,0,PS_NONE,0,PS_NONE,0,0,0
254,56144,23370,0,0,0,0,0,0,0,0,TS_NONE,0,PA_NONE,0,PB_NONE,0,0,0,0,0,TM_NONE,0,PS_NONE,0,TA_SOUTHWEST,0,0,PU_NONE,0,0,0,0,0,0,0,0,0,0,0,0,0,0,0,0,0,0,0,0,0,0,0,0,0,0,0,0,0,0,0,0,0,0,0,0,0,0,PS_NONE,0,PS_NONE,0,0,0
255,56236,23462,0,0,0,0,0,0,0,0,TS_NONE,0,PA_NONE,0,PB_NONE,0,0,0,0,0,TM_NONE,0,PS_NONE,0,TA_SOUTHWEST,0,0,PU_NONE,0,0,0,0,0,0,0,0,0,0,0,0,0,0,0,0,0,0,0,0,0,0,0,0,0,0,0,0,0,0,0,0,0,0,0,0,0,0,PS_NONE,0,PS_NONE,0,0,0
