Index,GloOfs,RelOfs,Child,Parent,Xpos,Ypos,Zpos,Xtile,Ytile,Status,Status_S,Affect,BaseFrame,BaseFrame_S,Frame,OldFrame,Life,WhoShotMe,Model,Model_S,State,State_S,Angle,Angle_S,ZAngle,Connected
0,59016,26242,0,0,9068,18132,256,35,70,4,TS_MAPWHO,0,0,OB_NONE,2068,395,40,0,5,TM_OBJECT,38,OS_ROAD_PORTAL,0,TA_SOUTHWEST,0,0
1,59046,26272,0,0,7544,17384,256,29,67,4,TS_MAPWHO,0,1093,OB_DOOR_SMALL_SWING,4734,1093,40,0,5,TM_OBJECT,12,OS_DOOR,0,TA_SOUTHWEST,0,0
2,59076,26302,0,0,6360,17016,256,24,66,4,TS_MAPWHO,0,1093,OB_DOOR_SMALL_SWING,4735,1094,40,0,5,TM_OBJECT,12,OS_DOOR,64,TA_SOUTHEAST,0,0
3,59106,26332,0,0,3200,16352,256,12,63,4,TS_MAPWHO,0,1109,OB_DOOR_SMALL_UPDOWN2,4758,1109,40,0,5,TM_OBJECT,12,OS_DOOR,128,TA_NORTHEAST,0,0
4,59136,26362,0,0,3784,15224,256,14,59,4,TS_MAPWHO,0,1109,OB_DOOR_SMALL_UPDOWN2,4759,1110,40,0,5,TM_OBJECT,12,OS_DOOR,192,TA_NORTHWEST,0,0
5,59166,26392,0,0,5216,4560,256,20,17,4,TS_MAPWHO,0,1085,OB_DOOR_SMALL_UPDOWN,4723,1085,40,0,5,TM_OBJECT,12,OS_DOOR,0,TA_SOUTHWEST,0,0
6,59196,26422,0,0,7280,4320,256,28,16,4,TS_MAPWHO,0,1093,OB_DOOR_SMALL_SWING,4734,1093,40,0,5,TM_OBJECT,12,OS_DOOR,0,TA_SOUTHWEST,0,0
7,59226,26452,0,0,9072,4320,256,35,16,4,TS_MAPWHO,0,1093,OB_DOOR_SMALL_SWING,4734,1093,40,0,5,TM_OBJECT,12,OS_DOOR,0,TA_SOUTHWEST,0,0
8,59256,26482,0,0,11120,4320,256,43,16,4,TS_MAPWHO,0,1093,OB_DOOR_SMALL_SWING,4734,1093,40,0,5,TM_OBJECT,12,OS_DOOR,0,TA_SOUTHWEST,0,0
9,59286,26512,0,0,12656,4304,256,49,16,4,TS_MAPWHO,0,1093,OB_DOOR_SMALL_SWING,4734,1093,40,0,5,TM_OBJECT,12,OS_DOOR,0,TA_SOUTHWEST,0,0
10,59316,26542,0,0,14192,4304,256,55,16,4,TS_MAPWHO,0,1093,OB_DOOR_SMALL_SWING,4734,1093,40,0,5,TM_OBJECT,12,OS_DOOR,0,TA_SOUTHWEST,0,0
11,59346,26572,0,0,21360,11232,256,83,43,4,TS_MAPWHO,0,1085,OB_DOOR_SMALL_UPDOWN,4723,1085,40,0,5,TM_OBJECT,12,OS_DOOR,128,TA_NORTHEAST,0,0
12,59376,26602,0,0,14968,17624,256,58,68,4,TS_MAPWHO,0,1093,OB_DOOR_SMALL_SWING,4734,1093,40,0,5,TM_OBJECT,12,OS_DOOR,0,TA_SOUTHWEST,0,0
13,59406,26632,0,0,10436,14204,256,40,55,4,TS_MAPWHO,0,1093,OB_DOOR_SMALL_SWING,4735,1094,40,0,5,TM_OBJECT,12,OS_DOOR,64,TA_SOUTHEAST,0,0
14,59436,26662,0,0,17844,13964,256,69,54,4,TS_MAPWHO,0,1093,OB_DOOR_SMALL_SWING,4735,1094,40,0,5,TM_OBJECT,12,OS_DOOR,64,TA_SOUTHEAST,0,0
15,59466,26692,0,0,16240,6864,384,63,26,4,TS_MAPWHO,0,1085,OB_DOOR_SMALL_UPDOWN,4723,1085,40,0,5,TM_OBJECT,12,OS_DOOR,128,TA_NORTHEAST,0,0
16,59496,26722,0,0,17264,6864,384,67,26,4,TS_MAPWHO,0,1085,OB_DOOR_SMALL_UPDOWN,4723,1085,40,0,5,TM_OBJECT,12,OS_DOOR,128,TA_NORTHEAST,0,0
17,59526,26752,0,0,18288,6864,384,71,26,4,TS_MAPWHO,0,1085,OB_DOOR_SMALL_UPDOWN,4723,1085,40,0,5,TM_OBJECT,12,OS_DOOR,128,TA_NORTHEAST,0,0
18,59556,26782,0,0,19568,6864,384,76,26,4,TS_MAPWHO,0,1085,OB_DOOR_SMALL_UPDOWN,4723,1085,40,0,5,TM_OBJECT,12,OS_DOOR,128,TA_NORTHEAST,0,0
19,59586,26812,0,0,20592,6608,256,80,25,4,TS_MAPWHO,0,1085,OB_DOOR_SMALL_UPDOWN,4723,1085,40,0,5,TM_OBJECT,12,OS_DOOR,128,TA_NORTHEAST,0,0
20,59616,26842,0,0,3448,15368,1280,13,60,7,TS_NODRAW | TS_UNKNOWN_2 | TS_MAPWHO,0,0,OB_NONE,8267,1960,65534,0,5,TM_OBJECT,37,OS_WINDOWS_TRANSPARENT3,192,TA_NORTHWEST,0,0
21,59646,26872,0,0,3960,9992,768,15,39,7,TS_NODRAW | TS_UNKNOWN_2 | TS_MAPWHO,0,0,OB_NONE,8658,1959,65534,0,5,TM_OBJECT,37,OS_WINDOWS_TRANSPARENT3,0,TA_SOUTHWEST,0,0
22,59676,26902,0,28282,4728,8072,896,18,31,7,TS_NODRAW | TS_UNKNOWN_2 | TS_MAPWHO,0,0,OB_NONE,8267,1960,65534,0,5,TM_OBJECT,37,OS_WINDOWS_TRANSPARENT3,64,TA_SOUTHEAST,0,0
23,59706,26932,0,30382,6776,4360,1152,26,17,7,TS_NODRAW | TS_UNKNOWN_2 | TS_MAPWHO,0,0,OB_NONE,8658,1959,65534,0,5,TM_OBJECT,37,OS_WINDOWS_TRANSPARENT3,128,TA_NORTHEAST,0,0
24,59736,26962,0,28162,7544,4360,896,29,17,6,TS_UNKNOWN_2 | TS_MAPWHO,0,0,OB_NONE,8658,1959,65534,0,5,TM_OBJECT,32,OS_WINDOWS_TRANSPARENT,128,TA_NORTHEAST,0,0
25,59766,26992,0,0,9336,4360,1152,36,17,6,TS_UNKNOWN_2 | TS_MAPWHO,0,0,OB_NONE,8658,1959,65534,0,5,TM_OBJECT,32,OS_WINDOWS_TRANSPARENT,0,TA_SOUTHWEST,0,0
26,59796,27022,0,0,10104,3592,1024,39,14,6,TS_UNKNOWN_2 | TS_MAPWHO,0,0,OB_NONE,8661,1962,65534,0,5,TM_OBJECT,33,OS_WINDOWS_TRANSPARENT2,64,TA_SOUTHEAST,0,0
27,59826,27052,0,0,10616,4360,896,41,17,7,TS_NODRAW | TS_UNKNOWN_2 | TS_MAPWHO,0,0,OB_NONE,8658,1959,65534,0,5,TM_OBJECT,37,OS_WINDOWS_TRANSPARENT3,128,TA_NORTHEAST,0,0
28,59856,27082,0,0,11896,3592,1280,46,14,6,TS_UNKNOWN_2 | TS_MAPWHO,0,0,OB_NONE,8267,1960,65534,0,5,TM_OBJECT,32,OS_WINDOWS_TRANSPARENT,192,TA_NORTHWEST,0,0
29,59886,27112,0,0,12920,4360,640,50,17,7,TS_NODRAW | TS_UNKNOWN_2 | TS_MAPWHO,0,0,OB_NONE,8658,1959,65534,0,5,TM_OBJECT,37,OS_WINDOWS_TRANSPARENT3,0,TA_SOUTHWEST,0,0
30,59916,27142,0,0,14968,3592,512,58,14,6,TS_UNKNOWN_2 | TS_MAPWHO,0,0,OB_NONE,8267,1960,65534,0,5,TM_OBJECT,32,OS_WINDOWS_TRANSPARENT,64,TA_SOUTHEAST,0,0
31,59946,27172,0,0,13688,4360,1152,53,17,7,TS_NODRAW | TS_UNKNOWN_2 | TS_MAPWHO,0,0,OB_NONE,8658,1959,65534,0,5,TM_OBJECT,37,OS_WINDOWS_TRANSPARENT3,128,TA_NORTHEAST,0,0
32,59976,27202,0,0,25464,4360,1408,99,17,6,TS_UNKNOWN_2 | TS_MAPWHO,0,0,OB_NONE,8267,1960,65534,0,5,TM_OBJECT,32,OS_WINDOWS_TRANSPARENT,192,TA_NORTHWEST,0,0
33,60006,27232,0,0,25464,5384,1024,99,21,6,TS_UNKNOWN_2 | TS_MAPWHO,0,0,OB_NONE,8267,1960,65534,0,5,TM_OBJECT,32,OS_WINDOWS_TRANSPARENT,192,TA_NORTHWEST,0,0
34,60036,27262,0,0,24568,6280,1152,95,24,6,TS_UNKNOWN_2 | TS_MAPWHO,0,0,OB_NONE,8658,1959,65534,0,5,TM_OBJECT,32,OS_WINDOWS_TRANSPARENT,0,TA_SOUTHWEST,0,0
35,60066,27292,0,0,23032,6280,1152,89,24,7,TS_NODRAW | TS_UNKNOWN_2 | TS_MAPWHO,0,0,OB_NONE,8658,1959,65534,0,5,TM_OBJECT,37,OS_WINDOWS_TRANSPARENT3,0,TA_SOUTHWEST,0,0
36,60096,27322,0,0,20088,9480,1024,78,37,7,TS_NODRAW | TS_UNKNOWN_2 | TS_MAPWHO,0,0,OB_NONE,8267,1960,65534,0,5,TM_OBJECT,37,OS_WINDOWS_TRANSPARENT3,64,TA_SOUTHEAST,0,0
37,60126,27352,5982,0,20088,11272,1024,78,44,7,TS_NODRAW | TS_UNKNOWN_2 | TS_MAPWHO,0,0,OB_NONE,8267,1960,65534,0,5,TM_OBJECT,37,OS_WINDOWS_TRANSPARENT3,64,TA_SOUTHEAST,0,0
38,60156,27382,0,0,20088,14600,1024,78,57,6,TS_UNKNOWN_2 | TS_MAPWHO,0,0,OB_NONE,8267,1960,65534,0,5,TM_OBJECT,32,OS_WINDOWS_TRANSPARENT,64,TA_SOUTHEAST,0,0
39,60186,27412,0,0,19320,16648,896,75,65,7,TS_NODRAW | TS_UNKNOWN_2 | TS_MAPWHO,0,0,OB_NONE,8658,1959,65534,0,5,TM_OBJECT,37,OS_WINDOWS_TRANSPARENT3,128,TA_NORTHEAST,0,0
40,60216,27442,0,0,16760,14600,768,65,57,7,TS_NODRAW | TS_UNKNOWN_2 | TS_MAPWHO,0,0,OB_NONE,8658,1959,65534,0,5,TM_OBJECT,37,OS_WINDOWS_TRANSPARENT3,128,TA_NORTHEAST,0,0
41,60246,27472,0,0,18040,12424,896,70,48,6,TS_UNKNOWN_2 | TS_MAPWHO,0,0,OB_NONE,8267,1960,65534,0,5,TM_OBJECT,32,OS_WINDOWS_TRANSPARENT,192,TA_NORTHWEST,0,0
42,60276,27502,0,30622,16248,10248,640,63,40,7,TS_NODRAW | TS_UNKNOWN_2 | TS_MAPWHO,0,0,OB_NONE,8267,1960,65534,0,5,TM_OBJECT,37,OS_WINDOWS_TRANSPARENT3,192,TA_NORTHWEST,0,0
43,60306,27532,0,0,15736,11400,1152,61,44,7,TS_NODRAW | TS_UNKNOWN_2 | TS_MAPWHO,0,0,OB_NONE,8267,1960,65534,0,5,TM_OBJECT,37,OS_WINDOWS_TRANSPARENT3,64,TA_SOUTHEAST,0,0
44,60336,27562,0,0,8568,16648,1024,33,65,6,TS_UNKNOWN_2 | TS_MAPWHO,0,0,OB_NONE,8267,1960,65534,0,5,TM_OBJECT,32,OS_WINDOWS_TRANSPARENT,64,TA_SOUTHEAST,0,0
45,60366,27592,0,30142,7032,17416,1152,27,68,7,TS_NODRAW | TS_UNKNOWN_2 | TS_MAPWHO,0,0,OB_NONE,8658,1959,65534,0,5,TM_OBJECT,37,OS_WINDOWS_TRANSPARENT3,128,TA_NORTHEAST,0,0
46,60396,27622,0,28582,20088,13688,384,78,53,6,TS_UNKNOWN_2 | TS_MAPWHO,0,0,OB_NONE,2725,619,50,0,5,TM_OBJECT,1,OS_PHONE_BOOTH,192,TA_NORTHWEST,0,0
47,60426,27652,0,0,13576,6312,256,53,24,6,TS_UNKNOWN_2 | TS_MAPWHO,0,0,OB_NONE,2725,619,50,0,5,TM_OBJECT,1,OS_PHONE_BOOTH,64,TA_SOUTHEAST,0,0
48,60456,27682,0,0,4724,7420,384,18,28,6,TS_UNKNOWN_2 | TS_MAPWHO,0,0,OB_NONE,2725,619,50,0,5,TM_OBJECT,1,OS_PHONE_BOOTH,64,TA_SOUTHEAST,0,0
49,60486,27712,0,0,10092,7124,256,39,27,4,TS_MAPWHO,0,1085,OB_DOOR_SMALL_UPDOWN,4723,1085,40,0,5,TM_OBJECT,12,OS_DOOR,128,TA_NORTHEAST,0,0
50,60516,27742,0,0,10512,14416,256,41,56,6,TS_UNKNOWN_2 | TS_MAPWHO,0,0,OB_TREE_IN_POT,2288,558,50,0,5,TM_OBJECT,22,OS_TREE,128,TA_NORTHEAST,0,0
51,60546,27772,0,0,20012,15508,256,78,60,6,TS_UNKNOWN_2 | TS_MAPWHO,0,0,OB_TREE_IN_POT,2288,558,50,0,5,TM_OBJECT,22,OS_TREE,128,TA_NORTHEAST,0,0
52,60576,27802,0,0,20008,14920,256,78,58,6,TS_UNKNOWN_2 | TS_MAPWHO,0,0,OB_TREE_IN_POT,2288,558,50,0,5,TM_OBJECT,22,OS_TREE,128,TA_NORTHEAST,0,0
53,60606,27832,0,0,21168,11360,256,82,44,6,TS_UNKNOWN_2 | TS_MAPWHO,0,0,OB_TREE_IN_POT,2288,558,50,0,5,TM_OBJECT,22,OS_TREE,128,TA_NORTHEAST,0,0
54,60636,27862,0,0,21604,11356,256,84,44,6,TS_UNKNOWN_2 | TS_MAPWHO,0,0,OB_TREE_IN_POT,2288,558,50,0,5,TM_OBJECT,22,OS_TREE,128,TA_NORTHEAST,0,0
55,60666,27892,0,0,19768,7032,256,77,27,6,TS_UNKNOWN_2 | TS_MAPWHO,0,0,OB_TREE_IN_POT,2288,558,50,0,5,TM_OBJECT,22,OS_TREE,192,TA_NORTHWEST,0,0
56,60696,27922,0,0,5944,12440,256,23,48,6,TS_UNKNOWN_2 | TS_MAPWHO,0,0,OB_NONE,2521,561,50,0,5,TM_OBJECT,25,OS_MAILBOX,192,TA_NORTHWEST,0,0
57,60726,27952,0,0,5972,7324,256,23,28,6,TS_UNKNOWN_2 | TS_MAPWHO,0,0,OB_NONE,2521,561,50,0,5,TM_OBJECT,25,OS_MAILBOX,192,TA_NORTHWEST,0,0
58,60756,27982,0,0,14916,7308,256,58,28,6,TS_UNKNOWN_2 | TS_MAPWHO,0,0,OB_NONE,2521,561,50,0,5,TM_OBJECT,25,OS_MAILBOX,192,TA_NORTHWEST,0,0
59,60786,28012,0,0,14900,12092,256,58,47,6,TS_UNKNOWN_2 | TS_MAPWHO,0,0,OB_NONE,2521,561,50,0,5,TM_OBJECT,25,OS_MAILBOX,192,TA_NORTHWEST,0,0
60,60816,28042,0,30202,7756,17444,256,30,68,6,TS_UNKNOWN_2 | TS_MAPWHO,0,0,OB_NONE,2460,562,50,0,5,TM_OBJECT,26,OS_TRASHCAN,192,TA_NORTHWEST,0,0
61,60846,28072,0,28102,3432,16408,256,13,64,6,TS_UNKNOWN_2 | TS_MAPWHO,0,0,OB_NONE,2460,562,50,0,5,TM_OBJECT,26,OS_TRASHCAN,192,TA_NORTHWEST,0,0
62,60876,28102,28072,0,3532,16404,256,13,64,6,TS_UNKNOWN_2 | TS_MAPWHO,0,0,OB_NONE,2460,562,50,0,5,TM_OBJECT,26,OS_TRASHCAN,192,TA_NORTHWEST,0,0
63,60906,28132,0,0,4644,9100,256,18,35,6,TS_UNKNOWN_2 | TS_MAPWHO,0,0,OB_NONE,2460,562,50,0,5,TM_OBJECT,26,OS_TRASHCAN,192,TA_NORTHWEST,0,0
64,60936,28162,26962,0,7548,4388,256,29,17,6,TS_UNKNOWN_2 | TS_MAPWHO,0,0,OB_NONE,2460,562,50,0,5,TM_OBJECT,26,OS_TRASHCAN,192,TA_NORTHWEST,0,0
65,60966,28192,0,0,14408,4392,256,56,17,6,TS_UNKNOWN_2 | TS_MAPWHO,0,0,OB_NONE,2460,562,50,0,5,TM_OBJECT,26,OS_TRASHCAN,192,TA_NORTHWEST,0,0
66,60996,28222,0,0,25660,4660,256,100,18,6,TS_UNKNOWN_2 | TS_MAPWHO,0,0,OB_NONE,2460,562,50,0,5,TM_OBJECT,26,OS_TRASHCAN,192,TA_NORTHWEST,0,0
67,61026,28252,0,0,3872,15056,256,15,58,6,TS_UNKNOWN_2 | TS_MAPWHO,0,0,OB_NONE,2460,562,50,0,5,TM_OBJECT,26,OS_TRASHCAN,192,TA_NORTHWEST,0,0
68,61056,28282,26902,0,4724,8028,1024,18,31,6,TS_UNKNOWN_2 | TS_MAPWHO,0,573,OB_BILLBOARD_BULLFROG_SE,2830,573,50,0,5,TM_OBJECT,31,OS_BILLBOARD,192,TA_NORTHWEST,0,0
69,61086,28312,0,0,9892,6924,1024,38,27,6,TS_UNKNOWN_2 | TS_MAPWHO,0,570,OB_BILLBOARD_TRAVEL_SW,2536,570,50,0,5,TM_OBJECT,31,OS_BILLBOARD,192,TA_NORTHWEST,0,0
70,61116,28342,0,0,24056,6408,896,93,25,6,TS_UNKNOWN_2 | TS_MAPWHO,0,571,OB_BILLBOARD_DRINK_SW,2868,571,50,0,5,TM_OBJECT,31,OS_BILLBOARD,192,TA_NORTHWEST,0,0
71,61146,28372,0,0,20068,11980,896,78,46,6,TS_UNKNOWN_2 | TS_MAPWHO,0,575,OB_BILLBOARD_BROKEN_SE,2758,575,50,0,5,TM_OBJECT,31,OS_BILLBOARD,192,TA_NORTHWEST,0,0
72,61176,28402,0,0,20068,14028,896,78,54,6,TS_UNKNOWN_2 | TS_MAPWHO,0,573,OB_BILLBOARD_BULLFROG_SE,2843,573,50,0,5,TM_OBJECT,31,OS_BILLBOARD,192,TA_NORTHWEST,0,0
73,61206,28432,0,0,8572,17012,1024,33,66,6,TS_UNKNOWN_2 | TS_MAPWHO,0,575,OB_BILLBOARD_BROKEN_SE,2758,575,50,0,5,TM_OBJECT,31,OS_BILLBOARD,192,TA_NORTHWEST,0,0
74,61236,28462,0,28492,20044,14324,1152,78,55,6,TS_UNKNOWN_2 | TS_MAPWHO,0,1069,OB_NEONSIGN_SMALL_YELLOW,4947,1070,50,0,5,TM_OBJECT,10,OS_NEON_SIGN,192,TA_NORTHWEST,0,0
75,61266,28492,28462,28522,20012,14292,1024,78,55,6,TS_UNKNOWN_2 | TS_MAPWHO,0,1071,OB_NEONSIGN_SMALL_BLUE,4696,1072,50,0,5,TM_OBJECT,10,OS_NEON_SIGN,192,TA_NORTHWEST,0,0
76,61296,28522,28492,0,19980,14260,896,78,55,6,TS_UNKNOWN_2 | TS_MAPWHO,0,1073,OB_NEONSIGN_SMALL_RED,4698,1074,50,0,5,TM_OBJECT,10,OS_NEON_SIGN,192,TA_NORTHWEST,0,0
77,61326,28552,0,28672,20044,12276,1152,78,47,6,TS_UNKNOWN_2 | TS_MAPWHO,0,1069,OB_NEONSIGN_SMALL_YELLOW,4947,1070,50,0,5,TM_OBJECT,10,OS_NEON_SIGN,192,TA_NORTHWEST,0,0
78,61356,28582,27622,28612,20052,13724,1152,78,53,6,TS_UNKNOWN_2 | TS_MAPWHO,0,1069,OB_NEONSIGN_SMALL_YELLOW,4948,1070,50,0,5,TM_OBJECT,10,OS_NEON_SIGN,192,TA_NORTHWEST,0,0
79,61386,28612,28582,28642,20020,13692,1024,78,53,6,TS_UNKNOWN_2 | TS_MAPWHO,0,1071,OB_NEONSIGN_SMALL_BLUE,4696,1072,50,0,5,TM_OBJECT,10,OS_NEON_SIGN,192,TA_NORTHWEST,0,0
80,61416,28642,28612,0,19996,13668,896,78,53,6,TS_UNKNOWN_2 | TS_MAPWHO,0,1073,OB_NEONSIGN_SMALL_RED,4698,1074,50,0,5,TM_OBJECT,10,OS_NEON_SIGN,192,TA_NORTHWEST,0,0
81,61446,28672,28552,28702,20012,12244,1024,78,47,6,TS_UNKNOWN_2 | TS_MAPWHO,0,1071,OB_NEONSIGN_SMALL_BLUE,4696,1072,50,0,5,TM_OBJECT,10,OS_NEON_SIGN,192,TA_NORTHWEST,0,0
82,61476,28702,28672,0,19980,12212,896,78,47,6,TS_UNKNOWN_2 | TS_MAPWHO,0,1073,OB_NEONSIGN_SMALL_RED,4698,1074,50,0,5,TM_OBJECT,10,OS_NEON_SIGN,192,TA_NORTHWEST,0,0
83,61506,28732,0,28762,20052,11676,1152,78,45,6,TS_UNKNOWN_2 | TS_MAPWHO,0,1069,OB_NEONSIGN_SMALL_YELLOW,4948,1070,50,0,5,TM_OBJECT,10,OS_NEON_SIGN,192,TA_NORTHWEST,0,0
84,61536,28762,28732,28792,20020,11644,1024,78,45,6,TS_UNKNOWN_2 | TS_MAPWHO,0,1071,OB_NEONSIGN_SMALL_BLUE,4696,1072,50,0,5,TM_OBJECT,10,OS_NEON_SIGN,192,TA_NORTHWEST,0,0
85,61566,28792,28762,0,19996,11620,896,78,45,6,TS_UNKNOWN_2 | TS_MAPWHO,0,1073,OB_NEONSIGN_SMALL_RED,4698,1074,50,0,5,TM_OBJECT,10,OS_NEON_SIGN,192,TA_NORTHWEST,0,0
86,61596,28822,0,0,18156,16116,256,70,62,6,TS_UNKNOWN_2 | TS_MAPWHO,0,1061,OB_NEONSIGN_LARGE_BLUE,4909,1061,50,0,5,TM_OBJECT,10,OS_NEON_SIGN,0,TA_SOUTHWEST,0,0
87,61626,28852,0,0,18300,16260,256,71,63,6,TS_UNKNOWN_2 | TS_MAPWHO,0,1063,OB_NEONSIGN_LARGE_RED,4917,1063,50,0,5,TM_OBJECT,10,OS_NEON_SIGN,0,TA_SOUTHWEST,0,0
88,61656,28882,0,28912,8516,16460,768,33,64,6,TS_UNKNOWN_2 | TS_MAPWHO,0,1069,OB_NEONSIGN_SMALL_YELLOW,4946,1070,50,0,5,TM_OBJECT,10,OS_NEON_SIGN,64,TA_SOUTHEAST,0,0
89,61686,28912,28882,28942,8484,16428,640,33,64,6,TS_UNKNOWN_2 | TS_MAPWHO,0,1071,OB_NEONSIGN_SMALL_BLUE,4964,1072,50,0,5,TM_OBJECT,10,OS_NEON_SIGN,64,TA_SOUTHEAST,0,0
90,61716,28942,28912,0,8452,16396,512,33,64,6,TS_UNKNOWN_2 | TS_MAPWHO,0,1073,OB_NEONSIGN_SMALL_RED,4975,1074,50,0,5,TM_OBJECT,10,OS_NEON_SIGN,64,TA_SOUTHEAST,0,0
91,61746,28972,0,0,3836,16468,640,14,64,6,TS_UNKNOWN_2 | TS_MAPWHO,0,1065,OB_NEONSIGN_LARGE_WHITE,4657,1065,50,0,5,TM_OBJECT,10,OS_NEON_SIGN,0,TA_SOUTHWEST,0,0
92,61776,29002,0,0,4732,4452,1152,18,17,6,TS_UNKNOWN_2 | TS_MAPWHO,0,1063,OB_NEONSIGN_LARGE_RED,4654,1063,50,0,5,TM_OBJECT,10,OS_NEON_SIGN,128,TA_NORTHEAST,0,0
93,61806,29032,0,0,8200,4312,1024,32,16,6,TS_UNKNOWN_2 | TS_MAPWHO,0,1065,OB_NEONSIGN_LARGE_WHITE,4934,1066,50,0,5,TM_OBJECT,10,OS_NEON_SIGN,192,TA_NORTHWEST,0,0
94,61836,29062,40474,0,8964,4444,512,35,17,6,TS_UNKNOWN_2 | TS_MAPWHO,0,1073,OB_NEONSIGN_SMALL_RED,4970,1073,50,0,5,TM_OBJECT,10,OS_NEON_SIGN,0,TA_SOUTHWEST,0,0
95,61866,29092,0,0,11332,4412,512,44,17,6,TS_UNKNOWN_2 | TS_MAPWHO,0,1067,OB_NEONSIGN_SMALL_BROWN,4938,1067,50,0,5,TM_OBJECT,10,OS_NEON_SIGN,0,TA_SOUTHWEST,0,0
96,61896,29122,0,0,19972,3212,1152,78,12,6,TS_UNKNOWN_2 | TS_MAPWHO,0,570,OB_BILLBOARD_TRAVEL_SW,2540,570,50,0,5,TM_OBJECT,31,OS_BILLBOARD,0,TA_SOUTHWEST,0,0
97,61926,29152,0,0,14968,11896,256,58,46,6,TS_UNKNOWN_2 | TS_MAPWHO,0,2,OB_TREE_MEDIUM,1401,230,50,0,5,TM_OBJECT,22,OS_TREE,0,TA_SOUTHWEST,0,0
98,61956,29182,0,0,15180,11892,256,59,46,6,TS_UNKNOWN_2 | TS_MAPWHO,0,2,OB_TREE_MEDIUM,1401,230,50,0,5,TM_OBJECT,22,OS_TREE,0,TA_SOUTHWEST,0,0
99,61986,29212,0,0,15420,11892,256,60,46,6,TS_UNKNOWN_2 | TS_MAPWHO,0,2,OB_TREE_MEDIUM,1401,230,50,0,5,TM_OBJECT,22,OS_TREE,0,TA_SOUTHWEST,0,0
100,62016,29242,0,29272,18820,17308,256,73,67,6,TS_UNKNOWN_2 | TS_MAPWHO,0,2,OB_TREE_MEDIUM,1401,230,50,0,5,TM_OBJECT,22,OS_TREE,0,TA_SOUTHWEST,0,0
101,62046,29272,29242,0,18828,17188,256,73,67,6,TS_UNKNOWN_2 | TS_MAPWHO,0,2,OB_TREE_MEDIUM,1401,230,50,0,5,TM_OBJECT,22,OS_TREE,0,TA_SOUTHWEST,0,0
102,62076,29302,0,30082,18964,17324,256,74,67,6,TS_UNKNOWN_2 | TS_MAPWHO,0,2,OB_TREE_MEDIUM,1401,230,50,0,5,TM_OBJECT,22,OS_TREE,0,TA_SOUTHWEST,0,0
103,62106,29332,0,29362,20156,16708,256,78,65,6,TS_UNKNOWN_2 | TS_MAPWHO,0,2,OB_TREE_MEDIUM,1401,230,50,0,5,TM_OBJECT,22,OS_TREE,0,TA_SOUTHWEST,0,0
104,62136,29362,29332,29392,20148,16828,256,78,65,6,TS_UNKNOWN_2 | TS_MAPWHO,0,2,OB_TREE_MEDIUM,1401,230,50,0,5,TM_OBJECT,22,OS_TREE,0,TA_SOUTHWEST,0,0
105,62166,29392,29362,0,20040,16728,256,78,65,6,TS_UNKNOWN_2 | TS_MAPWHO,0,2,OB_TREE_MEDIUM,1401,230,50,0,5,TM_OBJECT,22,OS_TREE,0,TA_SOUTHWEST,0,0
106,62196,29422,0,29452,15476,4172,256,60,16,6,TS_UNKNOWN_2 | TS_MAPWHO,0,2,OB_TREE_MEDIUM,1401,230,50,0,5,TM_OBJECT,22,OS_TREE,192,TA_NORTHWEST,0,0
107,62226,29452,29422,0,15612,4164,256,60,16,6,TS_UNKNOWN_2 | TS_MAPWHO,0,2,OB_TREE_MEDIUM,1401,230,50,0,5,TM_OBJECT,22,OS_TREE,192,TA_NORTHWEST,0,0
108,62256,29482,0,29512,15472,4032,256,60,15,6,TS_UNKNOWN_2 | TS_MAPWHO,0,2,OB_TREE_MEDIUM,1401,230,50,0,5,TM_OBJECT,22,OS_TREE,192,TA_NORTHWEST,0,0
109,62286,29512,29482,0,15452,3860,256,60,15,6,TS_UNKNOWN_2 | TS_MAPWHO,0,2,OB_TREE_MEDIUM,1401,230,50,0,5,TM_OBJECT,22,OS_TREE,192,TA_NORTHWEST,0,0
110,62316,29542,0,29572,15456,3728,256,60,14,6,TS_UNKNOWN_2 | TS_MAPWHO,0,2,OB_TREE_MEDIUM,1401,230,50,0,5,TM_OBJECT,22,OS_TREE,192,TA_NORTHWEST,0,0
111,62346,29572,29542,0,15580,3716,256,60,14,6,TS_UNKNOWN_2 | TS_MAPWHO,0,2,OB_TREE_MEDIUM,1401,230,50,0,5,TM_OBJECT,22,OS_TREE,192,TA_NORTHWEST,0,0
112,62376,29602,0,0,20272,4144,256,79,16,6,TS_UNKNOWN_2 | TS_MAPWHO,0,2,OB_TREE_MEDIUM,1401,230,50,0,5,TM_OBJECT,22,OS_TREE,192,TA_NORTHWEST,0,0
113,62406,29632,0,29662,20284,4004,256,79,15,6,TS_UNKNOWN_2 | TS_MAPWHO,0,2,OB_TREE_MEDIUM,1401,230,50,0,5,TM_OBJECT,22,OS_TREE,192,TA_NORTHWEST,0,0
114,62436,29662,29632,0,20308,3868,256,79,15,6,TS_UNKNOWN_2 | TS_MAPWHO,0,2,OB_TREE_MEDIUM,1401,230,50,0,5,TM_OBJECT,22,OS_TREE,192,TA_NORTHWEST,0,0
115,62466,29692,0,0,20308,3708,256,79,14,6,TS_UNKNOWN_2 | TS_MAPWHO,0,2,OB_TREE_MEDIUM,1401,230,50,0,5,TM_OBJECT,22,OS_TREE,192,TA_NORTHWEST,0,0
116,62496,29722,0,0,20148,3708,256,78,14,6,TS_UNKNOWN_2 | TS_MAPWHO,0,2,OB_TREE_MEDIUM,1401,230,50,0,5,TM_OBJECT,22,OS_TREE,192,TA_NORTHWEST,0,0
117,62526,29752,0,0,20116,4140,256,78,16,6,TS_UNKNOWN_2 | TS_MAPWHO,0,2,OB_TREE_MEDIUM,1401,230,50,0,5,TM_OBJECT,22,OS_TREE,192,TA_NORTHWEST,0,0
118,62556,29782,0,0,3920,16208,256,15,63,6,TS_UNKNOWN_2 | TS_MAPWHO,0,3,OB_TREE_SMALL,1409,233,50,0,5,TM_OBJECT,22,OS_TREE,192,TA_NORTHWEST,0,0
119,62586,29812,0,0,4400,16208,256,17,63,6,TS_UNKNOWN_2 | TS_MAPWHO,0,3,OB_TREE_SMALL,1409,233,50,0,5,TM_OBJECT,22,OS_TREE,192,TA_NORTHWEST,0,0
120,62616,29842,0,0,3896,14648,256,15,57,6,TS_UNKNOWN_2 | TS_MAPWHO,0,3,OB_TREE_SMALL,1409,233,50,0,5,TM_OBJECT,22,OS_TREE,192,TA_NORTHWEST,0,0
121,62646,29872,0,0,4408,14648,256,17,57,6,TS_UNKNOWN_2 | TS_MAPWHO,0,3,OB_TREE_SMALL,1409,233,50,0,5,TM_OBJECT,22,OS_TREE,192,TA_NORTHWEST,0,0
122,62676,29902,0,30682,20084,8636,1024,78,33,6,TS_UNKNOWN_2 | TS_MAPWHO,0,1049,OB_NEONSIGN_MEDIUM_BLUE,4640,1049,50,0,5,TM_OBJECT,10,OS_NEON_SIGN,128,TA_NORTHEAST,0,0
123,62706,29932,0,0,4428,15012,256,17,58,6,TS_UNKNOWN_2 | TS_MAPWHO,0,3,OB_TREE_SMALL,1409,233,50,0,5,TM_OBJECT,22,OS_TREE,192,TA_NORTHWEST,0,0
124,62736,29962,0,0,4456,15896,256,17,62,6,TS_UNKNOWN_2 | TS_MAPWHO,0,3,OB_TREE_SMALL,1409,233,50,0,5,TM_OBJECT,22,OS_TREE,192,TA_NORTHWEST,0,0
125,62766,29992,0,30022,13932,15204,256,54,59,6,TS_UNKNOWN_2 | TS_MAPWHO,0,3,OB_TREE_SMALL,1409,233,50,0,5,TM_OBJECT,22,OS_TREE,192,TA_NORTHWEST,0,0
126,62796,30022,29992,30052,14048,15200,256,54,59,6,TS_UNKNOWN_2 | TS_MAPWHO,0,3,OB_TREE_SMALL,1409,233,50,0,5,TM_OBJECT,22,OS_TREE,192,TA_NORTHWEST,0,0
127,62826,30052,30022,0,13932,15316,256,54,59,6,TS_UNKNOWN_2 | TS_MAPWHO,0,3,OB_TREE_SMALL,1409,233,50,0,5,TM_OBJECT,22,OS_TREE,192,TA_NORTHWEST,0,0
128,62856,30082,29302,0,19088,17328,256,74,67,6,TS_UNKNOWN_2 | TS_MAPWHO,0,3,OB_TREE_SMALL,1409,233,50,0,5,TM_OBJECT,22,OS_TREE,192,TA_NORTHWEST,0,0
129,62886,30112,0,0,19880,16712,256,77,65,6,TS_UNKNOWN_2 | TS_MAPWHO,0,3,OB_TREE_SMALL,1409,233,50,0,5,TM_OBJECT,22,OS_TREE,192,TA_NORTHWEST,0,0
130,62916,30142,27592,0,7156,17532,512,27,68,6,TS_UNKNOWN_2 | TS_MAPWHO,0,0,OB_NONE,1886,550,50,0,5,TM_OBJECT,19,OS_WINDOW_CLOSED,0,TA_SOUTHWEST,0,0
131,62946,30172,0,0,7284,17532,512,28,68,6,TS_UNKNOWN_2 | TS_MAPWHO,0,0,OB_NONE,1886,550,50,0,5,TM_OBJECT,19,OS_WINDOW_CLOSED,0,TA_SOUTHWEST,0,0
132,62976,30202,28042,0,7912,17528,512,30,68,6,TS_UNKNOWN_2 | TS_MAPWHO,0,0,OB_NONE,2671,552,50,0,5,TM_OBJECT,18,OS_WINDOW_OPEN,0,TA_SOUTHWEST,0,0
133,63006,30232,0,0,5160,4728,512,20,18,6,TS_UNKNOWN_2 | TS_MAPWHO,0,0,OB_NONE,1886,550,50,0,5,TM_OBJECT,19,OS_WINDOW_CLOSED,0,TA_SOUTHWEST,0,0
134,63036,30262,0,0,5048,4728,512,19,18,6,TS_UNKNOWN_2 | TS_MAPWHO,0,0,OB_NONE,1886,550,50,0,5,TM_OBJECT,19,OS_WINDOW_CLOSED,0,TA_SOUTHWEST,0,0
135,63066,30292,0,0,5536,4720,512,21,18,6,TS_UNKNOWN_2 | TS_MAPWHO,0,0,OB_NONE,1886,550,50,0,5,TM_OBJECT,19,OS_WINDOW_CLOSED,0,TA_SOUTHWEST,0,0
136,63096,30322,0,0,5648,4720,512,22,18,6,TS_UNKNOWN_2 | TS_MAPWHO,0,0,OB_NONE,1886,550,50,0,5,TM_OBJECT,19,OS_WINDOW_CLOSED,0,TA_SOUTHWEST,0,0
137,63126,30352,0,30412,7152,4480,512,27,17,6,TS_UNKNOWN_2 | TS_MAPWHO,0,0,OB_NONE,1886,550,50,0,5,TM_OBJECT,19,OS_WINDOW_CLOSED,0,TA_SOUTHWEST,0,0
138,63156,30382,26932,0,6888,4472,512,26,17,6,TS_UNKNOWN_2 | TS_MAPWHO,0,0,OB_NONE,1886,550,50,0,5,TM_OBJECT,19,OS_WINDOW_CLOSED,0,TA_SOUTHWEST,0,0
139,63186,30412,30352,0,7016,4472,512,27,17,6,TS_UNKNOWN_2 | TS_MAPWHO,0,0,OB_NONE,1886,550,50,0,5,TM_OBJECT,19,OS_WINDOW_CLOSED,0,TA_SOUTHWEST,0,0
140,63216,30442,0,30472,15900,14132,256,62,55,6,TS_UNKNOWN_2 | TS_MAPWHO,0,1061,OB_NEONSIGN_LARGE_BLUE,4908,1061,50,0,5,TM_OBJECT,10,OS_NEON_SIGN,0,TA_SOUTHWEST,0,0
141,63246,30472,30442,0,16044,14276,256,62,55,6,TS_UNKNOWN_2 | TS_MAPWHO,0,1065,OB_NEONSIGN_LARGE_WHITE,4694,1065,50,0,5,TM_OBJECT,10,OS_NEON_SIGN,0,TA_SOUTHWEST,0,0
142,63276,30502,0,0,18024,14264,512,70,55,6,TS_UNKNOWN_2 | TS_MAPWHO,0,0,OB_NONE,1887,551,50,0,5,TM_OBJECT,19,OS_WINDOW_CLOSED,64,TA_SOUTHEAST,0,0
143,63306,30532,0,30562,18024,14520,512,70,56,6,TS_UNKNOWN_2 | TS_MAPWHO,0,0,OB_NONE,1887,551,50,0,5,TM_OBJECT,19,OS_WINDOW_CLOSED,64,TA_SOUTHEAST,0,0
144,63336,30562,30532,0,18024,14392,512,70,56,6,TS_UNKNOWN_2 | TS_MAPWHO,0,0,OB_NONE,1887,551,50,0,5,TM_OBJECT,19,OS_WINDOW_CLOSED,64,TA_SOUTHEAST,0,0
145,63366,30592,0,0,14892,17764,512,58,69,6,TS_UNKNOWN_2 | TS_MAPWHO,0,1075,OB_NEONSIGN_SMALL_WHITE,4978,1075,50,0,5,TM_OBJECT,10,OS_NEON_SIGN,128,TA_NORTHEAST,0,0
146,63396,30622,27502,0,16148,10284,256,63,40,6,TS_UNKNOWN_2 | TS_MAPWHO,0,0,OB_TREE_IN_POT,2288,558,50,0,5,TM_OBJECT,22,OS_TREE,128,TA_NORTHEAST,0,0
147,63426,30652,0,0,16156,9252,256,63,36,6,TS_UNKNOWN_2 | TS_MAPWHO,0,0,OB_TREE_IN_POT,2288,558,50,0,5,TM_OBJECT,22,OS_TREE,128,TA_NORTHEAST,0,0
148,63456,30682,29902,30712,20084,8636,896,78,33,6,TS_UNKNOWN_2 | TS_MAPWHO,0,1049,OB_NEONSIGN_MEDIUM_BLUE,4850,1049,50,0,5,TM_OBJECT,10,OS_NEON_SIGN,128,TA_NORTHEAST,0,0
149,63486,30712,30682,30742,20088,8632,768,78,33,6,TS_UNKNOWN_2 | TS_MAPWHO,0,1049,OB_NEONSIGN_MEDIUM_BLUE,4640,1049,50,0,5,TM_OBJECT,10,OS_NEON_SIGN,128,TA_NORTHEAST,0,0
150,63516,30742,30712,30772,20080,8624,640,78,33,6,TS_UNKNOWN_2 | TS_MAPWHO,0,1049,OB_NEONSIGN_MEDIUM_BLUE,4850,1049,50,0,5,TM_OBJECT,10,OS_NEON_SIGN,128,TA_NORTHEAST,0,0
151,63546,30772,30742,0,20064,8608,512,78,33,6,TS_UNKNOWN_2 | TS_MAPWHO,0,1049,OB_NEONSIGN_MEDIUM_BLUE,4641,1049,50,0,5,TM_OBJECT,10,OS_NEON_SIGN,128,TA_NORTHEAST,0,0
152,63576,30802,0,0,13988,5468,256,54,21,6,TS_UNKNOWN_2 | TS_MAPWHO,0,0,OB_NONE,2521,561,50,0,5,TM_OBJECT,25,OS_MAILBOX,128,TA_NORTHEAST,0,0
153,63606,30832,0,30862,22868,11308,640,89,44,6,TS_UNKNOWN_2 | TS_MAPWHO,0,1071,OB_NEONSIGN_SMALL_BLUE,4696,1072,50,0,5,TM_OBJECT,10,OS_NEON_SIGN,192,TA_NORTHWEST,0,0
154,63636,30862,30832,0,22836,11276,512,89,44,6,TS_UNKNOWN_2 | TS_MAPWHO,0,1073,OB_NEONSIGN_SMALL_RED,4974,1074,50,0,5,TM_OBJECT,10,OS_NEON_SIGN,192,TA_NORTHWEST,0,0
155,63666,30892,0,0,22812,11252,384,89,43,6,TS_UNKNOWN_2 | TS_MAPWHO,0,1075,OB_NEONSIGN_SMALL_WHITE,4985,1076,50,0,5,TM_OBJECT,10,OS_NEON_SIGN,192,TA_NORTHWEST,0,0
156,63696,30922,0,0,4220,12772,384,16,49,6,TS_UNKNOWN_2 | TS_MAPWHO,0,0,OB_NONE,2725,619,50,0,5,TM_OBJECT,1,OS_PHONE_BOOTH,192,TA_NORTHWEST,0,0
157,63726,30952,0,0,8284,14756,384,32,57,6,TS_UNKNOWN_2 | TS_MAPWHO,0,1075,OB_NEONSIGN_SMALL_WHITE,4978,1075,50,0,5,TM_OBJECT,10,OS_NEON_SIGN,0,TA_SOUTHWEST,0,0
158,63756,30982,0,0,6412,17236,256,25,67,6,TS_UNKNOWN_2 | TS_MAPWHO,0,0,OB_NONE,2460,562,50,0,5,TM_OBJECT,26,OS_TRASHCAN,0,TA_SOUTHWEST,0,0
159,63786,31012,0,0,0,0,0,0,0,0,TS_NONE,0,0,OB_NONE,0,0,0,0,0,TM_NONE,0,OS_NONE,0,TA_SOUTHWEST,0,0
160,63816,31042,0,0,0,0,0,0,0,0,TS_NONE,0,0,OB_NONE,0,0,0,0,0,TM_NONE,0,OS_NONE,0,TA_SOUTHWEST,0,0
161,63846,31072,0,0,0,0,0,0,0,0,TS_NONE,0,0,OB_NONE,0,0,0,0,0,TM_NONE,0,OS_NONE,0,TA_SOUTHWEST,0,0
162,63876,31102,0,0,0,0,0,0,0,0,TS_NONE,0,0,OB_NONE,0,0,0,0,0,TM_NONE,0,OS_NONE,0,TA_SOUTHWEST,0,0
163,63906,31132,0,0,0,0,0,0,0,0,TS_NONE,0,0,OB_NONE,0,0,0,0,0,TM_NONE,0,OS_NONE,0,TA_SOUTHWEST,0,0
164,63936,31162,0,0,0,0,0,0,0,0,TS_NONE,0,0,OB_NONE,0,0,0,0,0,TM_NONE,0,OS_NONE,0,TA_SOUTHWEST,0,0
165,63966,31192,0,0,0,0,0,0,0,0,TS_NONE,0,0,OB_NONE,0,0,0,0,0,TM_NONE,0,OS_NONE,0,TA_SOUTHWEST,0,0
166,63996,31222,0,0,0,0,0,0,0,0,TS_NONE,0,0,OB_NONE,0,0,0,0,0,TM_NONE,0,OS_NONE,0,TA_SOUTHWEST,0,0
167,64026,31252,0,0,0,0,0,0,0,0,TS_NONE,0,0,OB_NONE,0,0,0,0,0,TM_NONE,0,OS_NONE,0,TA_SOUTHWEST,0,0
168,64056,31282,0,0,0,0,0,0,0,0,TS_NONE,0,0,OB_NONE,0,0,0,0,0,TM_NONE,0,OS_NONE,0,TA_SOUTHWEST,0,0
169,64086,31312,0,0,0,0,0,0,0,0,TS_NONE,0,0,OB_NONE,0,0,0,0,0,TM_NONE,0,OS_NONE,0,TA_SOUTHWEST,0,0
170,64116,31342,0,0,0,0,0,0,0,0,TS_NONE,0,0,OB_NONE,0,0,0,0,0,TM_NONE,0,OS_NONE,0,TA_SOUTHWEST,0,0
171,64146,31372,0,0,0,0,0,0,0,0,TS_NONE,0,0,OB_NONE,0,0,0,0,0,TM_NONE,0,OS_NONE,0,TA_SOUTHWEST,0,0
172,64176,31402,0,0,0,0,0,0,0,0,TS_NONE,0,0,OB_NONE,0,0,0,0,0,TM_NONE,0,OS_NONE,0,TA_SOUTHWEST,0,0
173,64206,31432,0,0,0,0,0,0,0,0,TS_NONE,0,0,OB_NONE,0,0,0,0,0,TM_NONE,0,OS_NONE,0,TA_SOUTHWEST,0,0
174,64236,31462,0,0,0,0,0,0,0,0,TS_NONE,0,0,OB_NONE,0,0,0,0,0,TM_NONE,0,OS_NONE,0,TA_SOUTHWEST,0,0
175,64266,31492,0,0,0,0,0,0,0,0,TS_NONE,0,0,OB_NONE,0,0,0,0,0,TM_NONE,0,OS_NONE,0,TA_SOUTHWEST,0,0
176,64296,31522,0,0,0,0,0,0,0,0,TS_NONE,0,0,OB_NONE,0,0,0,0,0,TM_NONE,0,OS_NONE,0,TA_SOUTHWEST,0,0
177,64326,31552,0,0,0,0,0,0,0,0,TS_NONE,0,0,OB_NONE,0,0,0,0,0,TM_NONE,0,OS_NONE,0,TA_SOUTHWEST,0,0
178,64356,31582,0,0,0,0,0,0,0,0,TS_NONE,0,0,OB_NONE,0,0,0,0,0,TM_NONE,0,OS_NONE,0,TA_SOUTHWEST,0,0
179,64386,31612,0,0,0,0,0,0,0,0,TS_NONE,0,0,OB_NONE,0,0,0,0,0,TM_NONE,0,OS_NONE,0,TA_SOUTHWEST,0,0
180,64416,31642,0,0,0,0,0,0,0,0,TS_NONE,0,0,OB_NONE,0,0,0,0,0,TM_NONE,0,OS_NONE,0,TA_SOUTHWEST,0,0
181,64446,31672,0,0,0,0,0,0,0,0,TS_NONE,0,0,OB_NONE,0,0,0,0,0,TM_NONE,0,OS_NONE,0,TA_SOUTHWEST,0,0
182,64476,31702,0,0,0,0,0,0,0,0,TS_NONE,0,0,OB_NONE,0,0,0,0,0,TM_NONE,0,OS_NONE,0,TA_SOUTHWEST,0,0
183,64506,31732,0,0,0,0,0,0,0,0,TS_NONE,0,0,OB_NONE,0,0,0,0,0,TM_NONE,0,OS_NONE,0,TA_SOUTHWEST,0,0
184,64536,31762,0,0,0,0,0,0,0,0,TS_NONE,0,0,OB_NONE,0,0,0,0,0,TM_NONE,0,OS_NONE,0,TA_SOUTHWEST,0,0
185,64566,31792,0,0,0,0,0,0,0,0,TS_NONE,0,0,OB_NONE,0,0,0,0,0,TM_NONE,0,OS_NONE,0,TA_SOUTHWEST,0,0
186,64596,31822,0,0,0,0,0,0,0,0,TS_NONE,0,0,OB_NONE,0,0,0,0,0,TM_NONE,0,OS_NONE,0,TA_SOUTHWEST,0,0
187,64626,31852,0,0,0,0,0,0,0,0,TS_NONE,0,0,OB_NONE,0,0,0,0,0,TM_NONE,0,OS_NONE,0,TA_SOUTHWEST,0,0
188,64656,31882,0,0,0,0,0,0,0,0,TS_NONE,0,0,OB_NONE,0,0,0,0,0,TM_NONE,0,OS_NONE,0,TA_SOUTHWEST,0,0
189,64686,31912,0,0,0,0,0,0,0,0,TS_NONE,0,0,OB_NONE,0,0,0,0,0,TM_NONE,0,OS_NONE,0,TA_SOUTHWEST,0,0
190,64716,31942,0,0,0,0,0,0,0,0,TS_NONE,0,0,OB_NONE,0,0,0,0,0,TM_NONE,0,OS_NONE,0,TA_SOUTHWEST,0,0
191,64746,31972,0,0,0,0,0,0,0,0,TS_NONE,0,0,OB_NONE,0,0,0,0,0,TM_NONE,0,OS_NONE,0,TA_SOUTHWEST,0,0
192,64776,32002,0,0,0,0,0,0,0,0,TS_NONE,0,0,OB_NONE,0,0,0,0,0,TM_NONE,0,OS_NONE,0,TA_SOUTHWEST,0,0
193,64806,32032,0,0,0,0,0,0,0,0,TS_NONE,0,0,OB_NONE,0,0,0,0,0,TM_NONE,0,OS_NONE,0,TA_SOUTHWEST,0,0
194,64836,32062,0,0,0,0,0,0,0,0,TS_NONE,0,0,OB_NONE,0,0,0,0,0,TM_NONE,0,OS_NONE,0,TA_SOUTHWEST,0,0
195,64866,32092,0,0,0,0,0,0,0,0,TS_NONE,0,0,OB_NONE,0,0,0,0,0,TM_NONE,0,OS_NONE,0,TA_SOUTHWEST,0,0
196,64896,32122,0,0,0,0,0,0,0,0,TS_NONE,0,0,OB_NONE,0,0,0,0,0,TM_NONE,0,OS_NONE,0,TA_SOUTHWEST,0,0
197,64926,32152,0,0,0,0,0,0,0,0,TS_NONE,0,0,OB_NONE,0,0,0,0,0,TM_NONE,0,OS_NONE,0,TA_SOUTHWEST,0,0
198,64956,32182,0,0,0,0,0,0,0,0,TS_NONE,0,0,OB_NONE,0,0,0,0,0,TM_NONE,0,OS_NONE,0,TA_SOUTHWEST,0,0
199,64986,32212,0,0,0,0,0,0,0,0,TS_NONE,0,0,OB_NONE,0,0,0,0,0,TM_NONE,0,OS_NONE,0,TA_SOUTHWEST,0,0
200,65016,32242,0,0,0,0,0,0,0,0,TS_NONE,0,0,OB_NONE,0,0,0,0,0,TM_NONE,0,OS_NONE,0,TA_SOUTHWEST,0,0
201,65046,32272,0,0,0,0,0,0,0,0,TS_NONE,0,0,OB_NONE,0,0,0,0,0,TM_NONE,0,OS_NONE,0,TA_SOUTHWEST,0,0
202,65076,32302,0,0,0,0,0,0,0,0,TS_NONE,0,0,OB_NONE,0,0,0,0,0,TM_NONE,0,OS_NONE,0,TA_SOUTHWEST,0,0
203,65106,32332,0,0,0,0,0,0,0,0,TS_NONE,0,0,OB_NONE,0,0,0,0,0,TM_NONE,0,OS_NONE,0,TA_SOUTHWEST,0,0
204,65136,32362,0,0,0,0,0,0,0,0,TS_NONE,0,0,OB_NONE,0,0,0,0,0,TM_NONE,0,OS_NONE,0,TA_SOUTHWEST,0,0
205,65166,32392,0,0,0,0,0,0,0,0,TS_NONE,0,0,OB_NONE,0,0,0,0,0,TM_NONE,0,OS_NONE,0,TA_SOUTHWEST,0,0
206,65196,32422,0,0,0,0,0,0,0,0,TS_NONE,0,0,OB_NONE,0,0,0,0,0,TM_NONE,0,OS_NONE,0,TA_SOUTHWEST,0,0
207,65226,32452,0,0,0,0,0,0,0,0,TS_NONE,0,0,OB_NONE,0,0,0,0,0,TM_NONE,0,OS_NONE,0,TA_SOUTHWEST,0,0
208,65256,32482,0,0,0,0,0,0,0,0,TS_NONE,0,0,OB_NONE,0,0,0,0,0,TM_NONE,0,OS_NONE,0,TA_SOUTHWEST,0,0
209,65286,32512,0,0,0,0,0,0,0,0,TS_NONE,0,0,OB_NONE,0,0,0,0,0,TM_NONE,0,OS_NONE,0,TA_SOUTHWEST,0,0
210,65316,32542,0,0,0,0,0,0,0,0,TS_NONE,0,0,OB_NONE,0,0,0,0,0,TM_NONE,0,OS_NONE,0,TA_SOUTHWEST,0,0
211,65346,32572,0,0,0,0,0,0,0,0,TS_NONE,0,0,OB_NONE,0,0,0,0,0,TM_NONE,0,OS_NONE,0,TA_SOUTHWEST,0,0
212,65376,32602,0,0,0,0,0,0,0,0,TS_NONE,0,0,OB_NONE,0,0,0,0,0,TM_NONE,0,OS_NONE,0,TA_SOUTHWEST,0,0
213,65406,32632,0,0,0,0,0,0,0,0,TS_NONE,0,0,OB_NONE,0,0,0,0,0,TM_NONE,0,OS_NONE,0,TA_SOUTHWEST,0,0
214,65436,32662,0,0,0,0,0,0,0,0,TS_NONE,0,0,OB_NONE,0,0,0,0,0,TM_NONE,0,OS_NONE,0,TA_SOUTHWEST,0,0
215,65466,32692,0,0,0,0,0,0,0,0,TS_NONE,0,0,OB_NONE,0,0,0,0,0,TM_NONE,0,OS_NONE,0,TA_SOUTHWEST,0,0
216,65496,32722,0,0,0,0,0,0,0,0,TS_NONE,0,0,OB_NONE,0,0,0,0,0,TM_NONE,0,OS_NONE,0,TA_SOUTHWEST,0,0
217,65526,32752,0,0,0,0,0,0,0,0,TS_NONE,0,0,OB_NONE,0,0,0,0,0,TM_NONE,0,OS_NONE,0,TA_SOUTHWEST,0,0
218,65556,32782,0,0,0,0,0,0,0,0,TS_NONE,0,0,OB_NONE,0,0,0,0,0,TM_NONE,0,OS_NONE,0,TA_SOUTHWEST,0,0
219,65586,32812,0,0,0,0,0,0,0,0,TS_NONE,0,0,OB_NONE,0,0,0,0,0,TM_NONE,0,OS_NONE,0,TA_SOUTHWEST,0,0
220,65616,32842,0,0,0,0,0,0,0,0,TS_NONE,0,0,OB_NONE,0,0,0,0,0,TM_NONE,0,OS_NONE,0,TA_SOUTHWEST,0,0
221,65646,32872,0,0,0,0,0,0,0,0,TS_NONE,0,0,OB_NONE,0,0,0,0,0,TM_NONE,0,OS_NONE,0,TA_SOUTHWEST,0,0
222,65676,32902,0,0,0,0,0,0,0,0,TS_NONE,0,0,OB_NONE,0,0,0,0,0,TM_NONE,0,OS_NONE,0,TA_SOUTHWEST,0,0
223,65706,32932,0,0,0,0,0,0,0,0,TS_NONE,0,0,OB_NONE,0,0,0,0,0,TM_NONE,0,OS_NONE,0,TA_SOUTHWEST,0,0
224,65736,32962,0,0,0,0,0,0,0,0,TS_NONE,0,0,OB_NONE,0,0,0,0,0,TM_NONE,0,OS_NONE,0,TA_SOUTHWEST,0,0
225,65766,32992,0,0,0,0,0,0,0,0,TS_NONE,0,0,OB_NONE,0,0,0,0,0,TM_NONE,0,OS_NONE,0,TA_SOUTHWEST,0,0
226,65796,33022,0,0,0,0,0,0,0,0,TS_NONE,0,0,OB_NONE,0,0,0,0,0,TM_NONE,0,OS_NONE,0,TA_SOUTHWEST,0,0
227,65826,33052,0,0,0,0,0,0,0,0,TS_NONE,0,0,OB_NONE,0,0,0,0,0,TM_NONE,0,OS_NONE,0,TA_SOUTHWEST,0,0
228,65856,33082,0,0,0,0,0,0,0,0,TS_NONE,0,0,OB_NONE,0,0,0,0,0,TM_NONE,0,OS_NONE,0,TA_SOUTHWEST,0,0
229,65886,33112,0,0,0,0,0,0,0,0,TS_NONE,0,0,OB_NONE,0,0,0,0,0,TM_NONE,0,OS_NONE,0,TA_SOUTHWEST,0,0
230,65916,33142,0,0,0,0,0,0,0,0,TS_NONE,0,0,OB_NONE,0,0,0,0,0,TM_NONE,0,OS_NONE,0,TA_SOUTHWEST,0,0
231,65946,33172,0,0,0,0,0,0,0,0,TS_NONE,0,0,OB_NONE,0,0,0,0,0,TM_NONE,0,OS_NONE,0,TA_SOUTHWEST,0,0
232,65976,33202,0,0,0,0,0,0,0,0,TS_NONE,0,0,OB_NONE,0,0,0,0,0,TM_NONE,0,OS_NONE,0,TA_SOUTHWEST,0,0
233,66006,33232,0,0,0,0,0,0,0,0,TS_NONE,0,0,OB_NONE,0,0,0,0,0,TM_NONE,0,OS_NONE,0,TA_SOUTHWEST,0,0
234,66036,33262,0,0,0,0,0,0,0,0,TS_NONE,0,0,OB_NONE,0,0,0,0,0,TM_NONE,0,OS_NONE,0,TA_SOUTHWEST,0,0
235,66066,33292,0,0,0,0,0,0,0,0,TS_NONE,0,0,OB_NONE,0,0,0,0,0,TM_NONE,0,OS_NONE,0,TA_SOUTHWEST,0,0
236,66096,33322,0,0,0,0,0,0,0,0,TS_NONE,0,0,OB_NONE,0,0,0,0,0,TM_NONE,0,OS_NONE,0,TA_SOUTHWEST,0,0
237,66126,33352,0,0,0,0,0,0,0,0,TS_NONE,0,0,OB_NONE,0,0,0,0,0,TM_NONE,0,OS_NONE,0,TA_SOUTHWEST,0,0
238,66156,33382,0,0,0,0,0,0,0,0,TS_NONE,0,0,OB_NONE,0,0,0,0,0,TM_NONE,0,OS_NONE,0,TA_SOUTHWEST,0,0
239,66186,33412,0,0,0,0,0,0,0,0,TS_NONE,0,0,OB_NONE,0,0,0,0,0,TM_NONE,0,OS_NONE,0,TA_SOUTHWEST,0,0
240,66216,33442,0,0,0,0,0,0,0,0,TS_NONE,0,0,OB_NONE,0,0,0,0,0,TM_NONE,0,OS_NONE,0,TA_SOUTHWEST,0,0
241,66246,33472,0,0,0,0,0,0,0,0,TS_NONE,0,0,OB_NONE,0,0,0,0,0,TM_NONE,0,OS_NONE,0,TA_SOUTHWEST,0,0
242,66276,33502,0,0,0,0,0,0,0,0,TS_NONE,0,0,OB_NONE,0,0,0,0,0,TM_NONE,0,OS_NONE,0,TA_SOUTHWEST,0,0
243,66306,33532,0,0,0,0,0,0,0,0,TS_NONE,0,0,OB_NONE,0,0,0,0,0,TM_NONE,0,OS_NONE,0,TA_SOUTHWEST,0,0
244,66336,33562,0,0,0,0,0,0,0,0,TS_NONE,0,0,OB_NONE,0,0,0,0,0,TM_NONE,0,OS_NONE,0,TA_SOUTHWEST,0,0
245,66366,33592,0,0,0,0,0,0,0,0,TS_NONE,0,0,OB_NONE,0,0,0,0,0,TM_NONE,0,OS_NONE,0,TA_SOUTHWEST,0,0
246,66396,33622,0,0,0,0,0,0,0,0,TS_NONE,0,0,OB_NONE,0,0,0,0,0,TM_NONE,0,OS_NONE,0,TA_SOUTHWEST,0,0
247,66426,33652,0,0,0,0,0,0,0,0,TS_NONE,0,0,OB_NONE,0,0,0,0,0,TM_NONE,0,OS_NONE,0,TA_SOUTHWEST,0,0
248,66456,33682,0,0,0,0,0,0,0,0,TS_NONE,0,0,OB_NONE,0,0,0,0,0,TM_NONE,0,OS_NONE,0,TA_SOUTHWEST,0,0
249,66486,33712,0,0,0,0,0,0,0,0,TS_NONE,0,0,OB_NONE,0,0,0,0,0,TM_NONE,0,OS_NONE,0,TA_SOUTHWEST,0,0
250,66516,33742,0,0,0,0,0,0,0,0,TS_NONE,0,0,OB_NONE,0,0,0,0,0,TM_NONE,0,OS_NONE,0,TA_SOUTHWEST,0,0
251,66546,33772,0,0,0,0,0,0,0,0,TS_NONE,0,0,OB_NONE,0,0,0,0,0,TM_NONE,0,OS_NONE,0,TA_SOUTHWEST,0,0
252,66576,33802,0,0,0,0,0,0,0,0,TS_NONE,0,0,OB_NONE,0,0,0,0,0,TM_NONE,0,OS_NONE,0,TA_SOUTHWEST,0,0
253,66606,33832,0,0,0,0,0,0,0,0,TS_NONE,0,0,OB_NONE,0,0,0,0,0,TM_NONE,0,OS_NONE,0,TA_SOUTHWEST,0,0
254,66636,33862,0,0,0,0,0,0,0,0,TS_NONE,0,0,OB_NONE,0,0,0,0,0,TM_NONE,0,OS_NONE,0,TA_SOUTHWEST,0,0
255,66666,33892,0,0,0,0,0,0,0,0,TS_NONE,0,0,OB_NONE,0,0,0,0,0,TM_NONE,0,OS_NONE,0,TA_SOUTHWEST,0,0
256,66696,33922,0,0,0,0,0,0,0,0,TS_NONE,0,0,OB_NONE,0,0,0,0,0,TM_NONE,0,OS_NONE,0,TA_SOUTHWEST,0,0
257,66726,33952,0,0,0,0,0,0,0,0,TS_NONE,0,0,OB_NONE,0,0,0,0,0,TM_NONE,0,OS_NONE,0,TA_SOUTHWEST,0,0
258,66756,33982,0,0,0,0,0,0,0,0,TS_NONE,0,0,OB_NONE,0,0,0,0,0,TM_NONE,0,OS_NONE,0,TA_SOUTHWEST,0,0
259,66786,34012,0,0,0,0,0,0,0,0,TS_NONE,0,0,OB_NONE,0,0,0,0,0,TM_NONE,0,OS_NONE,0,TA_SOUTHWEST,0,0
260,66816,34042,0,0,0,0,0,0,0,0,TS_NONE,0,0,OB_NONE,0,0,0,0,0,TM_NONE,0,OS_NONE,0,TA_SOUTHWEST,0,0
261,66846,34072,0,0,0,0,0,0,0,0,TS_NONE,0,0,OB_NONE,0,0,0,0,0,TM_NONE,0,OS_NONE,0,TA_SOUTHWEST,0,0
262,66876,34102,0,0,0,0,0,0,0,0,TS_NONE,0,0,OB_NONE,0,0,0,0,0,TM_NONE,0,OS_NONE,0,TA_SOUTHWEST,0,0
263,66906,34132,0,0,0,0,0,0,0,0,TS_NONE,0,0,OB_NONE,0,0,0,0,0,TM_NONE,0,OS_NONE,0,TA_SOUTHWEST,0,0
264,66936,34162,0,0,0,0,0,0,0,0,TS_NONE,0,0,OB_NONE,0,0,0,0,0,TM_NONE,0,OS_NONE,0,TA_SOUTHWEST,0,0
265,66966,34192,0,0,0,0,0,0,0,0,TS_NONE,0,0,OB_NONE,0,0,0,0,0,TM_NONE,0,OS_NONE,0,TA_SOUTHWEST,0,0
266,66996,34222,0,0,0,0,0,0,0,0,TS_NONE,0,0,OB_NONE,0,0,0,0,0,TM_NONE,0,OS_NONE,0,TA_SOUTHWEST,0,0
267,67026,34252,0,0,0,0,0,0,0,0,TS_NONE,0,0,OB_NONE,0,0,0,0,0,TM_NONE,0,OS_NONE,0,TA_SOUTHWEST,0,0
268,67056,34282,0,0,0,0,0,0,0,0,TS_NONE,0,0,OB_NONE,0,0,0,0,0,TM_NONE,0,OS_NONE,0,TA_SOUTHWEST,0,0
269,67086,34312,0,0,0,0,0,0,0,0,TS_NONE,0,0,OB_NONE,0,0,0,0,0,TM_NONE,0,OS_NONE,0,TA_SOUTHWEST,0,0
270,67116,34342,0,0,0,0,0,0,0,0,TS_NONE,0,0,OB_NONE,0,0,0,0,0,TM_NONE,0,OS_NONE,0,TA_SOUTHWEST,0,0
271,67146,34372,0,0,0,0,0,0,0,0,TS_NONE,0,0,OB_NONE,0,0,0,0,0,TM_NONE,0,OS_NONE,0,TA_SOUTHWEST,0,0
272,67176,34402,0,0,0,0,0,0,0,0,TS_NONE,0,0,OB_NONE,0,0,0,0,0,TM_NONE,0,OS_NONE,0,TA_SOUTHWEST,0,0
273,67206,34432,0,0,0,0,0,0,0,0,TS_NONE,0,0,OB_NONE,0,0,0,0,0,TM_NONE,0,OS_NONE,0,TA_SOUTHWEST,0,0
274,67236,34462,0,0,0,0,0,0,0,0,TS_NONE,0,0,OB_NONE,0,0,0,0,0,TM_NONE,0,OS_NONE,0,TA_SOUTHWEST,0,0
275,67266,34492,0,0,0,0,0,0,0,0,TS_NONE,0,0,OB_NONE,0,0,0,0,0,TM_NONE,0,OS_NONE,0,TA_SOUTHWEST,0,0
276,67296,34522,0,0,0,0,0,0,0,0,TS_NONE,0,0,OB_NONE,0,0,0,0,0,TM_NONE,0,OS_NONE,0,TA_SOUTHWEST,0,0
277,67326,34552,0,0,0,0,0,0,0,0,TS_NONE,0,0,OB_NONE,0,0,0,0,0,TM_NONE,0,OS_NONE,0,TA_SOUTHWEST,0,0
278,67356,34582,0,0,0,0,0,0,0,0,TS_NONE,0,0,OB_NONE,0,0,0,0,0,TM_NONE,0,OS_NONE,0,TA_SOUTHWEST,0,0
279,67386,34612,0,0,0,0,0,0,0,0,TS_NONE,0,0,OB_NONE,0,0,0,0,0,TM_NONE,0,OS_NONE,0,TA_SOUTHWEST,0,0
280,67416,34642,0,0,0,0,0,0,0,0,TS_NONE,0,0,OB_NONE,0,0,0,0,0,TM_NONE,0,OS_NONE,0,TA_SOUTHWEST,0,0
281,67446,34672,0,0,0,0,0,0,0,0,TS_NONE,0,0,OB_NONE,0,0,0,0,0,TM_NONE,0,OS_NONE,0,TA_SOUTHWEST,0,0
282,67476,34702,0,0,0,0,0,0,0,0,TS_NONE,0,0,OB_NONE,0,0,0,0,0,TM_NONE,0,OS_NONE,0,TA_SOUTHWEST,0,0
283,67506,34732,0,0,0,0,0,0,0,0,TS_NONE,0,0,OB_NONE,0,0,0,0,0,TM_NONE,0,OS_NONE,0,TA_SOUTHWEST,0,0
284,67536,34762,0,0,0,0,0,0,0,0,TS_NONE,0,0,OB_NONE,0,0,0,0,0,TM_NONE,0,OS_NONE,0,TA_SOUTHWEST,0,0
285,67566,34792,0,0,0,0,0,0,0,0,TS_NONE,0,0,OB_NONE,0,0,0,0,0,TM_NONE,0,OS_NONE,0,TA_SOUTHWEST,0,0
286,67596,34822,0,0,0,0,0,0,0,0,TS_NONE,0,0,OB_NONE,0,0,0,0,0,TM_NONE,0,OS_NONE,0,TA_SOUTHWEST,0,0
287,67626,34852,0,0,0,0,0,0,0,0,TS_NONE,0,0,OB_NONE,0,0,0,0,0,TM_NONE,0,OS_NONE,0,TA_SOUTHWEST,0,0
288,67656,34882,0,0,0,0,0,0,0,0,TS_NONE,0,0,OB_NONE,0,0,0,0,0,TM_NONE,0,OS_NONE,0,TA_SOUTHWEST,0,0
289,67686,34912,0,0,0,0,0,0,0,0,TS_NONE,0,0,OB_NONE,0,0,0,0,0,TM_NONE,0,OS_NONE,0,TA_SOUTHWEST,0,0
290,67716,34942,0,0,0,0,0,0,0,0,TS_NONE,0,0,OB_NONE,0,0,0,0,0,TM_NONE,0,OS_NONE,0,TA_SOUTHWEST,0,0
291,67746,34972,0,0,0,0,0,0,0,0,TS_NONE,0,0,OB_NONE,0,0,0,0,0,TM_NONE,0,OS_NONE,0,TA_SOUTHWEST,0,0
292,67776,35002,0,0,0,0,0,0,0,0,TS_NONE,0,0,OB_NONE,0,0,0,0,0,TM_NONE,0,OS_NONE,0,TA_SOUTHWEST,0,0
293,67806,35032,0,0,0,0,0,0,0,0,TS_NONE,0,0,OB_NONE,0,0,0,0,0,TM_NONE,0,OS_NONE,0,TA_SOUTHWEST,0,0
294,67836,35062,0,0,0,0,0,0,0,0,TS_NONE,0,0,OB_NONE,0,0,0,0,0,TM_NONE,0,OS_NONE,0,TA_SOUTHWEST,0,0
295,67866,35092,0,0,0,0,0,0,0,0,TS_NONE,0,0,OB_NONE,0,0,0,0,0,TM_NONE,0,OS_NONE,0,TA_SOUTHWEST,0,0
296,67896,35122,0,0,0,0,0,0,0,0,TS_NONE,0,0,OB_NONE,0,0,0,0,0,TM_NONE,0,OS_NONE,0,TA_SOUTHWEST,0,0
297,67926,35152,0,0,0,0,0,0,0,0,TS_NONE,0,0,OB_NONE,0,0,0,0,0,TM_NONE,0,OS_NONE,0,TA_SOUTHWEST,0,0
298,67956,35182,0,0,0,0,0,0,0,0,TS_NONE,0,0,OB_NONE,0,0,0,0,0,TM_NONE,0,OS_NONE,0,TA_SOUTHWEST,0,0
299,67986,35212,0,0,0,0,0,0,0,0,TS_NONE,0,0,OB_NONE,0,0,0,0,0,TM_NONE,0,OS_NONE,0,TA_SOUTHWEST,0,0
300,68016,35242,0,0,0,0,0,0,0,0,TS_NONE,0,0,OB_NONE,0,0,0,0,0,TM_NONE,0,OS_NONE,0,TA_SOUTHWEST,0,0
301,68046,35272,0,0,0,0,0,0,0,0,TS_NONE,0,0,OB_NONE,0,0,0,0,0,TM_NONE,0,OS_NONE,0,TA_SOUTHWEST,0,0
302,68076,35302,0,0,0,0,0,0,0,0,TS_NONE,0,0,OB_NONE,0,0,0,0,0,TM_NONE,0,OS_NONE,0,TA_SOUTHWEST,0,0
303,68106,35332,0,0,0,0,0,0,0,0,TS_NONE,0,0,OB_NONE,0,0,0,0,0,TM_NONE,0,OS_NONE,0,TA_SOUTHWEST,0,0
304,68136,35362,0,0,0,0,0,0,0,0,TS_NONE,0,0,OB_NONE,0,0,0,0,0,TM_NONE,0,OS_NONE,0,TA_SOUTHWEST,0,0
305,68166,35392,0,0,0,0,0,0,0,0,TS_NONE,0,0,OB_NONE,0,0,0,0,0,TM_NONE,0,OS_NONE,0,TA_SOUTHWEST,0,0
306,68196,35422,0,0,0,0,0,0,0,0,TS_NONE,0,0,OB_NONE,0,0,0,0,0,TM_NONE,0,OS_NONE,0,TA_SOUTHWEST,0,0
307,68226,35452,0,0,0,0,0,0,0,0,TS_NONE,0,0,OB_NONE,0,0,0,0,0,TM_NONE,0,OS_NONE,0,TA_SOUTHWEST,0,0
308,68256,35482,0,0,0,0,0,0,0,0,TS_NONE,0,0,OB_NONE,0,0,0,0,0,TM_NONE,0,OS_NONE,0,TA_SOUTHWEST,0,0
309,68286,35512,0,0,0,0,0,0,0,0,TS_NONE,0,0,OB_NONE,0,0,0,0,0,TM_NONE,0,OS_NONE,0,TA_SOUTHWEST,0,0
310,68316,35542,0,0,0,0,0,0,0,0,TS_NONE,0,0,OB_NONE,0,0,0,0,0,TM_NONE,0,OS_NONE,0,TA_SOUTHWEST,0,0
311,68346,35572,0,0,0,0,0,0,0,0,TS_NONE,0,0,OB_NONE,0,0,0,0,0,TM_NONE,0,OS_NONE,0,TA_SOUTHWEST,0,0
312,68376,35602,0,0,0,0,0,0,0,0,TS_NONE,0,0,OB_NONE,0,0,0,0,0,TM_NONE,0,OS_NONE,0,TA_SOUTHWEST,0,0
313,68406,35632,0,0,0,0,0,0,0,0,TS_NONE,0,0,OB_NONE,0,0,0,0,0,TM_NONE,0,OS_NONE,0,TA_SOUTHWEST,0,0
314,68436,35662,0,0,0,0,0,0,0,0,TS_NONE,0,0,OB_NONE,0,0,0,0,0,TM_NONE,0,OS_NONE,0,TA_SOUTHWEST,0,0
315,68466,35692,0,0,0,0,0,0,0,0,TS_NONE,0,0,OB_NONE,0,0,0,0,0,TM_NONE,0,OS_NONE,0,TA_SOUTHWEST,0,0
316,68496,35722,0,0,0,0,0,0,0,0,TS_NONE,0,0,OB_NONE,0,0,0,0,0,TM_NONE,0,OS_NONE,0,TA_SOUTHWEST,0,0
317,68526,35752,0,0,0,0,0,0,0,0,TS_NONE,0,0,OB_NONE,0,0,0,0,0,TM_NONE,0,OS_NONE,0,TA_SOUTHWEST,0,0
318,68556,35782,0,0,0,0,0,0,0,0,TS_NONE,0,0,OB_NONE,0,0,0,0,0,TM_NONE,0,OS_NONE,0,TA_SOUTHWEST,0,0
319,68586,35812,0,0,0,0,0,0,0,0,TS_NONE,0,0,OB_NONE,0,0,0,0,0,TM_NONE,0,OS_NONE,0,TA_SOUTHWEST,0,0
320,68616,35842,0,0,0,0,0,0,0,0,TS_NONE,0,0,OB_NONE,0,0,0,0,0,TM_NONE,0,OS_NONE,0,TA_SOUTHWEST,0,0
321,68646,35872,0,0,0,0,0,0,0,0,TS_NONE,0,0,OB_NONE,0,0,0,0,0,TM_NONE,0,OS_NONE,0,TA_SOUTHWEST,0,0
322,68676,35902,0,0,0,0,0,0,0,0,TS_NONE,0,0,OB_NONE,0,0,0,0,0,TM_NONE,0,OS_NONE,0,TA_SOUTHWEST,0,0
323,68706,35932,0,0,0,0,0,0,0,0,TS_NONE,0,0,OB_NONE,0,0,0,0,0,TM_NONE,0,OS_NONE,0,TA_SOUTHWEST,0,0
324,68736,35962,0,0,0,0,0,0,0,0,TS_NONE,0,0,OB_NONE,0,0,0,0,0,TM_NONE,0,OS_NONE,0,TA_SOUTHWEST,0,0
325,68766,35992,0,0,0,0,0,0,0,0,TS_NONE,0,0,OB_NONE,0,0,0,0,0,TM_NONE,0,OS_NONE,0,TA_SOUTHWEST,0,0
326,68796,36022,0,0,0,0,0,0,0,0,TS_NONE,0,0,OB_NONE,0,0,0,0,0,TM_NONE,0,OS_NONE,0,TA_SOUTHWEST,0,0
327,68826,36052,0,0,0,0,0,0,0,0,TS_NONE,0,0,OB_NONE,0,0,0,0,0,TM_NONE,0,OS_NONE,0,TA_SOUTHWEST,0,0
328,68856,36082,0,0,0,0,0,0,0,0,TS_NONE,0,0,OB_NONE,0,0,0,0,0,TM_NONE,0,OS_NONE,0,TA_SOUTHWEST,0,0
329,68886,36112,0,0,0,0,0,0,0,0,TS_NONE,0,0,OB_NONE,0,0,0,0,0,TM_NONE,0,OS_NONE,0,TA_SOUTHWEST,0,0
330,68916,36142,0,0,0,0,0,0,0,0,TS_NONE,0,0,OB_NONE,0,0,0,0,0,TM_NONE,0,OS_NONE,0,TA_SOUTHWEST,0,0
331,68946,36172,0,0,0,0,0,0,0,0,TS_NONE,0,0,OB_NONE,0,0,0,0,0,TM_NONE,0,OS_NONE,0,TA_SOUTHWEST,0,0
332,68976,36202,0,0,0,0,0,0,0,0,TS_NONE,0,0,OB_NONE,0,0,0,0,0,TM_NONE,0,OS_NONE,0,TA_SOUTHWEST,0,0
333,69006,36232,0,0,0,0,0,0,0,0,TS_NONE,0,0,OB_NONE,0,0,0,0,0,TM_NONE,0,OS_NONE,0,TA_SOUTHWEST,0,0
334,69036,36262,0,0,0,0,0,0,0,0,TS_NONE,0,0,OB_NONE,0,0,0,0,0,TM_NONE,0,OS_NONE,0,TA_SOUTHWEST,0,0
335,69066,36292,0,0,0,0,0,0,0,0,TS_NONE,0,0,OB_NONE,0,0,0,0,0,TM_NONE,0,OS_NONE,0,TA_SOUTHWEST,0,0
336,69096,36322,0,0,0,0,0,0,0,0,TS_NONE,0,0,OB_NONE,0,0,0,0,0,TM_NONE,0,OS_NONE,0,TA_SOUTHWEST,0,0
337,69126,36352,0,0,0,0,0,0,0,0,TS_NONE,0,0,OB_NONE,0,0,0,0,0,TM_NONE,0,OS_NONE,0,TA_SOUTHWEST,0,0
338,69156,36382,0,0,0,0,0,0,0,0,TS_NONE,0,0,OB_NONE,0,0,0,0,0,TM_NONE,0,OS_NONE,0,TA_SOUTHWEST,0,0
339,69186,36412,0,0,0,0,0,0,0,0,TS_NONE,0,0,OB_NONE,0,0,0,0,0,TM_NONE,0,OS_NONE,0,TA_SOUTHWEST,0,0
340,69216,36442,0,0,0,0,0,0,0,0,TS_NONE,0,0,OB_NONE,0,0,0,0,0,TM_NONE,0,OS_NONE,0,TA_SOUTHWEST,0,0
341,69246,36472,0,0,0,0,0,0,0,0,TS_NONE,0,0,OB_NONE,0,0,0,0,0,TM_NONE,0,OS_NONE,0,TA_SOUTHWEST,0,0
342,69276,36502,0,0,0,0,0,0,0,0,TS_NONE,0,0,OB_NONE,0,0,0,0,0,TM_NONE,0,OS_NONE,0,TA_SOUTHWEST,0,0
343,69306,36532,0,0,0,0,0,0,0,0,TS_NONE,0,0,OB_NONE,0,0,0,0,0,TM_NONE,0,OS_NONE,0,TA_SOUTHWEST,0,0
344,69336,36562,0,0,0,0,0,0,0,0,TS_NONE,0,0,OB_NONE,0,0,0,0,0,TM_NONE,0,OS_NONE,0,TA_SOUTHWEST,0,0
345,69366,36592,0,0,0,0,0,0,0,0,TS_NONE,0,0,OB_NONE,0,0,0,0,0,TM_NONE,0,OS_NONE,0,TA_SOUTHWEST,0,0
346,69396,36622,0,0,0,0,0,0,0,0,TS_NONE,0,0,OB_NONE,0,0,0,0,0,TM_NONE,0,OS_NONE,0,TA_SOUTHWEST,0,0
347,69426,36652,0,0,0,0,0,0,0,0,TS_NONE,0,0,OB_NONE,0,0,0,0,0,TM_NONE,0,OS_NONE,0,TA_SOUTHWEST,0,0
348,69456,36682,0,0,0,0,0,0,0,0,TS_NONE,0,0,OB_NONE,0,0,0,0,0,TM_NONE,0,OS_NONE,0,TA_SOUTHWEST,0,0
349,69486,36712,0,0,0,0,0,0,0,0,TS_NONE,0,0,OB_NONE,0,0,0,0,0,TM_NONE,0,OS_NONE,0,TA_SOUTHWEST,0,0
350,69516,36742,0,0,0,0,0,0,0,0,TS_NONE,0,0,OB_NONE,0,0,0,0,0,TM_NONE,0,OS_NONE,0,TA_SOUTHWEST,0,0
351,69546,36772,0,0,0,0,0,0,0,0,TS_NONE,0,0,OB_NONE,0,0,0,0,0,TM_NONE,0,OS_NONE,0,TA_SOUTHWEST,0,0
352,69576,36802,0,0,0,0,0,0,0,0,TS_NONE,0,0,OB_NONE,0,0,0,0,0,TM_NONE,0,OS_NONE,0,TA_SOUTHWEST,0,0
353,69606,36832,0,0,0,0,0,0,0,0,TS_NONE,0,0,OB_NONE,0,0,0,0,0,TM_NONE,0,OS_NONE,0,TA_SOUTHWEST,0,0
354,69636,36862,0,0,0,0,0,0,0,0,TS_NONE,0,0,OB_NONE,0,0,0,0,0,TM_NONE,0,OS_NONE,0,TA_SOUTHWEST,0,0
355,69666,36892,0,0,0,0,0,0,0,0,TS_NONE,0,0,OB_NONE,0,0,0,0,0,TM_NONE,0,OS_NONE,0,TA_SOUTHWEST,0,0
356,69696,36922,0,0,0,0,0,0,0,0,TS_NONE,0,0,OB_NONE,0,0,0,0,0,TM_NONE,0,OS_NONE,0,TA_SOUTHWEST,0,0
357,69726,36952,0,0,0,0,0,0,0,0,TS_NONE,0,0,OB_NONE,0,0,0,0,0,TM_NONE,0,OS_NONE,0,TA_SOUTHWEST,0,0
358,69756,36982,0,0,0,0,0,0,0,0,TS_NONE,0,0,OB_NONE,0,0,0,0,0,TM_NONE,0,OS_NONE,0,TA_SOUTHWEST,0,0
359,69786,37012,0,0,0,0,0,0,0,0,TS_NONE,0,0,OB_NONE,0,0,0,0,0,TM_NONE,0,OS_NONE,0,TA_SOUTHWEST,0,0
360,69816,37042,0,0,0,0,0,0,0,0,TS_NONE,0,0,OB_NONE,0,0,0,0,0,TM_NONE,0,OS_NONE,0,TA_SOUTHWEST,0,0
361,69846,37072,0,0,0,0,0,0,0,0,TS_NONE,0,0,OB_NONE,0,0,0,0,0,TM_NONE,0,OS_NONE,0,TA_SOUTHWEST,0,0
362,69876,37102,0,0,0,0,0,0,0,0,TS_NONE,0,0,OB_NONE,0,0,0,0,0,TM_NONE,0,OS_NONE,0,TA_SOUTHWEST,0,0
363,69906,37132,0,0,0,0,0,0,0,0,TS_NONE,0,0,OB_NONE,0,0,0,0,0,TM_NONE,0,OS_NONE,0,TA_SOUTHWEST,0,0
364,69936,37162,0,0,0,0,0,0,0,0,TS_NONE,0,0,OB_NONE,0,0,0,0,0,TM_NONE,0,OS_NONE,0,TA_SOUTHWEST,0,0
365,69966,37192,0,0,0,0,0,0,0,0,TS_NONE,0,0,OB_NONE,0,0,0,0,0,TM_NONE,0,OS_NONE,0,TA_SOUTHWEST,0,0
366,69996,37222,0,0,0,0,0,0,0,0,TS_NONE,0,0,OB_NONE,0,0,0,0,0,TM_NONE,0,OS_NONE,0,TA_SOUTHWEST,0,0
367,70026,37252,0,0,0,0,0,0,0,0,TS_NONE,0,0,OB_NONE,0,0,0,0,0,TM_NONE,0,OS_NONE,0,TA_SOUTHWEST,0,0
368,70056,37282,0,0,0,0,0,0,0,0,TS_NONE,0,0,OB_NONE,0,0,0,0,0,TM_NONE,0,OS_NONE,0,TA_SOUTHWEST,0,0
369,70086,37312,0,0,0,0,0,0,0,0,TS_NONE,0,0,OB_NONE,0,0,0,0,0,TM_NONE,0,OS_NONE,0,TA_SOUTHWEST,0,0
370,70116,37342,0,0,0,0,0,0,0,0,TS_NONE,0,0,OB_NONE,0,0,0,0,0,TM_NONE,0,OS_NONE,0,TA_SOUTHWEST,0,0
371,70146,37372,0,0,0,0,0,0,0,0,TS_NONE,0,0,OB_NONE,0,0,0,0,0,TM_NONE,0,OS_NONE,0,TA_SOUTHWEST,0,0
372,70176,37402,0,0,0,0,0,0,0,0,TS_NONE,0,0,OB_NONE,0,0,0,0,0,TM_NONE,0,OS_NONE,0,TA_SOUTHWEST,0,0
373,70206,37432,0,0,0,0,0,0,0,0,TS_NONE,0,0,OB_NONE,0,0,0,0,0,TM_NONE,0,OS_NONE,0,TA_SOUTHWEST,0,0
374,70236,37462,0,0,0,0,0,0,0,0,TS_NONE,0,0,OB_NONE,0,0,0,0,0,TM_NONE,0,OS_NONE,0,TA_SOUTHWEST,0,0
375,70266,37492,0,0,0,0,0,0,0,0,TS_NONE,0,0,OB_NONE,0,0,0,0,0,TM_NONE,0,OS_NONE,0,TA_SOUTHWEST,0,0
376,70296,37522,0,0,0,0,0,0,0,0,TS_NONE,0,0,OB_NONE,0,0,0,0,0,TM_NONE,0,OS_NONE,0,TA_SOUTHWEST,0,0
377,70326,37552,0,0,0,0,0,0,0,0,TS_NONE,0,0,OB_NONE,0,0,0,0,0,TM_NONE,0,OS_NONE,0,TA_SOUTHWEST,0,0
378,70356,37582,0,0,0,0,0,0,0,0,TS_NONE,0,0,OB_NONE,0,0,0,0,0,TM_NONE,0,OS_NONE,0,TA_SOUTHWEST,0,0
379,70386,37612,0,0,0,0,0,0,0,0,TS_NONE,0,0,OB_NONE,0,0,0,0,0,TM_NONE,0,OS_NONE,0,TA_SOUTHWEST,0,0
380,70416,37642,0,0,0,0,0,0,0,0,TS_NONE,0,0,OB_NONE,0,0,0,0,0,TM_NONE,0,OS_NONE,0,TA_SOUTHWEST,0,0
381,70446,37672,0,0,0,0,0,0,0,0,TS_NONE,0,0,OB_NONE,0,0,0,0,0,TM_NONE,0,OS_NONE,0,TA_SOUTHWEST,0,0
382,70476,37702,0,0,0,0,0,0,0,0,TS_NONE,0,0,OB_NONE,0,0,0,0,0,TM_NONE,0,OS_NONE,0,TA_SOUTHWEST,0,0
383,70506,37732,0,0,0,0,0,0,0,0,TS_NONE,0,0,OB_NONE,0,0,0,0,0,TM_NONE,0,OS_NONE,0,TA_SOUTHWEST,0,0
384,70536,37762,0,0,0,0,0,0,0,0,TS_NONE,0,0,OB_NONE,0,0,0,0,0,TM_NONE,0,OS_NONE,0,TA_SOUTHWEST,0,0
385,70566,37792,0,0,0,0,0,0,0,0,TS_NONE,0,0,OB_NONE,0,0,0,0,0,TM_NONE,0,OS_NONE,0,TA_SOUTHWEST,0,0
386,70596,37822,0,0,0,0,0,0,0,0,TS_NONE,0,0,OB_NONE,0,0,0,0,0,TM_NONE,0,OS_NONE,0,TA_SOUTHWEST,0,0
387,70626,37852,0,0,0,0,0,0,0,0,TS_NONE,0,0,OB_NONE,0,0,0,0,0,TM_NONE,0,OS_NONE,0,TA_SOUTHWEST,0,0
388,70656,37882,0,0,0,0,0,0,0,0,TS_NONE,0,0,OB_NONE,0,0,0,0,0,TM_NONE,0,OS_NONE,0,TA_SOUTHWEST,0,0
389,70686,37912,0,0,0,0,0,0,0,0,TS_NONE,0,0,OB_NONE,0,0,0,0,0,TM_NONE,0,OS_NONE,0,TA_SOUTHWEST,0,0
390,70716,37942,0,0,0,0,0,0,0,0,TS_NONE,0,0,OB_NONE,0,0,0,0,0,TM_NONE,0,OS_NONE,0,TA_SOUTHWEST,0,0
391,70746,37972,0,0,0,0,0,0,0,0,TS_NONE,0,0,OB_NONE,0,0,0,0,0,TM_NONE,0,OS_NONE,0,TA_SOUTHWEST,0,0
392,70776,38002,0,0,0,0,0,0,0,0,TS_NONE,0,0,OB_NONE,0,0,0,0,0,TM_NONE,0,OS_NONE,0,TA_SOUTHWEST,0,0
393,70806,38032,0,0,0,0,0,0,0,0,TS_NONE,0,0,OB_NONE,0,0,0,0,0,TM_NONE,0,OS_NONE,0,TA_SOUTHWEST,0,0
394,70836,38062,0,0,0,0,0,0,0,0,TS_NONE,0,0,OB_NONE,0,0,0,0,0,TM_NONE,0,OS_NONE,0,TA_SOUTHWEST,0,0
395,70866,38092,0,0,0,0,0,0,0,0,TS_NONE,0,0,OB_NONE,0,0,0,0,0,TM_NONE,0,OS_NONE,0,TA_SOUTHWEST,0,0
396,70896,38122,0,0,0,0,0,0,0,0,TS_NONE,0,0,OB_NONE,0,0,0,0,0,TM_NONE,0,OS_NONE,0,TA_SOUTHWEST,0,0
397,70926,38152,0,0,0,0,0,0,0,0,TS_NONE,0,0,OB_NONE,0,0,0,0,0,TM_NONE,0,OS_NONE,0,TA_SOUTHWEST,0,0
398,70956,38182,0,0,0,0,0,0,0,0,TS_NONE,0,0,OB_NONE,0,0,0,0,0,TM_NONE,0,OS_NONE,0,TA_SOUTHWEST,0,0
399,70986,38212,0,0,0,0,0,0,0,0,TS_NONE,0,0,OB_NONE,0,0,0,0,0,TM_NONE,0,OS_NONE,0,TA_SOUTHWEST,0,0
