GloOfs,RelOfs,Child,Parent,Xpos,Ypos,Zpos,Xtile,Ytile,Status,Status_S,Affect,Affect_S,BaseFrame,BaseFrame_S,Frame,OldFrame,Life,WhoShotMe,Model,Model_S,State,State_S,Angle,Angle_S,ZAngle,Unique,Unique_S,HugDistance,Persuaded,ChildHeld,ParentHeld,Command,StartCommand,Target,Data,GotoX,GotoY,GotoZ,LastXpos,LastYpos,HugGotoZ,ChildWeapon,Equipment,ParentRank,RankPosition,Count,WeaponHolding,WeaponInUse,Level1Base,Level1Balance,Level1True,Level1Fixed,Level2Base,Level2Balance,Level2True,Level2Fixed,Level3Base,Level3Balance,Level3True,Level3Fixed,LevelRecovery,Speed,MaxSpeed,BaseSpeed,OldState,OldState_S,NewState,NewState_S,HugChangeDir,HugStartAngle,HitAngle
32776,2,0,186,12492,8516,256,48,33,4,TS_MAPWHO,0,PA_NONE,1,PB_AGENT,379,3,16,0,1,TM_PERSON,0,PS_NONE,64,TA_SOUTHEAST,0,2,PU_AGENT,0,0,0,0,0,0,0,0,0,0,0,0,0,0,0,0,0,0,0,0,0,128,128,128,0,128,128,128,0,128,128,128,0,77,0,32,32,0,PS_NONE,0,PS_NONE,0,0,0
32868,94,0,0,12576,8736,256,49,34,4,TS_MAPWHO,0,PA_NONE,1,PB_AGENT,379,3,16,0,1,TM_PERSON,0,PS_NONE,64,TA_SOUTHEAST,0,2,PU_AGENT,0,0,0,0,0,0,0,0,0,0,0,0,0,0,0,0,0,0,0,0,0,128,128,128,0,128,128,128,0,128,128,128,0,63,0,32,32,0,PS_NONE,0,PS_NONE,0,0,0
32960,186,2,0,12440,8632,256,48,33,4,TS_MAPWHO,0,PA_NONE,1,PB_AGENT,379,3,16,0,1,TM_PERSON,0,PS_NONE,64,TA_SOUTHEAST,0,2,PU_AGENT,0,0,0,0,0,0,0,0,0,0,0,0,0,0,0,0,0,0,0,0,0,128,128,128,0,128,128,128,0,128,128,128,0,45,0,32,32,0,PS_NONE,0,PS_NONE,0,0,0
33052,278,0,17942,12612,8604,256,49,33,4,TS_MAPWHO,0,PA_NONE,1,PB_AGENT,379,3,16,0,1,TM_PERSON,0,PS_NONE,64,TA_SOUTHEAST,0,2,PU_AGENT,0,0,0,0,0,0,0,0,0,0,0,0,0,0,0,0,0,0,0,0,0,128,128,128,0,128,128,128,0,128,128,128,0,31,0,32,32,0,PS_NONE,0,PS_NONE,0,0,0
33144,370,0,462,7156,19036,256,27,74,4,TS_MAPWHO,0,PA_NONE,1,PB_AGENT,379,3,16,0,1,TM_PERSON,0,PS_NONE,64,TA_SOUTHEAST,0,2,PU_AGENT,0,0,0,0,0,0,0,0,0,0,0,0,0,0,0,0,0,0,0,0,0,128,128,128,0,128,128,128,0,128,128,128,0,24,0,32,32,0,PS_NONE,0,PS_NONE,0,0,0
33236,462,370,554,7132,19012,256,27,74,4,TS_MAPWHO,0,PA_NONE,1,PB_AGENT,379,3,16,0,1,TM_PERSON,0,PS_NONE,64,TA_SOUTHEAST,0,2,PU_AGENT,0,0,0,0,0,0,0,0,0,0,0,0,0,0,0,0,0,0,0,0,0,128,128,128,0,128,128,128,0,128,128,128,0,19,0,32,32,0,PS_NONE,0,PS_NONE,0,0,0
33328,554,462,646,7108,18972,256,27,74,4,TS_MAPWHO,0,PA_NONE,1,PB_AGENT,379,3,16,0,1,TM_PERSON,0,PS_NONE,64,TA_SOUTHEAST,0,2,PU_AGENT,0,0,0,0,0,0,0,0,0,0,0,0,0,0,0,0,0,0,0,0,0,128,128,128,0,128,128,128,0,128,128,128,0,16,0,32,32,0,PS_NONE,0,PS_NONE,0,0,0
33420,646,554,0,7112,18984,256,27,74,4,TS_MAPWHO,0,PA_NONE,1,PB_AGENT,379,3,16,0,1,TM_PERSON,0,PS_NONE,64,TA_SOUTHEAST,0,2,PU_AGENT,0,0,0,0,0,0,0,0,0,0,0,0,0,0,0,0,0,0,0,0,0,128,128,128,0,128,128,128,0,128,128,128,0,12,0,32,32,0,PS_NONE,0,PS_NONE,0,0,0
33512,738,0,830,10752,8832,1152,42,34,4,TS_MAPWHO,0,PA_NONE,1,PB_AGENT,377,1,16,0,1,TM_PERSON,0,PS_NONE,0,TA_SOUTHWEST,0,2,PU_AGENT,0,0,0,0,0,0,0,0,0,0,0,0,0,0,0,0,0,0,0,0,0,128,128,128,0,128,128,128,0,128,128,128,0,93,0,32,32,0,PS_NONE,0,PS_NONE,0,0,0
33604,830,738,1290,10956,8852,1152,42,34,4,TS_MAPWHO,0,PA_NONE,1,PB_AGENT,377,1,16,0,1,TM_PERSON,0,PS_NONE,0,TA_SOUTHWEST,0,2,PU_AGENT,0,0,0,0,0,0,0,0,0,0,0,0,0,0,0,0,0,0,0,0,0,128,128,128,0,128,128,128,0,128,128,128,0,87,0,32,32,0,PS_NONE,0,PS_NONE,0,0,0
33696,922,0,0,11168,8864,1152,43,34,4,TS_MAPWHO,0,PA_NONE,1,PB_AGENT,377,1,16,0,1,TM_PERSON,0,PS_NONE,0,TA_SOUTHWEST,0,2,PU_AGENT,0,0,0,0,0,0,0,0,0,0,0,0,0,0,0,0,0,0,0,0,0,128,128,128,0,128,128,128,0,128,128,128,0,80,0,32,32,0,PS_NONE,0,PS_NONE,0,0,0
33788,1014,0,1198,10640,8880,1152,41,34,4,TS_MAPWHO,0,PA_NONE,1,PB_AGENT,377,1,16,0,1,TM_PERSON,0,PS_NONE,0,TA_SOUTHWEST,0,2,PU_AGENT,0,0,0,0,0,0,0,0,0,0,0,0,0,0,0,0,0,0,0,0,0,128,128,128,0,128,128,128,0,128,128,128,0,70,0,32,32,0,PS_NONE,0,PS_NONE,0,0,0
33880,1106,0,0,10260,8828,1152,40,34,4,TS_MAPWHO,0,PA_NONE,1,PB_AGENT,377,1,16,0,1,TM_PERSON,0,PS_NONE,0,TA_SOUTHWEST,0,2,PU_AGENT,0,0,0,0,0,0,0,0,0,0,0,0,0,0,0,0,0,0,0,0,0,128,128,128,0,128,128,128,0,128,128,128,0,51,0,32,32,0,PS_NONE,0,PS_NONE,0,0,0
33972,1198,1014,0,10524,8788,1152,41,34,4,TS_MAPWHO,0,PA_NONE,1,PB_AGENT,377,1,16,0,1,TM_PERSON,0,PS_NONE,0,TA_SOUTHWEST,0,2,PU_AGENT,0,0,0,0,0,0,0,0,0,0,0,0,0,0,0,0,0,0,0,0,0,128,128,128,0,128,128,128,0,128,128,128,0,44,0,32,32,0,PS_NONE,0,PS_NONE,0,0,0
34064,1290,830,0,10768,8896,1152,42,34,4,TS_MAPWHO,0,PA_NONE,1,PB_AGENT,377,1,16,0,1,TM_PERSON,0,PS_NONE,0,TA_SOUTHWEST,0,2,PU_AGENT,0,0,0,0,0,0,0,0,0,0,0,0,0,0,0,0,0,0,0,0,0,128,128,128,0,128,128,128,0,128,128,128,0,38,0,32,32,0,PS_NONE,0,PS_NONE,0,0,0
34156,1382,0,0,11016,8984,1152,43,35,4,TS_MAPWHO,0,PA_NONE,1,PB_AGENT,377,1,16,0,1,TM_PERSON,0,PS_NONE,0,TA_SOUTHWEST,0,2,PU_AGENT,0,0,0,0,0,0,0,0,0,0,0,0,0,0,0,0,0,0,0,0,0,128,128,128,0,128,128,128,0,128,128,128,0,29,0,32,32,0,PS_NONE,0,PS_NONE,0,0,0
34248,1474,0,0,15136,1728,256,59,6,4,TS_MAPWHO,0,PA_NONE,1,PB_AGENT,377,1,16,0,1,TM_PERSON,0,PS_NONE,0,TA_SOUTHWEST,0,2,PU_AGENT,0,0,0,0,0,0,0,0,0,0,0,0,0,0,0,0,0,0,0,0,0,128,128,128,0,128,128,128,0,128,128,128,0,126,0,32,32,0,PS_NONE,0,PS_NONE,0,0,0
34340,1566,0,0,17660,7860,256,68,30,4,TS_MAPWHO,0,PA_NONE,1,PB_AGENT,377,1,16,0,1,TM_PERSON,0,PS_NONE,0,TA_SOUTHWEST,0,2,PU_AGENT,0,0,0,0,0,0,0,0,0,0,0,0,0,0,0,0,0,0,0,0,0,128,128,128,0,128,128,128,0,128,128,128,0,121,0,32,32,0,PS_NONE,0,PS_NONE,0,0,0
34432,1658,0,0,21788,1764,256,85,6,4,TS_MAPWHO,0,PA_NONE,1,PB_AGENT,377,1,16,0,1,TM_PERSON,0,PS_NONE,0,TA_SOUTHWEST,0,2,PU_AGENT,0,0,0,0,0,0,0,0,0,0,0,0,0,0,0,0,0,0,0,0,0,128,128,128,0,128,128,128,0,128,128,128,0,117,0,32,32,0,PS_NONE,0,PS_NONE,0,0,0
34524,1750,0,0,17792,1696,256,69,6,4,TS_MAPWHO,0,PA_NONE,1,PB_AGENT,377,1,16,0,1,TM_PERSON,0,PS_NONE,0,TA_SOUTHWEST,0,2,PU_AGENT,0,0,0,0,0,0,0,0,0,0,0,0,0,0,0,0,0,0,0,0,0,128,128,128,0,128,128,128,0,128,128,128,0,112,0,32,32,0,PS_NONE,0,PS_NONE,0,0,0
34616,1842,0,0,6224,11584,256,24,45,4,TS_MAPWHO,0,PA_NONE,1,PB_AGENT,377,1,16,0,1,TM_PERSON,0,PS_NONE,0,TA_SOUTHWEST,0,2,PU_AGENT,0,0,0,0,0,0,0,0,0,0,0,0,0,0,0,0,0,0,0,0,0,128,128,128,0,128,128,128,0,128,128,128,0,107,0,32,32,0,PS_NONE,0,PS_NONE,0,0,0
34708,1934,0,0,12512,2880,256,48,11,4,TS_MAPWHO,0,PA_NONE,1,PB_AGENT,377,1,16,0,1,TM_PERSON,0,PS_NONE,0,TA_SOUTHWEST,0,2,PU_AGENT,0,0,0,0,0,0,0,0,0,0,0,0,0,0,0,0,0,0,0,0,0,128,128,128,0,128,128,128,0,128,128,128,0,102,0,32,32,0,PS_NONE,0,PS_NONE,0,0,0
34800,2026,0,32212,9928,15800,256,38,61,4,TS_MAPWHO,0,PA_NONE,1,PB_AGENT,377,1,16,0,1,TM_PERSON,0,PS_NONE,0,TA_SOUTHWEST,0,2,PU_AGENT,0,0,0,0,0,0,0,0,0,0,0,0,0,0,0,0,0,0,0,0,0,128,128,128,0,128,128,128,0,128,128,128,0,96,0,32,32,0,PS_NONE,0,PS_NONE,0,0,0
34892,2118,0,14722,8996,1692,256,35,6,4,TS_MAPWHO,0,PA_NONE,1,PB_AGENT,377,1,16,0,1,TM_PERSON,0,PS_NONE,0,TA_SOUTHWEST,0,2,PU_AGENT,0,0,0,0,0,0,0,0,0,0,0,0,0,0,0,0,0,0,0,0,0,128,128,128,0,128,128,128,0,128,128,128,0,84,0,32,32,0,PS_NONE,0,PS_NONE,0,0,0
34984,2210,0,0,29560,2632,256,115,10,4,TS_MAPWHO,0,PA_NONE,1,PB_AGENT,377,1,16,0,1,TM_PERSON,0,PS_NONE,0,TA_SOUTHWEST,0,2,PU_AGENT,0,0,0,0,0,0,0,0,0,0,0,0,0,0,0,0,0,0,0,0,0,128,128,128,0,128,128,128,0,128,128,128,0,247,0,32,32,0,PS_NONE,0,PS_NONE,0,0,0
35076,2302,0,0,25940,10636,256,101,41,4,TS_MAPWHO,0,PA_NONE,1,PB_AGENT,377,1,16,0,1,TM_PERSON,0,PS_NONE,0,TA_SOUTHWEST,0,2,PU_AGENT,0,0,0,0,0,0,0,0,0,0,0,0,0,0,0,0,0,0,0,0,0,128,128,128,0,128,128,128,0,128,128,128,0,242,0,32,32,0,PS_NONE,0,PS_NONE,0,0,0
35168,2394,0,0,28536,9208,256,111,35,4,TS_MAPWHO,0,PA_NONE,1,PB_AGENT,377,1,16,0,1,TM_PERSON,0,PS_NONE,0,TA_SOUTHWEST,0,2,PU_AGENT,0,0,0,0,0,0,0,0,0,0,0,0,0,0,0,0,0,0,0,0,0,128,128,128,0,128,128,128,0,128,128,128,0,239,0,32,32,0,PS_NONE,0,PS_NONE,0,0,0
35260,2486,0,0,24580,4252,256,96,16,4,TS_MAPWHO,0,PA_NONE,1,PB_AGENT,377,1,16,0,1,TM_PERSON,0,PS_NONE,0,TA_SOUTHWEST,0,2,PU_AGENT,0,0,0,0,0,0,0,0,0,0,0,0,0,0,0,0,0,0,0,0,0,128,128,128,0,128,128,128,0,128,128,128,0,234,0,32,32,0,PS_NONE,0,PS_NONE,0,0,0
35352,2578,0,0,29608,5704,256,115,22,4,TS_MAPWHO,0,PA_NONE,1,PB_AGENT,377,1,16,0,1,TM_PERSON,0,PS_NONE,0,TA_SOUTHWEST,0,2,PU_AGENT,0,0,0,0,0,0,0,0,0,0,0,0,0,0,0,0,0,0,0,0,0,128,128,128,0,128,128,128,0,128,128,128,0,230,0,32,32,0,PS_NONE,0,PS_NONE,0,0,0
35444,2670,0,0,26040,5544,256,101,21,4,TS_MAPWHO,0,PA_NONE,1,PB_AGENT,377,1,16,0,1,TM_PERSON,0,PS_NONE,0,TA_SOUTHWEST,0,2,PU_AGENT,0,0,0,0,0,0,0,0,0,0,0,0,0,0,0,0,0,0,0,0,0,128,128,128,0,128,128,128,0,128,128,128,0,226,0,32,32,0,PS_NONE,0,PS_NONE,0,0,0
35536,2762,0,0,23520,6688,256,91,26,4,TS_MAPWHO,0,PA_NONE,1,PB_AGENT,377,1,16,0,1,TM_PERSON,0,PS_NONE,0,TA_SOUTHWEST,0,2,PU_AGENT,0,0,0,0,0,0,0,0,0,0,0,0,0,0,0,0,0,0,0,0,0,128,128,128,0,128,128,128,0,128,128,128,0,221,0,32,32,0,PS_NONE,0,PS_NONE,0,0,0
35628,2854,0,0,27780,3740,256,108,14,4,TS_MAPWHO,0,PA_NONE,1,PB_AGENT,377,1,16,0,1,TM_PERSON,0,PS_NONE,0,TA_SOUTHWEST,0,2,PU_AGENT,0,0,0,0,0,0,0,0,0,0,0,0,0,0,0,0,0,0,0,0,0,128,128,128,0,128,128,128,0,128,128,128,0,212,0,32,32,0,PS_NONE,0,PS_NONE,0,0,0
35720,2946,0,38242,26282,9708,256,102,37,4100,UNDEFINED,0,PA_NONE,833,PB_POLICE,3619,843,0,0,1,TM_PERSON,29,PS_WANDER,61,TA_SOUTHEAST,0,4,PU_POLICE,27287,0,0,0,0,0,0,0,0,0,0,0,0,0,38242,0,0,0,0,0,0,128,80,208,80,128,80,208,80,128,80,208,80,158,16,32,32,0,PS_NONE,29,PS_WANDER,4,0,19
35812,3038,0,38278,12799,3769,256,49,14,4100,UNDEFINED,0,PA_NONE,833,PB_POLICE,3629,845,0,0,1,TM_PERSON,29,PS_WANDER,127,TA_NORTHEAST,0,4,PU_POLICE,13416,0,0,0,0,0,0,0,0,0,0,0,0,0,38278,0,0,0,0,0,0,128,80,208,80,128,80,208,80,128,80,208,80,161,16,32,32,0,PS_NONE,29,PS_WANDER,4,64,24
35904,3130,0,38314,11373,3584,256,44,14,4100,UNDEFINED,0,PA_NONE,833,PB_POLICE,3636,847,0,0,1,TM_PERSON,14,PS_HUG_RIGHT,192,TA_NORTHWEST,0,4,PU_POLICE,11924,0,0,0,0,0,0,0,0,0,0,0,0,0,38314,0,0,0,10,0,0,128,80,208,80,128,80,208,80,128,80,208,80,156,23,32,32,0,PS_NONE,29,PS_WANDER,4,128,73
35996,3222,0,38350,9937,16023,256,38,62,4100,UNDEFINED,0,PA_NONE,833,PB_POLICE,3618,843,0,0,1,TM_PERSON,29,PS_WANDER,70,TA_SOUTHEAST,0,4,PU_POLICE,18233,0,0,0,0,0,0,0,0,0,0,0,0,0,38350,0,0,0,0,0,0,128,80,208,80,128,80,208,80,128,80,208,80,154,16,32,32,0,PS_NONE,29,PS_WANDER,4,0,12
36088,3314,0,38386,16102,8375,256,62,32,4100,UNDEFINED,0,PA_NONE,833,PB_POLICE,3610,841,0,0,1,TM_PERSON,29,PS_WANDER,3,TA_SOUTHWEST,0,4,PU_POLICE,17864,0,0,0,0,0,0,0,0,0,0,0,0,0,38386,0,0,0,0,0,0,128,80,208,80,128,80,208,80,128,80,208,80,165,16,32,32,0,PS_NONE,29,PS_WANDER,4,64,207
36180,3406,0,38422,10515,2780,256,41,10,4100,UNDEFINED,0,PA_NONE,833,PB_POLICE,3611,841,0,0,1,TM_PERSON,29,PS_WANDER,3,TA_SOUTHWEST,0,4,PU_POLICE,11002,0,0,0,0,0,0,0,0,0,0,0,0,0,38422,0,0,0,0,0,0,128,80,208,80,128,80,208,80,128,80,208,80,160,16,32,32,0,PS_NONE,29,PS_WANDER,3,128,20
36272,3498,0,38458,28200,1561,256,110,6,4100,UNDEFINED,0,PA_NONE,833,PB_POLICE,3618,843,0,0,1,TM_PERSON,29,PS_WANDER,61,TA_SOUTHEAST,0,4,PU_POLICE,27489,0,0,0,0,0,0,0,0,0,0,0,0,0,38458,0,0,0,0,0,0,128,80,208,80,128,80,208,80,128,80,208,80,150,16,32,32,0,PS_NONE,29,PS_WANDER,4,128,26
36364,3590,0,38494,9274,16857,256,36,65,4100,UNDEFINED,0,PA_NONE,833,PB_POLICE,3619,843,0,0,1,TM_PERSON,29,PS_WANDER,52,TA_SOUTHEAST,0,4,PU_POLICE,18381,0,0,0,0,0,0,0,0,0,0,0,0,0,38494,0,0,0,0,0,0,128,80,208,80,128,80,208,80,128,80,208,80,168,16,32,32,0,PS_NONE,29,PS_WANDER,4,0,25
36456,3682,0,38530,7184,8630,256,28,33,4100,UNDEFINED,0,PA_NONE,833,PB_POLICE,3611,841,0,0,1,TM_PERSON,14,PS_HUG_RIGHT,255,TA_SOUTHWEST,0,4,PU_POLICE,11117,0,0,0,0,0,0,0,0,0,0,0,0,0,38530,0,0,0,3,0,0,128,80,208,80,128,80,208,80,128,80,208,80,163,23,32,32,0,PS_NONE,29,PS_WANDER,4,192,15
36548,3774,0,38566,12748,16893,256,49,65,4100,UNDEFINED,0,PA_NONE,833,PB_POLICE,3621,843,0,0,1,TM_PERSON,14,PS_HUG_RIGHT,64,TA_SOUTHEAST,0,4,PU_POLICE,21121,0,0,0,0,0,0,0,0,0,0,0,0,0,38566,0,0,0,7,0,0,128,80,208,80,128,80,208,80,128,80,208,80,161,23,32,32,0,PS_NONE,29,PS_WANDER,4,0,207
36640,3866,0,38602,12277,14468,256,47,56,4100,UNDEFINED,0,PA_NONE,833,PB_POLICE,3626,845,0,0,1,TM_PERSON,29,PS_WANDER,124,TA_NORTHEAST,0,4,PU_POLICE,20539,0,0,0,0,0,0,0,0,0,0,0,0,0,38602,0,0,0,9,0,0,128,80,208,80,128,80,208,80,128,80,208,80,159,16,32,32,0,PS_NONE,29,PS_WANDER,4,64,74
36732,3958,0,38638,6323,6718,256,24,26,4100,UNDEFINED,0,PA_NONE,833,PB_POLICE,3637,847,0,0,1,TM_PERSON,29,PS_WANDER,186,TA_NORTHWEST,0,4,PU_POLICE,10244,0,0,0,0,0,0,0,0,0,0,0,0,0,38638,0,0,0,9,0,0,128,80,208,80,128,80,208,80,128,80,208,80,163,16,32,32,0,PS_NONE,29,PS_WANDER,4,0,71
36824,4050,0,38674,19698,4401,256,76,17,4100,UNDEFINED,0,PA_NONE,833,PB_POLICE,3613,841,0,0,1,TM_PERSON,29,PS_WANDER,0,TA_SOUTHWEST,0,4,PU_POLICE,20104,0,0,0,0,0,0,0,0,0,0,0,0,0,38674,0,0,0,0,0,0,128,80,208,80,128,80,208,80,128,80,208,80,161,16,32,32,0,PS_NONE,29,PS_WANDER,4,64,19
36916,4142,0,12146,13737,2846,256,53,11,4100,UNDEFINED,0,PA_NONE,833,PB_POLICE,3626,845,0,0,1,TM_PERSON,29,PS_WANDER,126,TA_NORTHEAST,0,4,PU_POLICE,15544,0,0,0,0,0,0,0,0,0,0,0,0,0,38710,0,0,0,9,0,0,128,80,208,80,128,80,208,80,128,80,208,80,163,16,32,32,0,PS_NONE,29,PS_WANDER,4,192,12
37008,4234,0,38746,17209,6095,256,67,23,4100,UNDEFINED,0,PA_NONE,833,PB_POLICE,3628,845,0,0,1,TM_PERSON,29,PS_WANDER,127,TA_NORTHEAST,0,4,PU_POLICE,18784,0,0,0,0,0,0,0,0,0,0,0,0,0,38746,0,0,0,7,0,0,128,80,208,80,128,80,208,80,128,80,208,80,159,16,32,32,0,PS_NONE,29,PS_WANDER,4,128,21
37100,4326,0,38782,14208,5335,256,55,20,4100,UNDEFINED,0,PA_NONE,833,PB_POLICE,3610,841,0,0,1,TM_PERSON,29,PS_WANDER,244,TA_SOUTHWEST,0,4,PU_POLICE,15072,0,0,0,0,0,0,0,0,0,0,0,0,0,38782,0,0,0,0,0,0,128,80,208,80,128,80,208,80,128,80,208,80,163,16,32,32,0,PS_NONE,29,PS_WANDER,4,192,202
37192,4418,0,38818,13820,5839,256,53,22,4100,UNDEFINED,0,PA_NONE,833,PB_POLICE,3628,845,0,0,1,TM_PERSON,29,PS_WANDER,125,TA_NORTHEAST,0,4,PU_POLICE,15459,0,0,0,0,0,0,0,0,0,0,0,0,0,38818,0,0,0,9,0,0,128,80,208,80,128,80,208,80,128,80,208,80,165,16,32,32,0,PS_NONE,29,PS_WANDER,4,192,79
37284,4510,0,38854,7930,16837,256,30,65,4100,UNDEFINED,0,PA_NONE,833,PB_POLICE,3619,843,0,0,1,TM_PERSON,29,PS_WANDER,70,TA_SOUTHEAST,0,4,PU_POLICE,18379,0,0,0,0,0,0,0,0,0,0,0,0,0,38854,0,0,0,0,0,0,128,80,208,80,128,80,208,80,128,80,208,80,164,16,32,32,0,PS_NONE,29,PS_WANDER,4,0,211
37376,4602,0,38890,17068,12455,256,66,48,4100,UNDEFINED,0,PA_NONE,833,PB_POLICE,3626,845,0,0,1,TM_PERSON,29,PS_WANDER,131,TA_NORTHEAST,0,4,PU_POLICE,22168,0,0,0,0,0,0,0,0,0,0,0,0,0,38890,0,0,0,9,0,0,128,80,208,80,128,80,208,80,128,80,208,80,143,16,32,32,0,PS_NONE,29,PS_WANDER,4,64,0
37468,4694,0,38926,12035,10777,256,47,42,4100,UNDEFINED,0,PA_NONE,833,PB_POLICE,3611,841,0,0,1,TM_PERSON,29,PS_WANDER,253,TA_SOUTHWEST,0,4,PU_POLICE,14322,0,0,0,0,0,0,0,0,0,0,0,0,0,38926,0,0,0,0,0,0,128,80,208,80,128,80,208,80,128,80,208,80,157,16,32,32,0,PS_NONE,29,PS_WANDER,4,64,0
37560,4786,0,38962,13622,13322,256,53,52,4100,UNDEFINED,0,PA_NONE,833,PB_POLICE,3637,847,0,0,1,TM_PERSON,29,PS_WANDER,194,TA_NORTHWEST,0,4,PU_POLICE,19374,0,0,0,0,0,0,0,0,0,0,0,0,0,38962,0,0,0,0,0,0,128,80,208,80,128,80,208,80,128,80,208,80,153,16,32,32,0,PS_NONE,29,PS_WANDER,4,64,0
37652,4878,0,38998,29885,1907,256,116,7,4100,UNDEFINED,0,PA_NONE,833,PB_POLICE,3629,845,0,0,1,TM_PERSON,29,PS_WANDER,131,TA_NORTHEAST,0,4,PU_POLICE,30105,0,0,0,0,0,0,0,0,0,0,0,0,0,38998,0,0,0,0,0,0,128,80,208,80,128,80,208,80,128,80,208,80,167,16,32,32,0,PS_NONE,29,PS_WANDER,4,64,0
37744,4970,0,15826,15562,9555,256,60,37,4100,UNDEFINED,0,PA_NONE,833,PB_POLICE,3629,845,0,0,1,TM_PERSON,29,PS_WANDER,134,TA_NORTHEAST,0,4,PU_POLICE,19147,0,0,0,0,0,0,0,0,0,0,0,0,0,39034,0,0,0,9,0,0,128,80,208,80,128,80,208,80,128,80,208,80,154,16,32,32,0,PS_NONE,29,PS_WANDER,4,64,0
37836,5062,0,39070,14968,6672,256,58,26,4100,UNDEFINED,0,PA_NONE,833,PB_POLICE,3618,843,0,0,1,TM_PERSON,29,PS_WANDER,60,TA_SOUTHEAST,0,4,PU_POLICE,15588,0,0,0,0,0,0,0,0,0,0,0,0,0,39070,0,0,0,0,0,0,128,80,208,80,128,80,208,80,128,80,208,80,162,16,32,32,0,PS_NONE,29,PS_WANDER,4,128,0
37928,5154,0,39106,17556,11542,256,68,45,4100,UNDEFINED,0,PA_NONE,833,PB_POLICE,3637,847,0,0,1,TM_PERSON,29,PS_WANDER,193,TA_NORTHWEST,0,4,PU_POLICE,21380,0,0,0,0,0,0,0,0,0,0,0,0,0,39106,0,0,0,8,0,0,128,80,208,80,128,80,208,80,128,80,208,80,149,16,32,32,0,PS_NONE,29,PS_WANDER,2,128,0
38020,5246,0,39142,6514,17692,256,25,69,4100,UNDEFINED,0,PA_NONE,833,PB_POLICE,3637,847,0,0,1,TM_PERSON,29,PS_WANDER,196,TA_NORTHWEST,0,4,PU_POLICE,19208,0,0,0,0,0,0,0,0,0,0,0,0,0,39142,0,0,0,9,0,0,128,80,208,80,128,80,208,80,128,80,208,80,161,16,32,32,0,PS_NONE,29,PS_WANDER,4,128,0
38112,5338,0,39178,32255,3671,128,125,14,4365,UNDEFINED,0,PA_NONE,833,PB_POLICE,4623,1039,65535,0,1,TM_PERSON,26,PS_DEAD,129,TA_NORTHEAST,0,4,PU_POLICE,3708,0,0,0,0,0,0,0,0,0,0,0,0,0,39178,0,0,0,5,0,0,128,80,208,80,128,80,208,80,128,80,208,80,138,0,32,32,0,PS_NONE,29,PS_WANDER,0,64,0
38204,5430,0,14170,10497,3163,256,41,12,4100,UNDEFINED,0,PA_NONE,833,PB_POLICE,3613,841,0,0,1,TM_PERSON,29,PS_WANDER,254,TA_SOUTHWEST,0,4,PU_POLICE,10830,0,0,0,0,0,0,0,0,0,0,0,0,0,39214,0,0,0,0,0,0,128,80,208,80,128,80,208,80,128,80,208,80,159,16,32,32,0,PS_NONE,29,PS_WANDER,4,192,0
38296,5522,0,39250,8835,18047,256,34,70,4100,UNDEFINED,0,PA_NONE,833,PB_POLICE,3621,843,0,0,1,TM_PERSON,29,PS_WANDER,64,TA_SOUTHEAST,0,4,PU_POLICE,18874,0,0,0,0,0,0,0,0,0,0,0,0,0,39250,0,0,0,0,0,0,128,80,208,80,128,80,208,80,128,80,208,80,164,16,32,32,0,PS_NONE,29,PS_WANDER,4,128,0
38388,5614,0,39286,17499,9705,256,68,37,4100,UNDEFINED,0,PA_NONE,833,PB_POLICE,3637,847,0,0,1,TM_PERSON,29,PS_WANDER,188,TA_NORTHWEST,0,4,PU_POLICE,20235,0,0,0,0,0,0,0,0,0,0,0,0,0,39286,0,0,0,9,0,0,128,80,208,80,128,80,208,80,128,80,208,80,168,16,32,32,0,PS_NONE,29,PS_WANDER,4,0,0
38480,5706,0,39322,6859,5870,256,26,22,4100,UNDEFINED,0,PA_NONE,833,PB_POLICE,3620,843,0,0,1,TM_PERSON,29,PS_WANDER,64,TA_SOUTHEAST,0,4,PU_POLICE,8083,0,0,0,0,0,0,0,0,0,0,0,0,0,39322,0,0,0,0,0,0,128,80,208,80,128,80,208,80,128,80,208,80,151,16,32,32,0,PS_NONE,29,PS_WANDER,4,192,0
38572,5798,0,39358,29904,10522,256,116,41,4100,UNDEFINED,0,PA_NONE,833,PB_POLICE,3626,845,0,0,1,TM_PERSON,29,PS_WANDER,127,TA_NORTHEAST,0,4,PU_POLICE,31870,0,0,0,0,0,0,0,0,0,0,0,0,0,39358,0,0,0,6,0,0,128,80,208,80,128,80,208,80,128,80,208,80,159,16,32,32,0,PS_NONE,29,PS_WANDER,4,0,0
38664,5890,0,39394,12795,11676,256,49,45,4100,UNDEFINED,0,PA_NONE,833,PB_POLICE,3626,845,0,0,1,TM_PERSON,29,PS_WANDER,127,TA_NORTHEAST,0,4,PU_POLICE,17371,0,0,0,0,0,0,0,0,0,0,0,0,0,39394,0,0,0,9,0,0,128,80,208,80,128,80,208,80,128,80,208,80,170,16,32,32,0,PS_NONE,29,PS_WANDER,4,64,7
38756,5982,0,39430,14035,18177,256,54,71,4100,UNDEFINED,0,PA_NONE,833,PB_POLICE,3633,847,0,0,1,TM_PERSON,14,PS_HUG_RIGHT,193,TA_NORTHWEST,0,4,PU_POLICE,22964,0,0,0,0,0,0,0,0,0,0,0,0,0,39430,0,0,0,10,0,0,128,80,208,80,128,80,208,80,128,80,208,80,161,23,32,32,0,PS_NONE,29,PS_WANDER,4,128,0
38848,6074,0,39466,11751,3215,256,45,12,4100,UNDEFINED,0,PA_NONE,833,PB_POLICE,3638,848,0,0,1,TM_PERSON,29,PS_WANDER,210,TA_WEST,0,4,PU_POLICE,13857,0,0,0,0,0,0,0,0,0,0,0,0,0,39466,0,0,0,9,0,0,128,80,208,80,128,80,208,80,128,80,208,80,157,16,32,32,0,PS_NONE,29,PS_WANDER,4,128,0
38940,6166,0,39502,18719,10557,256,73,41,4100,UNDEFINED,0,PA_NONE,833,PB_POLICE,3637,847,0,0,1,TM_PERSON,29,PS_WANDER,193,TA_NORTHWEST,0,4,PU_POLICE,22234,0,0,0,0,0,0,0,0,0,0,0,0,0,39502,0,0,0,0,0,0,128,80,208,80,128,80,208,80,128,80,208,80,164,16,32,32,0,PS_NONE,29,PS_WANDER,4,128,0
39032,6258,0,39538,7114,19971,256,27,78,4100,UNDEFINED,0,PA_NONE,833,PB_POLICE,3633,847,0,0,1,TM_PERSON,29,PS_WANDER,198,TA_NORTHWEST,0,4,PU_POLICE,21982,0,0,0,0,0,0,0,0,0,0,0,0,0,39538,0,0,0,7,0,0,128,80,208,80,128,80,208,80,128,80,208,80,161,16,32,32,0,PS_NONE,29,PS_WANDER,4,128,0
39124,6350,0,39574,12499,1536,256,48,6,4100,UNDEFINED,0,PA_NONE,833,PB_POLICE,3621,843,0,0,1,TM_PERSON,15,PS_HUG_LEFT,63,TA_SOUTHEAST,0,4,PU_POLICE,12549,0,0,0,0,0,0,0,0,0,0,0,0,0,39574,0,0,0,8,0,0,128,80,208,80,128,80,208,80,128,80,208,80,153,23,32,32,0,PS_NONE,29,PS_WANDER,4,128,0
39216,6442,0,39610,9230,19250,256,36,75,4100,UNDEFINED,0,PA_NONE,833,PB_POLICE,3610,841,0,0,1,TM_PERSON,29,PS_WANDER,0,TA_SOUTHWEST,0,4,PU_POLICE,20856,0,0,0,0,0,0,0,0,0,0,0,0,0,39610,0,0,0,0,0,0,128,80,208,80,128,80,208,80,128,80,208,80,154,16,32,32,0,PS_NONE,29,PS_WANDER,4,192,0
39308,6534,0,39646,8191,11158,256,31,43,4100,UNDEFINED,0,PA_NONE,833,PB_POLICE,3628,845,0,0,1,TM_PERSON,14,PS_HUG_RIGHT,128,TA_NORTHEAST,0,4,PU_POLICE,13841,0,0,0,0,0,0,0,0,0,0,0,0,0,39646,0,0,0,10,0,0,128,80,208,80,128,80,208,80,128,80,208,80,162,23,32,32,0,PS_NONE,29,PS_WANDER,4,64,0
39400,6626,0,39682,28457,8026,256,111,31,4100,UNDEFINED,0,PA_NONE,833,PB_POLICE,3633,847,0,0,1,TM_PERSON,29,PS_WANDER,201,TA_NORTHWEST,0,4,PU_POLICE,30478,0,0,0,0,0,0,0,0,0,0,0,0,0,39682,0,0,0,9,0,0,128,80,208,80,128,80,208,80,128,80,208,80,157,16,32,32,0,PS_NONE,29,PS_WANDER,4,128,141
39492,6718,0,39718,9654,1572,256,37,6,4100,UNDEFINED,0,PA_NONE,833,PB_POLICE,3619,843,0,0,1,TM_PERSON,29,PS_WANDER,64,TA_SOUTHEAST,0,4,PU_POLICE,7893,0,0,0,0,0,0,0,0,0,0,0,0,0,39718,0,0,0,0,0,0,128,80,208,80,128,80,208,80,128,80,208,80,159,16,32,32,0,PS_NONE,29,PS_WANDER,4,192,9
39584,6810,0,39754,25804,4497,256,100,17,4100,UNDEFINED,0,PA_NONE,833,PB_POLICE,3628,845,0,0,1,TM_PERSON,29,PS_WANDER,137,TA_NORTHEAST,0,4,PU_POLICE,26389,0,0,0,0,0,0,0,0,0,0,0,0,0,39754,0,0,0,5,0,0,128,80,208,80,128,80,208,80,128,80,208,80,153,16,32,32,0,PS_NONE,29,PS_WANDER,4,192,0
39676,6902,0,39790,9843,19660,256,38,76,4100,UNDEFINED,0,PA_NONE,833,PB_POLICE,3621,843,0,0,1,TM_PERSON,29,PS_WANDER,66,TA_SOUTHEAST,0,4,PU_POLICE,21764,0,0,0,0,0,0,0,0,0,0,0,0,0,39790,0,0,0,0,0,0,128,80,208,80,128,80,208,80,128,80,208,80,151,16,32,32,0,PS_NONE,29,PS_WANDER,4,0,0
39768,6994,0,39826,12699,2585,256,49,10,4100,UNDEFINED,0,PA_NONE,833,PB_POLICE,3620,843,0,0,1,TM_PERSON,29,PS_WANDER,58,TA_SOUTHEAST,0,4,PU_POLICE,12351,0,0,0,0,0,0,0,0,0,0,0,0,0,39826,0,0,0,0,0,0,128,80,208,80,128,80,208,80,128,80,208,80,160,16,32,32,0,PS_NONE,29,PS_WANDER,4,128,0
39860,7086,0,39862,8508,7701,256,33,30,4100,UNDEFINED,0,PA_NONE,833,PB_POLICE,3633,847,0,0,1,TM_PERSON,14,PS_HUG_RIGHT,191,TA_NORTHWEST,0,4,PU_POLICE,11479,0,0,0,0,0,0,0,0,0,0,0,0,0,39862,0,0,0,8,0,0,128,80,208,80,128,80,208,80,128,80,208,80,160,23,32,32,0,PS_NONE,29,PS_WANDER,2,128,74
39952,7178,0,39898,10751,5748,256,41,22,4100,UNDEFINED,0,PA_NONE,833,PB_POLICE,3610,841,0,0,1,TM_PERSON,15,PS_HUG_LEFT,0,TA_SOUTHWEST,0,4,PU_POLICE,12137,0,0,0,0,0,0,0,0,0,0,0,0,0,39898,0,0,0,5,0,0,128,80,208,80,128,80,208,80,128,80,208,80,169,23,32,32,0,PS_NONE,29,PS_WANDER,4,64,17
40044,7270,0,39934,28079,9715,256,109,37,4100,UNDEFINED,0,PA_NONE,833,PB_POLICE,3637,847,0,0,1,TM_PERSON,29,PS_WANDER,195,TA_NORTHWEST,0,4,PU_POLICE,30067,0,0,0,0,0,0,0,0,0,0,0,0,0,39934,0,0,0,9,0,0,128,80,208,80,128,80,208,80,128,80,208,80,158,16,32,32,0,PS_NONE,29,PS_WANDER,4,0,0
40136,7362,0,39970,22119,2603,256,86,10,4100,UNDEFINED,0,PA_NONE,833,PB_POLICE,3635,847,0,0,1,TM_PERSON,29,PS_WANDER,196,TA_NORTHWEST,0,4,PU_POLICE,23133,0,0,0,0,0,0,0,0,0,0,0,0,0,39970,0,0,0,8,0,0,128,80,208,80,128,80,208,80,128,80,208,80,157,16,32,32,0,PS_NONE,29,PS_WANDER,2,128,0
40228,7454,0,40006,20637,3045,256,80,11,4100,UNDEFINED,0,PA_NONE,833,PB_POLICE,3636,847,0,0,1,TM_PERSON,29,PS_WANDER,198,TA_NORTHWEST,0,4,PU_POLICE,23496,0,0,0,0,0,0,0,0,0,0,0,0,0,40006,0,0,0,8,0,0,128,80,208,80,128,80,208,80,128,80,208,80,165,16,32,32,0,PS_NONE,29,PS_WANDER,2,128,0
40320,7546,0,40042,12292,7680,256,48,30,4100,UNDEFINED,0,PA_NONE,833,PB_POLICE,3619,843,0,0,1,TM_PERSON,29,PS_WANDER,65,TA_SOUTHEAST,0,4,PU_POLICE,13659,0,0,0,0,0,0,0,0,0,0,0,0,0,40042,0,0,0,0,0,0,128,80,208,80,128,80,208,80,128,80,208,80,160,16,32,32,0,PS_NONE,29,PS_WANDER,4,128,146
40412,7638,0,40078,23094,6895,256,90,26,4100,UNDEFINED,0,PA_NONE,833,PB_POLICE,3618,843,0,0,1,TM_PERSON,29,PS_WANDER,64,TA_SOUTHEAST,0,4,PU_POLICE,23815,0,0,0,0,0,0,0,0,0,0,0,0,0,40078,0,0,0,0,0,0,128,80,208,80,128,80,208,80,128,80,208,80,150,16,32,32,0,PS_NONE,29,PS_WANDER,4,0,0
40504,7730,0,40114,19157,1541,256,74,6,4100,UNDEFINED,0,PA_NONE,833,PB_POLICE,3619,843,0,0,1,TM_PERSON,29,PS_WANDER,65,TA_SOUTHEAST,0,4,PU_POLICE,18677,0,0,0,0,0,0,0,0,0,0,0,0,0,40114,0,0,0,0,0,0,128,80,208,80,128,80,208,80,128,80,208,80,165,16,32,32,0,PS_NONE,29,PS_WANDER,4,128,0
40596,7822,0,14630,10711,16798,256,41,65,4100,UNDEFINED,0,PA_NONE,833,PB_POLICE,3636,847,0,0,1,TM_PERSON,29,PS_WANDER,195,TA_NORTHWEST,0,4,PU_POLICE,20842,0,0,0,0,0,0,0,0,0,0,0,0,0,40150,0,0,0,9,0,0,128,80,208,80,128,80,208,80,128,80,208,80,163,16,32,32,0,PS_NONE,29,PS_WANDER,4,0,71
40688,7914,0,40186,21317,1591,256,83,6,4100,UNDEFINED,0,PA_NONE,833,PB_POLICE,3621,843,0,0,1,TM_PERSON,29,PS_WANDER,51,TA_SOUTHEAST,0,4,PU_POLICE,20716,0,0,0,0,0,0,0,0,0,0,0,0,0,40186,0,0,0,0,0,0,128,80,208,80,128,80,208,80,128,80,208,80,147,16,32,32,0,PS_NONE,29,PS_WANDER,4,128,135
40780,8006,0,40222,12318,6450,256,48,25,4100,UNDEFINED,0,PA_NONE,833,PB_POLICE,3629,845,0,0,1,TM_PERSON,29,PS_WANDER,125,TA_NORTHEAST,0,4,PU_POLICE,14365,0,0,0,0,0,0,0,0,0,0,0,0,0,40222,0,0,0,0,0,0,128,80,208,80,128,80,208,80,128,80,208,80,159,16,32,32,0,PS_NONE,29,PS_WANDER,4,128,0
40872,8098,0,40258,19595,10554,256,76,41,4100,UNDEFINED,0,PA_NONE,833,PB_POLICE,3635,847,0,0,1,TM_PERSON,29,PS_WANDER,194,TA_NORTHWEST,0,4,PU_POLICE,23250,0,0,0,0,0,0,0,0,0,0,0,0,0,40258,0,0,0,0,0,0,128,80,208,80,128,80,208,80,128,80,208,80,158,16,32,32,0,PS_NONE,29,PS_WANDER,4,128,0
40964,8190,0,40294,12531,7435,256,48,29,4100,UNDEFINED,0,PA_NONE,833,PB_POLICE,3628,845,0,0,1,TM_PERSON,29,PS_WANDER,125,TA_NORTHEAST,0,4,PU_POLICE,14689,0,0,0,0,0,0,0,0,0,0,0,0,0,40294,0,0,0,9,0,0,128,80,208,80,128,80,208,80,128,80,208,80,162,16,32,32,0,PS_NONE,29,PS_WANDER,4,64,26
41056,8282,0,40330,25292,7924,256,98,30,4100,UNDEFINED,0,PA_NONE,833,PB_POLICE,3637,847,0,0,1,TM_PERSON,29,PS_WANDER,188,TA_NORTHWEST,0,4,PU_POLICE,28502,0,0,0,0,0,0,0,0,0,0,0,0,0,40330,0,0,0,2,0,0,128,80,208,80,128,80,208,80,128,80,208,80,168,16,32,32,0,PS_NONE,29,PS_WANDER,4,0,0
41148,8374,0,40366,5338,17652,256,20,68,4100,UNDEFINED,0,PA_NONE,833,PB_POLICE,3618,843,0,0,1,TM_PERSON,14,PS_HUG_RIGHT,63,TA_SOUTHEAST,0,4,PU_POLICE,18441,0,0,0,0,0,0,0,0,0,0,0,0,0,40366,0,0,0,10,0,0,128,80,208,80,128,80,208,80,128,80,208,80,151,23,32,32,0,PS_NONE,29,PS_WANDER,4,0,0
41240,8466,0,40402,15517,8197,256,60,32,4100,UNDEFINED,0,PA_NONE,833,PB_POLICE,3633,847,0,0,1,TM_PERSON,29,PS_WANDER,189,TA_NORTHWEST,0,4,PU_POLICE,17835,0,0,0,0,0,0,0,0,0,0,0,0,0,40402,0,0,0,0,0,0,128,80,208,80,128,80,208,80,128,80,208,80,156,16,32,32,0,PS_NONE,29,PS_WANDER,4,128,0
41332,8558,0,40438,2167,19322,256,8,75,4100,UNDEFINED,0,PA_NONE,833,PB_POLICE,3637,847,0,0,1,TM_PERSON,29,PS_WANDER,192,TA_NORTHWEST,0,4,PU_POLICE,20743,0,0,0,0,0,0,0,0,0,0,0,0,0,40438,0,0,0,7,0,0,128,80,208,80,128,80,208,80,128,80,208,80,176,16,32,32,0,PS_NONE,29,PS_WANDER,4,128,0
41424,8650,0,40474,26724,4360,256,104,17,4100,UNDEFINED,0,PA_NONE,833,PB_POLICE,3620,843,0,0,1,TM_PERSON,29,PS_WANDER,62,TA_SOUTHEAST,0,4,PU_POLICE,26497,0,0,0,0,0,0,0,0,0,0,0,0,0,40474,0,0,0,0,0,0,128,80,208,80,128,80,208,80,128,80,208,80,148,16,32,32,0,PS_NONE,29,PS_WANDER,4,128,0
41516,8742,0,40510,26882,3094,256,105,12,4100,UNDEFINED,0,PA_NONE,833,PB_POLICE,3620,843,0,0,1,TM_PERSON,29,PS_WANDER,70,TA_SOUTHEAST,0,4,PU_POLICE,22073,0,0,0,0,0,0,0,0,0,0,0,0,0,40510,0,0,0,0,0,0,128,80,208,80,128,80,208,80,128,80,208,80,151,16,32,32,0,PS_NONE,29,PS_WANDER,4,128,0
41608,8834,0,15182,32255,17576,128,125,68,4365,UNDEFINED,0,PA_NONE,833,PB_POLICE,4623,1039,65535,0,1,TM_PERSON,26,PS_DEAD,63,TA_SOUTHEAST,0,4,PU_POLICE,17585,0,0,0,0,0,0,0,0,0,0,0,0,0,40546,0,0,0,5,0,0,128,80,208,80,128,80,208,80,128,80,208,80,132,0,32,32,0,PS_NONE,29,PS_WANDER,0,0,0
41700,8926,0,40582,14846,4388,256,57,17,4100,UNDEFINED,0,PA_NONE,833,PB_POLICE,3627,845,0,0,1,TM_PERSON,14,PS_HUG_RIGHT,128,TA_NORTHEAST,0,4,PU_POLICE,15513,0,0,0,0,0,0,0,0,0,0,0,0,0,40582,0,0,0,5,0,0,128,80,208,80,128,80,208,80,128,80,208,80,161,23,32,32,0,PS_NONE,29,PS_WANDER,4,64,0
41792,9018,0,40618,17331,1564,256,67,6,4100,UNDEFINED,0,PA_NONE,833,PB_POLICE,3636,847,0,0,1,TM_PERSON,29,PS_WANDER,195,TA_NORTHWEST,0,4,PU_POLICE,17788,0,0,0,0,0,0,0,0,0,0,0,0,0,40618,0,0,0,9,0,0,128,80,208,80,128,80,208,80,128,80,208,80,165,16,32,32,0,PS_NONE,29,PS_WANDER,4,128,0
41884,9110,0,40654,22102,10512,256,86,41,4100,UNDEFINED,0,PA_NONE,833,PB_POLICE,3633,847,0,0,1,TM_PERSON,29,PS_WANDER,193,TA_NORTHWEST,0,4,PU_POLICE,24605,0,0,0,0,0,0,0,0,0,0,0,0,0,40654,0,0,0,8,0,0,128,80,208,80,128,80,208,80,128,80,208,80,166,16,32,32,0,PS_NONE,29,PS_WANDER,2,128,0
41976,9202,0,40690,32255,10902,128,125,42,4365,UNDEFINED,0,PA_NONE,833,PB_POLICE,4623,1039,65535,0,1,TM_PERSON,26,PS_DEAD,129,TA_NORTHEAST,0,4,PU_POLICE,34055,0,0,0,0,0,0,0,0,0,0,0,0,0,40690,0,0,0,9,0,0,128,80,208,80,128,80,208,80,128,80,208,80,120,0,32,32,0,PS_NONE,29,PS_WANDER,3,128,0
42068,9294,0,40726,15876,11138,256,62,43,4100,UNDEFINED,0,PA_NONE,833,PB_POLICE,3612,841,0,0,1,TM_PERSON,29,PS_WANDER,6,TA_SOUTHWEST,0,4,PU_POLICE,19186,0,0,0,0,0,0,0,0,0,0,0,0,0,40726,0,0,0,0,0,0,128,80,208,80,128,80,208,80,128,80,208,80,155,16,32,32,0,PS_NONE,29,PS_WANDER,4,192,0
42160,9386,0,40798,16724,16204,256,65,63,4,TS_MAPWHO,0,PA_NONE,1744,PB_MAN_JACKET,7715,1744,0,0,1,TM_PERSON,0,PS_NONE,9,TA_SOUTHWEST,0,8,PU_GUARD,0,0,0,0,0,0,0,0,0,0,0,0,0,0,40798,0,0,0,0,0,0,128,80,208,80,128,80,208,80,128,50,178,50,182,0,32,32,0,PS_NONE,0,PS_NONE,0,0,0
42252,9478,0,40762,16320,16192,256,63,63,4,TS_MAPWHO,0,PA_NONE,1744,PB_MAN_JACKET,7715,1744,0,0,1,TM_PERSON,0,PS_NONE,9,TA_SOUTHWEST,0,8,PU_GUARD,0,0,0,0,0,0,0,0,0,0,0,0,0,0,40762,0,0,0,0,0,0,128,80,208,80,128,80,208,80,128,50,178,50,182,0,32,32,0,PS_NONE,0,PS_NONE,0,0,0
42344,9570,0,40834,16576,14912,256,64,58,4,TS_MAPWHO,0,PA_NONE,1330,PB_MAN_SUIT,5975,1334,8,0,1,TM_PERSON,40,PS_WAIT_FOR_TRIGGER,128,TA_NORTHEAST,0,8,PU_GUARD,0,0,0,0,24,8,0,0,63,63,256,0,0,0,40834,0,0,0,3,0,0,128,80,208,80,128,80,208,80,128,80,208,80,182,0,32,32,0,PS_NONE,40,PS_WAIT_FOR_TRIGGER,0,0,0
42436,9662,0,40870,16704,14912,256,65,58,4,TS_MAPWHO,0,PA_NONE,1330,PB_MAN_SUIT,5975,1334,8,0,1,TM_PERSON,40,PS_WAIT_FOR_TRIGGER,116,TA_NORTHEAST,0,8,PU_GUARD,1216,0,0,0,32,32,0,0,63,63,256,0,0,0,40870,0,0,0,3,0,0,128,80,208,80,128,80,208,80,128,80,208,80,182,0,32,32,0,PS_NONE,40,PS_WAIT_FOR_TRIGGER,3,128,0
42528,9754,0,40942,16704,15168,256,65,59,4,TS_MAPWHO,0,PA_NONE,1330,PB_MAN_SUIT,5975,1334,8,0,1,TM_PERSON,40,PS_WAIT_FOR_TRIGGER,119,TA_NORTHEAST,0,8,PU_GUARD,969,0,0,0,96,80,0,0,63,63,256,0,0,0,40942,0,0,0,5,0,0,128,80,208,80,128,80,208,80,128,80,208,80,182,0,32,32,0,PS_NONE,40,PS_WAIT_FOR_TRIGGER,3,128,0
42620,9846,0,40906,16320,15168,256,63,59,4,TS_MAPWHO,0,PA_NONE,1330,PB_MAN_SUIT,5975,1334,8,0,1,TM_PERSON,40,PS_WAIT_FOR_TRIGGER,131,TA_NORTHEAST,0,8,PU_GUARD,0,0,0,0,72,56,0,0,63,63,256,0,0,0,40906,0,0,0,3,0,0,128,80,208,80,128,80,208,80,128,80,208,80,182,0,32,32,0,PS_NONE,40,PS_WAIT_FOR_TRIGGER,0,0,0
42712,9938,0,40978,14892,18004,256,58,70,4,TS_MAPWHO,0,PA_NONE,1744,PB_MAN_JACKET,7715,1744,0,0,1,TM_PERSON,0,PS_NONE,9,TA_SOUTHWEST,0,8,PU_GUARD,0,0,0,0,0,0,0,0,0,0,0,0,0,0,40978,0,0,0,0,0,0,128,80,208,80,128,80,208,80,128,50,178,50,182,0,32,32,0,PS_NONE,0,PS_NONE,0,0,0
42804,10030,0,41014,14720,18368,256,57,71,4,TS_MAPWHO,0,PA_NONE,1744,PB_MAN_JACKET,7739,1750,8,0,1,TM_PERSON,0,PS_NONE,201,TA_NORTHWEST,0,8,PU_GUARD,0,0,0,0,0,0,0,0,0,0,0,0,0,0,41014,0,0,0,0,0,0,128,80,208,80,128,80,208,80,128,80,208,80,182,0,32,32,0,PS_NONE,0,PS_NONE,0,0,0
42896,10122,0,41050,14936,16456,256,58,64,4,TS_MAPWHO,0,PA_NONE,1744,PB_MAN_JACKET,7731,1748,8,0,1,TM_PERSON,0,PS_NONE,137,TA_NORTHEAST,0,8,PU_GUARD,0,0,0,0,0,0,0,0,0,0,0,0,0,0,41050,0,0,0,0,0,0,128,80,208,80,128,80,208,80,128,80,208,80,182,0,32,32,0,PS_NONE,0,PS_NONE,0,0,0
42988,10214,0,41086,15012,16268,256,58,63,4,TS_MAPWHO,0,PA_NONE,1744,PB_MAN_JACKET,7739,1750,8,0,1,TM_PERSON,0,PS_NONE,201,TA_NORTHWEST,0,8,PU_GUARD,0,0,0,0,0,0,0,0,0,0,0,0,0,0,41086,0,0,0,0,0,0,128,80,208,80,128,80,208,80,128,80,208,80,182,0,32,32,0,PS_NONE,0,PS_NONE,0,0,0
43080,10306,0,41122,15700,16028,256,61,62,4,TS_MAPWHO,0,PA_NONE,1744,PB_MAN_JACKET,7723,1746,8,0,1,TM_PERSON,0,PS_NONE,73,TA_SOUTHEAST,0,8,PU_GUARD,0,0,0,0,0,0,0,0,0,0,0,0,0,0,41122,0,0,0,0,0,0,128,80,208,80,128,80,208,80,128,80,208,80,182,0,32,32,0,PS_NONE,0,PS_NONE,0,0,0
43172,10398,0,41158,17088,14240,256,66,55,4,TS_MAPWHO,0,PA_NONE,1744,PB_MAN_JACKET,7731,1748,8,0,1,TM_PERSON,0,PS_NONE,137,TA_NORTHEAST,0,8,PU_GUARD,0,0,0,0,0,0,0,0,0,0,0,0,0,0,41158,0,0,0,0,0,0,128,80,208,80,128,80,208,80,128,80,208,80,182,0,32,32,0,PS_NONE,0,PS_NONE,0,0,0
43264,10490,0,0,7364,9563,256,28,37,4100,UNDEFINED,0,PA_NONE,626,PB_WOMAN_BLONDE,488,638,0,0,1,TM_PERSON,29,PS_WANDER,112,TA_NORTHEAST,0,1,PU_CIVILIAN,13873,0,0,0,0,0,0,0,0,0,0,0,0,0,0,0,0,0,0,0,0,128,80,208,80,128,80,208,80,128,80,208,80,165,16,32,32,0,PS_NONE,29,PS_WANDER,4,192,23
43356,10582,0,0,26245,4784,256,102,18,4100,UNDEFINED,0,PA_NONE,626,PB_WOMAN_BLONDE,496,640,0,0,1,TM_PERSON,29,PS_WANDER,195,TA_NORTHWEST,0,1,PU_CIVILIAN,27690,0,0,0,0,0,0,0,0,0,0,0,0,0,0,0,0,0,9,0,0,128,80,208,80,128,80,208,80,128,80,208,80,161,16,32,32,0,PS_NONE,29,PS_WANDER,4,0,199
43448,10674,0,0,24690,9269,357,96,36,4100,UNDEFINED,0,PA_NONE,626,PB_WOMAN_BLONDE,498,640,0,0,1,TM_PERSON,29,PS_WANDER,199,TA_NORTHWEST,0,1,PU_CIVILIAN,27030,0,0,0,0,0,0,0,0,0,0,0,0,0,0,0,0,0,0,0,0,128,80,208,80,128,80,208,80,128,80,208,80,150,16,32,32,0,PS_NONE,29,PS_WANDER,3,64,0
43540,10766,0,0,18190,1748,256,71,6,4100,UNDEFINED,0,PA_NONE,626,PB_WOMAN_BLONDE,487,638,0,0,1,TM_PERSON,29,PS_WANDER,122,TA_NORTHEAST,0,1,PU_CIVILIAN,18250,0,0,0,0,0,0,0,0,0,0,0,0,0,0,0,0,0,0,0,0,128,80,208,80,128,80,208,80,128,80,208,80,165,16,32,32,0,PS_NONE,29,PS_WANDER,4,128,0
43632,10858,0,0,28805,10740,256,112,41,4100,UNDEFINED,0,PA_NONE,626,PB_WOMAN_BLONDE,491,639,0,0,1,TM_PERSON,29,PS_WANDER,172,TA_NORTH,0,1,PU_CIVILIAN,31795,0,0,0,0,0,0,0,0,0,0,0,0,0,0,0,0,0,9,0,0,128,80,208,80,128,80,208,80,128,80,208,80,154,16,32,32,0,PS_NONE,29,PS_WANDER,4,0,0
43724,10950,0,0,17691,5140,256,69,20,4100,UNDEFINED,0,PA_NONE,626,PB_WOMAN_BLONDE,498,640,0,0,1,TM_PERSON,29,PS_WANDER,191,TA_NORTHWEST,0,1,PU_CIVILIAN,18486,0,0,0,0,0,0,0,0,0,0,0,0,0,0,0,0,0,8,0,0,128,80,208,80,128,80,208,80,128,80,208,80,161,16,32,32,0,PS_NONE,29,PS_WANDER,2,128,83
43816,11042,0,0,9096,16867,256,35,65,4100,UNDEFINED,0,PA_NONE,626,PB_WOMAN_BLONDE,497,640,0,0,1,TM_PERSON,29,PS_WANDER,197,TA_NORTHWEST,0,1,PU_CIVILIAN,20407,0,0,0,0,0,0,0,0,0,0,0,0,0,0,0,0,0,0,0,0,128,80,208,80,128,80,208,80,128,80,208,80,167,16,32,32,0,PS_NONE,29,PS_WANDER,4,0,0
43908,11134,0,0,19962,10225,256,77,39,4100,UNDEFINED,0,PA_NONE,1123,PB_WOMAN_REDHEAD,4776,1131,0,0,1,TM_PERSON,29,PS_WANDER,5,TA_SOUTHWEST,0,1,PU_CIVILIAN,22199,0,0,0,0,0,0,0,0,0,0,0,0,0,0,0,0,0,0,0,0,128,80,208,80,128,80,208,80,128,80,208,80,158,16,32,32,0,PS_NONE,29,PS_WANDER,4,64,0
44000,11226,0,0,17384,10750,256,67,41,4100,UNDEFINED,0,PA_NONE,1123,PB_WOMAN_REDHEAD,527,1137,0,0,1,TM_PERSON,29,PS_WANDER,195,TA_NORTHWEST,0,1,PU_CIVILIAN,24404,0,0,0,0,0,0,0,0,0,0,0,0,0,0,0,0,0,8,0,0,128,80,208,80,128,80,208,80,128,80,208,80,161,16,32,32,0,PS_NONE,29,PS_WANDER,2,128,0
44092,11318,0,28042,11280,10946,256,44,42,4100,UNDEFINED,0,PA_NONE,1123,PB_WOMAN_REDHEAD,4777,1131,0,0,1,TM_PERSON,29,PS_WANDER,4,TA_SOUTHWEST,0,1,PU_CIVILIAN,15414,0,0,0,0,0,0,0,0,0,0,0,0,0,0,0,0,0,0,0,0,128,80,208,80,128,80,208,80,128,80,208,80,161,16,32,32,0,PS_NONE,29,PS_WANDER,4,192,0
44184,11410,0,0,28662,2936,256,111,11,4100,UNDEFINED,0,PA_NONE,1123,PB_WOMAN_REDHEAD,4777,1131,0,0,1,TM_PERSON,29,PS_WANDER,255,TA_SOUTHWEST,0,1,PU_CIVILIAN,28801,0,0,0,0,0,0,0,0,0,0,0,0,0,0,0,0,0,0,0,0,128,80,208,80,128,80,208,80,128,80,208,80,163,23,32,32,0,PS_NONE,29,PS_WANDER,4,64,15
44276,11502,0,0,12550,3069,256,49,11,4100,UNDEFINED,0,PA_NONE,1123,PB_WOMAN_REDHEAD,528,1137,0,0,1,TM_PERSON,29,PS_WANDER,199,TA_NORTHWEST,0,1,PU_CIVILIAN,18669,0,0,0,0,0,0,0,0,0,0,0,0,0,0,0,0,0,9,0,0,128,80,208,80,128,80,208,80,128,80,208,80,171,16,32,32,0,PS_NONE,29,PS_WANDER,4,128,21
44368,11594,0,0,29085,6466,256,113,25,4100,UNDEFINED,0,PA_NONE,1123,PB_WOMAN_REDHEAD,514,1133,0,0,1,TM_PERSON,29,PS_WANDER,54,TA_SOUTHEAST,0,1,PU_CIVILIAN,28914,0,0,0,0,0,0,0,0,0,0,0,0,0,0,0,0,0,0,0,0,128,80,208,80,128,80,208,80,128,80,208,80,165,16,32,32,0,PS_NONE,29,PS_WANDER,4,128,206
44460,11686,0,0,20911,10686,256,81,41,4100,UNDEFINED,0,PA_NONE,1123,PB_WOMAN_REDHEAD,520,1135,0,0,1,TM_PERSON,29,PS_WANDER,138,TA_NORTHEAST,0,1,PU_CIVILIAN,24252,0,0,0,0,0,0,0,0,0,0,0,0,0,0,0,0,0,0,0,0,128,80,208,80,128,80,208,80,128,80,208,80,158,16,32,32,0,PS_NONE,29,PS_WANDER,4,128,24
44552,11778,0,14354,11488,9378,1152,44,36,4100,UNDEFINED,0,PA_NONE,1123,PB_WOMAN_REDHEAD,4779,1131,0,0,1,TM_PERSON,29,PS_WANDER,254,TA_SOUTHWEST,0,1,PU_CIVILIAN,14599,0,0,0,0,0,0,0,0,0,0,0,0,0,0,0,0,0,0,0,0,128,80,208,80,128,80,208,80,128,80,208,80,164,16,32,32,0,PS_NONE,29,PS_WANDER,4,64,13
44644,11870,0,0,27229,10681,256,106,41,4100,UNDEFINED,0,PA_NONE,1330,PB_MAN_SUIT,575,1340,0,0,1,TM_PERSON,29,PS_WANDER,60,TA_SOUTHEAST,0,1,PU_CIVILIAN,24773,0,0,0,0,0,0,0,0,0,0,0,0,0,0,0,0,0,0,0,0,128,80,208,80,128,80,208,80,128,80,208,80,160,16,32,32,0,PS_NONE,29,PS_WANDER,4,128,79
44736,11962,0,0,13569,12073,256,53,47,4100,UNDEFINED,0,PA_NONE,1330,PB_MAN_SUIT,5852,1338,0,0,1,TM_PERSON,14,PS_HUG_RIGHT,1,TA_SOUTHWEST,0,1,PU_CIVILIAN,18162,0,0,0,0,0,0,0,0,0,0,0,0,0,0,0,0,0,10,0,0,128,80,208,80,128,80,208,80,128,80,208,80,165,23,32,32,0,PS_NONE,29,PS_WANDER,4,192,27
44828,12054,0,0,26655,7734,256,104,30,4100,UNDEFINED,0,PA_NONE,1330,PB_MAN_SUIT,577,1340,0,0,1,TM_PERSON,29,PS_WANDER,66,TA_SOUTHEAST,0,1,PU_CIVILIAN,26059,0,0,0,0,0,0,0,0,0,0,0,0,0,0,0,0,0,0,0,0,128,80,208,80,128,80,208,80,128,80,208,80,161,16,32,32,0,PS_NONE,29,PS_WANDER,4,128,0
44920,12146,4142,38710,13568,2823,256,53,11,4100,UNDEFINED,0,PA_NONE,1330,PB_MAN_SUIT,5962,1338,0,0,1,TM_PERSON,29,PS_WANDER,1,TA_SOUTHWEST,0,1,PU_CIVILIAN,13813,0,0,0,0,0,0,0,0,0,0,0,0,0,0,0,0,0,0,0,0,128,80,208,80,128,80,208,80,128,80,208,80,167,16,32,32,0,PS_NONE,29,PS_WANDER,4,192,82
45012,12238,0,0,10793,8245,256,42,32,4100,UNDEFINED,0,PA_NONE,1330,PB_MAN_SUIT,5852,1338,0,0,1,TM_PERSON,29,PS_WANDER,6,TA_SOUTHWEST,0,1,PU_CIVILIAN,13036,0,0,0,0,0,0,0,0,0,0,0,0,0,0,0,0,0,0,0,0,128,80,208,80,128,80,208,80,128,80,208,80,166,16,32,32,0,PS_NONE,29,PS_WANDER,4,192,74
45104,12330,0,0,7905,7992,256,30,31,4100,UNDEFINED,0,PA_NONE,1330,PB_MAN_SUIT,586,1342,0,0,1,TM_PERSON,29,PS_WANDER,134,TA_NORTHEAST,0,1,PU_CIVILIAN,17297,0,0,0,0,0,0,0,0,0,0,0,0,0,0,0,0,0,8,0,0,128,80,208,80,128,80,208,80,128,80,208,80,171,16,32,32,0,PS_NONE,29,PS_WANDER,2,192,74
45196,12422,0,34702,6105,8543,256,23,33,4100,UNDEFINED,0,PA_NONE,1330,PB_MAN_SUIT,585,1342,0,0,1,TM_PERSON,29,PS_WANDER,126,TA_NORTHEAST,0,1,PU_CIVILIAN,16090,0,0,0,0,0,0,0,0,0,0,0,0,0,0,0,0,0,8,0,0,128,80,208,80,128,80,208,80,128,80,208,80,161,16,32,32,0,PS_NONE,29,PS_WANDER,2,192,0
45288,12514,0,0,9686,1966,256,37,7,4100,UNDEFINED,0,PA_NONE,1330,PB_MAN_SUIT,583,1342,0,0,1,TM_PERSON,29,PS_WANDER,131,TA_NORTHEAST,0,1,PU_CIVILIAN,10076,0,0,0,0,0,0,0,0,0,0,0,0,0,0,0,0,0,9,0,0,128,80,208,80,128,80,208,80,128,80,208,80,161,16,32,32,0,PS_NONE,29,PS_WANDER,4,64,0
45380,12606,0,0,19638,8352,256,76,32,4100,UNDEFINED,0,PA_NONE,1330,PB_MAN_SUIT,586,1342,0,0,1,TM_PERSON,29,PS_WANDER,133,TA_NORTHEAST,0,1,PU_CIVILIAN,22088,0,0,0,0,0,0,0,0,0,0,0,0,0,0,0,0,0,7,0,0,128,80,208,80,128,80,208,80,128,80,208,80,163,16,32,32,0,PS_NONE,29,PS_WANDER,4,192,0
45472,12698,0,0,10610,1702,256,41,6,4100,UNDEFINED,0,PA_NONE,1330,PB_MAN_SUIT,577,1340,0,0,1,TM_PERSON,29,PS_WANDER,64,TA_SOUTHEAST,0,1,PU_CIVILIAN,7898,0,0,0,0,0,0,0,0,0,0,0,0,0,0,0,0,0,0,0,0,128,80,208,80,128,80,208,80,128,80,208,80,163,16,32,32,0,PS_NONE,29,PS_WANDER,4,192,0
45564,12790,0,0,6360,13922,256,24,54,4100,UNDEFINED,0,PA_NONE,1330,PB_MAN_SUIT,5961,1338,0,0,1,TM_PERSON,29,PS_WANDER,4,TA_SOUTHWEST,0,1,PU_CIVILIAN,13652,0,0,0,0,0,0,0,0,0,0,0,0,0,0,0,0,0,0,0,0,128,80,208,80,128,80,208,80,128,80,208,80,154,16,32,32,0,PS_NONE,29,PS_WANDER,4,64,0
45656,12882,0,0,7183,13427,256,28,52,4100,UNDEFINED,0,PA_NONE,1123,PB_WOMAN_REDHEAD,4776,1131,0,0,1,TM_PERSON,29,PS_WANDER,0,TA_SOUTHWEST,0,1,PU_CIVILIAN,14456,0,0,0,0,0,0,0,0,0,0,0,0,0,0,0,0,0,0,0,0,128,80,208,80,128,80,208,80,128,80,208,80,160,16,32,32,0,PS_NONE,29,PS_WANDER,4,192,0
45748,12974,0,0,11372,16606,256,44,64,4100,UNDEFINED,0,PA_NONE,1123,PB_WOMAN_REDHEAD,511,1133,0,0,1,TM_PERSON,29,PS_WANDER,74,TA_SOUTHEAST,0,1,PU_CIVILIAN,19587,0,0,0,0,0,0,0,0,0,0,0,0,0,0,0,0,0,0,0,0,128,80,208,80,128,80,208,80,128,80,208,80,168,16,32,32,0,PS_NONE,29,PS_WANDER,4,0,0
45840,13066,0,0,19894,7963,256,77,31,4100,UNDEFINED,0,PA_NONE,1123,PB_WOMAN_REDHEAD,511,1133,0,0,1,TM_PERSON,29,PS_WANDER,59,TA_SOUTHEAST,0,1,PU_CIVILIAN,21033,0,0,0,0,0,0,0,0,0,0,0,0,0,0,0,0,0,0,0,0,128,80,208,80,128,80,208,80,128,80,208,80,159,16,32,32,0,PS_NONE,29,PS_WANDER,2,128,0
45932,13158,0,0,5678,12292,256,22,48,4100,UNDEFINED,0,PA_NONE,1123,PB_WOMAN_REDHEAD,522,1135,0,0,1,TM_PERSON,29,PS_WANDER,142,TA_NORTHEAST,0,1,PU_CIVILIAN,17218,0,0,0,0,0,0,0,0,0,0,0,0,0,0,0,0,0,0,0,0,128,80,208,80,128,80,208,80,128,80,208,80,155,16,32,32,0,PS_NONE,29,PS_WANDER,4,64,0
46024,13250,0,0,15453,5736,256,60,22,4100,UNDEFINED,0,PA_NONE,1123,PB_WOMAN_REDHEAD,528,1137,0,0,1,TM_PERSON,29,PS_WANDER,186,TA_NORTHWEST,0,1,PU_CIVILIAN,19347,0,0,0,0,0,0,0,0,0,0,0,0,0,0,0,0,0,0,0,0,128,80,208,80,128,80,208,80,128,80,208,80,166,16,32,32,0,PS_NONE,29,PS_WANDER,4,128,0
46116,13342,0,0,5487,16552,256,21,64,4100,UNDEFINED,0,PA_NONE,1123,PB_WOMAN_REDHEAD,4779,1131,0,0,1,TM_PERSON,29,PS_WANDER,246,TA_SOUTHWEST,0,1,PU_CIVILIAN,16143,0,0,0,0,0,0,0,0,0,0,0,0,0,0,0,0,0,0,0,0,128,80,208,80,128,80,208,80,128,80,208,80,159,16,32,32,0,PS_NONE,29,PS_WANDER,3,128,0
46208,13434,0,0,7120,19883,256,27,77,4100,UNDEFINED,0,PA_NONE,626,PB_WOMAN_BLONDE,497,640,0,0,1,TM_PERSON,29,PS_WANDER,181,TA_NORTHWEST,0,1,PU_CIVILIAN,22768,0,0,0,0,0,0,0,0,0,0,0,0,0,0,0,0,0,9,0,0,128,80,208,80,128,80,208,80,128,80,208,80,165,16,32,32,0,PS_NONE,29,PS_WANDER,4,128,0
46300,13526,0,0,16920,1566,256,66,6,4100,UNDEFINED,0,PA_NONE,626,PB_WOMAN_BLONDE,481,636,0,0,1,TM_PERSON,29,PS_WANDER,63,TA_SOUTHEAST,0,1,PU_CIVILIAN,10871,0,0,0,0,0,0,0,0,0,0,0,0,0,0,0,0,0,0,0,0,128,80,208,80,128,80,208,80,128,80,208,80,165,16,32,32,0,PS_NONE,29,PS_WANDER,4,128,0
46392,13618,0,0,5811,13740,678,22,53,4100,UNDEFINED,0,PA_NONE,626,PB_WOMAN_BLONDE,468,634,0,0,1,TM_PERSON,29,PS_WANDER,3,TA_SOUTHWEST,0,1,PU_CIVILIAN,12765,0,0,0,0,0,0,0,0,0,0,0,0,0,0,0,0,0,0,0,0,128,80,208,80,128,80,208,80,128,80,208,80,141,16,32,32,0,PS_NONE,29,PS_WANDER,4,192,0
46484,13710,0,0,29367,6412,256,114,25,4100,UNDEFINED,0,PA_NONE,626,PB_WOMAN_BLONDE,478,636,0,0,1,TM_PERSON,29,PS_WANDER,62,TA_SOUTHEAST,0,1,PU_CIVILIAN,29559,0,0,0,0,0,0,0,0,0,0,0,0,0,0,0,0,0,0,0,0,128,80,208,80,128,80,208,80,128,80,208,80,164,16,32,32,0,PS_NONE,29,PS_WANDER,4,128,0
46576,13802,0,0,14387,1556,256,56,6,4100,UNDEFINED,0,PA_NONE,626,PB_WOMAN_BLONDE,478,636,0,0,1,TM_PERSON,15,PS_HUG_LEFT,65,TA_SOUTHEAST,0,1,PU_CIVILIAN,14425,0,0,0,0,0,0,0,0,0,0,0,0,0,0,0,0,0,7,0,0,128,80,208,80,128,80,208,80,128,80,208,80,162,23,32,32,0,PS_NONE,29,PS_WANDER,4,128,0
46668,13894,0,28012,11297,11198,256,44,43,4100,UNDEFINED,0,PA_NONE,626,PB_WOMAN_BLONDE,464,634,0,0,1,TM_PERSON,29,PS_WANDER,6,TA_SOUTHWEST,0,1,PU_CIVILIAN,15423,0,0,0,0,0,0,0,0,0,0,0,0,0,0,0,0,0,0,0,0,128,80,208,80,128,80,208,80,128,80,208,80,162,16,32,32,0,PS_NONE,29,PS_WANDER,4,192,19
46760,13986,0,0,28655,6858,256,111,26,4100,UNDEFINED,0,PA_NONE,626,PB_WOMAN_BLONDE,488,638,0,0,1,TM_PERSON,14,PS_HUG_RIGHT,128,TA_NORTHEAST,0,1,PU_CIVILIAN,29474,0,0,0,0,0,0,0,0,0,0,0,0,0,0,0,0,0,8,0,0,128,80,208,80,128,80,208,80,128,80,208,80,153,23,32,32,0,PS_NONE,29,PS_WANDER,4,0,0
46852,14078,0,0,10326,16441,256,40,64,4100,UNDEFINED,0,PA_NONE,626,PB_WOMAN_BLONDE,478,636,0,0,1,TM_PERSON,29,PS_WANDER,71,TA_SOUTHEAST,0,1,PU_CIVILIAN,18304,0,0,0,0,0,0,0,0,0,0,0,0,0,0,0,0,0,0,0,0,128,80,208,80,128,80,208,80,128,80,208,80,169,16,32,32,0,PS_NONE,29,PS_WANDER,4,192,24
46944,14170,5430,39214,10642,3271,256,41,12,4100,UNDEFINED,0,PA_NONE,626,PB_WOMAN_BLONDE,496,640,0,0,1,TM_PERSON,29,PS_WANDER,188,TA_NORTHWEST,0,1,PU_CIVILIAN,11660,0,0,0,0,0,0,0,0,0,0,0,0,0,0,0,0,0,9,0,0,128,80,208,80,128,80,208,80,128,80,208,80,166,16,32,32,0,PS_NONE,29,PS_WANDER,4,0,83
47036,14262,0,0,19901,1690,256,77,6,4100,UNDEFINED,0,PA_NONE,626,PB_WOMAN_BLONDE,501,641,0,0,1,TM_PERSON,29,PS_WANDER,208,TA_WEST,0,1,PU_CIVILIAN,20857,0,0,0,0,0,0,0,0,0,0,0,0,0,0,0,0,0,9,0,0,128,80,208,80,128,80,208,80,128,80,208,80,158,16,32,32,0,PS_NONE,29,PS_WANDER,4,128,79
47128,14354,11778,0,11444,9447,1152,44,36,4100,UNDEFINED,0,PA_NONE,1123,PB_WOMAN_REDHEAD,4778,1131,0,0,1,TM_PERSON,29,PS_WANDER,0,TA_SOUTHWEST,0,1,PU_CIVILIAN,14365,0,0,0,0,0,0,0,0,0,0,0,0,0,0,0,0,0,0,0,0,128,80,208,80,128,80,208,80,128,80,208,80,167,16,32,32,0,PS_NONE,29,PS_WANDER,4,128,212
47220,14446,0,0,9345,7908,256,36,30,4100,UNDEFINED,0,PA_NONE,1123,PB_WOMAN_REDHEAD,514,1133,0,0,1,TM_PERSON,29,PS_WANDER,52,TA_SOUTHEAST,0,1,PU_CIVILIAN,10857,0,0,0,0,0,0,0,0,0,0,0,0,0,0,0,0,0,0,0,0,128,80,208,80,128,80,208,80,128,80,208,80,171,16,32,32,0,PS_NONE,29,PS_WANDER,4,128,0
47312,14538,0,0,15970,7843,256,62,30,4100,UNDEFINED,0,PA_NONE,1123,PB_WOMAN_REDHEAD,521,1135,0,0,1,TM_PERSON,29,PS_WANDER,119,TA_NORTHEAST,0,1,PU_CIVILIAN,18355,0,0,0,0,0,0,0,0,0,0,0,0,0,0,0,0,0,0,0,0,128,80,208,80,128,80,208,80,128,80,208,80,162,16,32,32,0,PS_NONE,29,PS_WANDER,4,192,0
47404,14630,7822,40150,10734,16887,256,41,65,4100,UNDEFINED,0,PA_NONE,1123,PB_WOMAN_REDHEAD,528,1137,0,0,1,TM_PERSON,29,PS_WANDER,187,TA_NORTHWEST,0,1,PU_CIVILIAN,20115,0,0,0,0,0,0,0,0,0,0,0,0,0,0,0,0,0,9,0,0,128,80,208,80,128,80,208,80,128,80,208,80,168,16,32,32,0,PS_NONE,29,PS_WANDER,4,0,206
47496,14722,2118,0,8974,1560,256,35,6,4100,UNDEFINED,0,PA_NONE,1123,PB_WOMAN_REDHEAD,528,1137,0,0,1,TM_PERSON,29,PS_WANDER,192,TA_NORTHWEST,0,1,PU_CIVILIAN,10550,0,0,0,0,0,0,0,0,0,0,0,0,0,0,0,0,0,8,0,0,128,80,208,80,128,80,208,80,128,80,208,80,160,16,32,32,0,PS_NONE,29,PS_WANDER,2,128,0
47588,14814,0,0,29455,4776,256,115,18,4100,UNDEFINED,0,PA_NONE,1330,PB_MAN_SUIT,5961,1338,0,0,1,TM_PERSON,14,PS_HUG_RIGHT,255,TA_SOUTHWEST,0,1,PU_CIVILIAN,29798,0,0,0,0,0,0,0,0,0,0,0,0,0,0,0,0,0,1,0,0,128,80,208,80,128,80,208,80,128,80,208,80,164,23,32,32,0,PS_NONE,29,PS_WANDER,4,192,143
47680,14906,0,0,26494,1554,256,103,6,4100,UNDEFINED,0,PA_NONE,1330,PB_MAN_SUIT,575,1340,0,0,1,TM_PERSON,29,PS_WANDER,60,TA_SOUTHEAST,0,1,PU_CIVILIAN,26056,0,0,0,0,0,0,0,0,0,0,0,0,0,0,0,0,0,0,0,0,128,80,208,80,128,80,208,80,128,80,208,80,166,16,32,32,0,PS_NONE,29,PS_WANDER,4,128,23
47772,14998,0,0,15261,6650,256,59,25,4100,UNDEFINED,0,PA_NONE,1330,PB_MAN_SUIT,5963,1344,0,0,1,TM_PERSON,29,PS_WANDER,192,TA_NORTHWEST,0,1,PU_CIVILIAN,17141,0,0,0,0,0,0,0,0,0,0,0,0,0,0,0,0,0,8,0,0,128,80,208,80,128,80,208,80,128,80,208,80,162,16,32,32,0,PS_NONE,29,PS_WANDER,2,128,137
47864,15090,0,0,28584,8708,256,111,34,4100,UNDEFINED,0,PA_NONE,1330,PB_MAN_SUIT,585,1342,0,0,1,TM_PERSON,29,PS_WANDER,135,TA_NORTHEAST,0,1,PU_CIVILIAN,30259,0,0,0,0,0,0,0,0,0,0,0,0,0,0,0,0,0,0,0,0,128,80,208,80,128,80,208,80,128,80,208,80,162,16,32,32,0,PS_NONE,29,PS_WANDER,4,0,0
47956,15182,8834,40546,32255,17599,128,125,68,4365,UNDEFINED,0,PA_NONE,1330,PB_MAN_SUIT,6890,1536,65535,0,1,TM_PERSON,26,PS_DEAD,63,TA_SOUTHEAST,0,1,PU_CIVILIAN,17608,0,0,0,0,0,0,0,0,0,0,0,0,0,0,0,0,0,5,0,0,128,80,208,80,128,80,208,80,128,80,208,80,137,0,32,32,0,PS_NONE,29,PS_WANDER,0,0,0
48048,15274,0,0,26303,9333,325,102,36,4100,UNDEFINED,0,PA_NONE,1330,PB_MAN_SUIT,5966,1344,0,0,1,TM_PERSON,29,PS_WANDER,198,TA_NORTHWEST,0,1,PU_CIVILIAN,29118,0,0,0,0,0,0,0,0,0,0,0,0,0,0,0,0,0,9,0,0,128,80,208,80,128,80,208,80,128,80,208,80,164,16,32,32,0,PS_NONE,29,PS_WANDER,4,128,0
48140,15366,0,27802,14334,5008,256,55,19,4100,UNDEFINED,0,PA_NONE,1330,PB_MAN_SUIT,5961,1338,0,0,1,TM_PERSON,29,PS_WANDER,253,TA_SOUTHWEST,0,1,PU_CIVILIAN,15059,0,0,0,0,0,0,0,0,0,0,0,0,0,0,0,0,0,0,0,0,128,80,208,80,128,80,208,80,128,80,208,80,163,16,32,32,0,PS_NONE,29,PS_WANDER,4,192,137
48232,15458,0,0,15880,6049,256,62,23,4100,UNDEFINED,0,PA_NONE,1330,PB_MAN_SUIT,584,1342,0,0,1,TM_PERSON,29,PS_WANDER,125,TA_NORTHEAST,0,1,PU_CIVILIAN,17215,0,0,0,0,0,0,0,0,0,0,0,0,0,0,0,0,0,0,0,0,128,80,208,80,128,80,208,80,128,80,208,80,165,16,32,32,0,PS_NONE,29,PS_WANDER,4,192,0
48324,15550,0,0,29597,3780,256,115,14,4100,UNDEFINED,0,PA_NONE,1330,PB_MAN_SUIT,5852,1338,0,0,1,TM_PERSON,29,PS_WANDER,245,TA_SOUTHWEST,0,1,PU_CIVILIAN,30033,0,0,0,0,0,0,0,0,0,0,0,0,0,0,0,0,0,0,0,0,128,80,208,80,128,80,208,80,128,80,208,80,162,16,32,32,0,PS_NONE,29,PS_WANDER,4,64,0
48416,15642,0,0,13352,20221,256,52,78,4100,UNDEFINED,0,PA_NONE,1330,PB_MAN_SUIT,5966,1344,0,0,1,TM_PERSON,29,PS_WANDER,196,TA_NORTHWEST,0,1,PU_CIVILIAN,24901,0,0,0,0,0,0,0,0,0,0,0,0,0,0,0,0,0,7,0,0,128,80,208,80,128,80,208,80,128,80,208,80,159,16,32,32,0,PS_NONE,29,PS_WANDER,4,64,0
48508,15734,0,0,14643,10725,256,57,41,4100,UNDEFINED,0,PA_NONE,1330,PB_MAN_SUIT,5961,1338,0,0,1,TM_PERSON,29,PS_WANDER,3,TA_SOUTHWEST,0,1,PU_CIVILIAN,17147,0,0,0,0,0,0,0,0,0,0,0,0,0,0,0,0,0,0,0,0,128,80,208,80,128,80,208,80,128,80,208,80,156,16,32,32,0,PS_NONE,29,PS_WANDER,4,192,0
48600,15826,4970,39034,15615,9516,256,60,37,4100,UNDEFINED,0,PA_NONE,626,PB_WOMAN_BLONDE,467,634,0,0,1,TM_PERSON,15,PS_HUG_LEFT,1,TA_SOUTHWEST,0,1,PU_CIVILIAN,18286,0,0,0,0,0,0,0,0,0,0,0,0,0,0,0,0,0,10,0,0,128,80,208,80,128,80,208,80,128,80,208,80,154,23,32,32,0,PS_NONE,29,PS_WANDER,4,64,0
48692,15918,0,0,11674,15347,256,45,59,4100,UNDEFINED,0,PA_NONE,626,PB_WOMAN_BLONDE,481,636,0,0,1,TM_PERSON,14,PS_HUG_RIGHT,63,TA_SOUTHEAST,0,1,PU_CIVILIAN,19242,0,0,0,0,0,0,0,0,0,0,0,0,0,0,0,0,0,7,0,0,128,80,208,80,128,80,208,80,128,80,208,80,166,23,32,32,0,PS_NONE,29,PS_WANDER,4,0,0
48784,16010,0,0,12899,1697,256,50,6,4100,UNDEFINED,0,PA_NONE,626,PB_WOMAN_BLONDE,481,636,0,0,1,TM_PERSON,29,PS_WANDER,66,TA_SOUTHEAST,0,1,PU_CIVILIAN,11190,0,0,0,0,0,0,0,0,0,0,0,0,0,0,0,0,0,0,0,0,128,80,208,80,128,80,208,80,128,80,208,80,168,16,32,32,0,PS_NONE,29,PS_WANDER,4,0,0
48876,16102,0,0,29666,1567,256,115,6,4100,UNDEFINED,0,PA_NONE,626,PB_WOMAN_BLONDE,480,636,0,0,1,TM_PERSON,29,PS_WANDER,63,TA_SOUTHEAST,0,1,PU_CIVILIAN,28884,0,0,0,0,0,0,0,0,0,0,0,0,0,0,0,0,0,0,0,0,128,80,208,80,128,80,208,80,128,80,208,80,159,16,32,32,0,PS_NONE,29,PS_WANDER,4,128,0
48968,16194,0,0,15845,6388,1280,61,24,4100,UNDEFINED,0,PA_NONE,626,PB_WOMAN_BLONDE,496,640,0,0,1,TM_PERSON,15,PS_HUG_LEFT,192,TA_NORTHWEST,0,1,PU_CIVILIAN,17105,0,0,0,0,0,0,0,0,0,0,0,0,0,0,0,0,0,9,0,0,128,80,208,80,128,80,208,80,128,80,208,80,85,23,32,32,0,PS_NONE,29,PS_WANDER,4,0,0
49060,16286,0,0,13581,6064,256,53,23,4100,UNDEFINED,0,PA_NONE,626,PB_WOMAN_BLONDE,467,634,0,0,1,TM_PERSON,29,PS_WANDER,1,TA_SOUTHWEST,0,1,PU_CIVILIAN,14778,0,0,0,0,0,0,0,0,0,0,0,0,0,0,0,0,0,0,0,0,128,80,208,80,128,80,208,80,128,80,208,80,168,16,32,32,0,PS_NONE,29,PS_WANDER,4,192,0
49152,16378,0,0,16512,13825,256,64,54,4100,UNDEFINED,0,PA_NONE,626,PB_WOMAN_BLONDE,477,636,0,0,1,TM_PERSON,29,PS_WANDER,60,TA_SOUTHEAST,0,1,PU_CIVILIAN,21349,0,0,0,0,0,0,0,0,0,0,0,0,0,0,0,0,0,0,0,0,128,80,208,80,128,80,208,80,128,80,208,80,154,16,32,32,0,PS_NONE,29,PS_WANDER,4,128,28
49244,16470,0,0,13825,6342,256,54,24,4100,UNDEFINED,0,PA_NONE,626,PB_WOMAN_BLONDE,487,638,0,0,1,TM_PERSON,29,PS_WANDER,126,TA_NORTHEAST,0,1,PU_CIVILIAN,15364,0,0,0,0,0,0,0,0,0,0,0,0,0,0,0,0,0,9,0,0,128,80,208,80,128,80,208,80,128,80,208,80,161,16,32,32,0,PS_NONE,29,PS_WANDER,4,192,17
49336,16562,0,0,22226,3068,256,86,11,4100,UNDEFINED,0,PA_NONE,626,PB_WOMAN_BLONDE,497,640,0,0,1,TM_PERSON,29,PS_WANDER,192,TA_NORTHWEST,0,1,PU_CIVILIAN,22475,0,0,0,0,0,0,0,0,0,0,0,0,0,0,0,0,0,9,0,0,128,80,208,80,128,80,208,80,128,80,208,80,168,16,32,32,0,PS_NONE,29,PS_WANDER,4,0,0
49428,16654,0,0,18956,11926,256,74,46,4100,UNDEFINED,0,PA_NONE,1123,PB_WOMAN_REDHEAD,521,1135,0,0,1,TM_PERSON,29,PS_WANDER,128,TA_NORTHEAST,0,1,PU_CIVILIAN,22454,0,0,0,0,0,0,0,0,0,0,0,0,0,0,0,0,0,9,0,0,128,80,208,80,128,80,208,80,128,80,208,80,139,16,32,32,0,PS_NONE,29,PS_WANDER,4,192,0
49520,16746,0,0,14618,10943,256,57,42,4100,UNDEFINED,0,PA_NONE,1123,PB_WOMAN_REDHEAD,4777,1131,0,0,1,TM_PERSON,29,PS_WANDER,2,TA_SOUTHWEST,0,1,PU_CIVILIAN,17814,0,0,0,0,0,0,0,0,0,0,0,0,0,0,0,0,0,0,0,0,128,80,208,80,128,80,208,80,128,80,208,80,152,16,32,32,0,PS_NONE,29,PS_WANDER,4,192,0
49612,16838,0,0,18408,9745,256,71,38,4100,UNDEFINED,0,PA_NONE,1123,PB_WOMAN_REDHEAD,519,1135,0,0,1,TM_PERSON,29,PS_WANDER,128,TA_NORTHEAST,0,1,PU_CIVILIAN,21395,0,0,0,0,0,0,0,0,0,0,0,0,0,0,0,0,0,9,0,0,128,80,208,80,128,80,208,80,128,80,208,80,168,16,32,32,0,PS_NONE,29,PS_WANDER,4,192,0
49704,16930,0,0,10097,19679,256,39,76,4100,UNDEFINED,0,PA_NONE,1123,PB_WOMAN_REDHEAD,512,1133,0,0,1,TM_PERSON,29,PS_WANDER,64,TA_SOUTHEAST,0,1,PU_CIVILIAN,21708,0,0,0,0,0,0,0,0,0,0,0,0,0,0,0,0,0,0,0,0,128,80,208,80,128,80,208,80,128,80,208,80,152,16,32,32,0,PS_NONE,29,PS_WANDER,4,192,0
49796,17022,0,0,14080,4352,256,55,17,4100,UNDEFINED,0,PA_NONE,1123,PB_WOMAN_REDHEAD,4777,1131,0,0,1,TM_PERSON,14,PS_HUG_RIGHT,0,TA_SOUTHWEST,0,1,PU_CIVILIAN,14703,0,0,0,0,0,0,0,0,0,0,0,0,0,0,0,0,0,5,0,0,128,80,208,80,128,80,208,80,128,80,208,80,152,23,32,32,0,PS_NONE,29,PS_WANDER,4,192,0
49888,17114,0,0,17909,8602,256,69,33,4100,UNDEFINED,0,PA_NONE,1123,PB_WOMAN_REDHEAD,4778,1131,0,0,1,TM_PERSON,29,PS_WANDER,255,TA_SOUTHWEST,0,1,PU_CIVILIAN,19701,0,0,0,0,0,0,0,0,0,0,0,0,0,0,0,0,0,0,0,0,128,80,208,80,128,80,208,80,128,80,208,80,163,16,32,32,0,PS_NONE,29,PS_WANDER,4,64,0
49980,17206,0,0,23523,10902,256,91,42,4100,UNDEFINED,0,PA_NONE,1123,PB_WOMAN_REDHEAD,529,1137,0,0,1,TM_PERSON,29,PS_WANDER,184,TA_NORTHWEST,0,1,PU_CIVILIAN,27236,0,0,0,0,0,0,0,0,0,0,0,0,0,0,0,0,0,0,0,0,128,80,208,80,128,80,208,80,128,80,208,80,165,16,32,32,0,PS_NONE,29,PS_WANDER,4,0,0
50072,17298,0,0,11651,1657,256,45,6,4100,UNDEFINED,0,PA_NONE,1123,PB_WOMAN_REDHEAD,530,1137,0,0,1,TM_PERSON,29,PS_WANDER,197,TA_NORTHWEST,0,1,PU_CIVILIAN,12941,0,0,0,0,0,0,0,0,0,0,0,0,0,0,0,0,0,0,0,0,128,80,208,80,128,80,208,80,128,80,208,80,159,16,32,32,0,PS_NONE,29,PS_WANDER,4,128,0
50164,17390,0,0,13580,11190,256,53,43,4100,UNDEFINED,0,PA_NONE,1123,PB_WOMAN_REDHEAD,521,1135,0,0,1,TM_PERSON,29,PS_WANDER,123,TA_NORTHEAST,0,1,PU_CIVILIAN,17745,0,0,0,0,0,0,0,0,0,0,0,0,0,0,0,0,0,9,0,0,128,80,208,80,128,80,208,80,128,80,208,80,164,16,32,32,0,PS_NONE,29,PS_WANDER,4,192,0
50256,17482,0,0,10558,3936,256,41,15,4100,UNDEFINED,0,PA_NONE,1123,PB_WOMAN_REDHEAD,4776,1131,0,0,1,TM_PERSON,29,PS_WANDER,4,TA_SOUTHWEST,0,1,PU_CIVILIAN,10827,0,0,0,0,0,0,0,0,0,0,0,0,0,0,0,0,0,0,0,0,128,80,208,80,128,80,208,80,128,80,208,80,155,16,32,32,0,PS_NONE,29,PS_WANDER,4,192,0
50348,17574,0,0,29852,6110,256,116,23,4100,UNDEFINED,0,PA_NONE,1330,PB_MAN_SUIT,573,1339,0,0,1,TM_PERSON,29,PS_WANDER,20,TA_SOUTH,0,1,PU_CIVILIAN,29728,0,0,0,0,0,0,0,0,0,0,0,0,0,0,0,0,0,0,0,0,128,80,208,80,128,80,208,80,128,80,208,80,155,16,32,32,0,PS_NONE,29,PS_WANDER,4,192,0
50440,17666,0,0,25729,3584,256,100,14,4100,UNDEFINED,0,PA_NONE,1330,PB_MAN_SUIT,5965,1344,0,0,1,TM_PERSON,14,PS_HUG_RIGHT,192,TA_NORTHWEST,0,1,PU_CIVILIAN,26022,0,0,0,0,0,0,0,0,0,0,0,0,0,0,0,0,0,8,0,0,128,80,208,80,128,80,208,80,128,80,208,80,155,23,32,32,0,PS_NONE,29,PS_WANDER,4,128,0
50532,17758,0,0,15934,9839,256,62,38,4100,UNDEFINED,0,PA_NONE,1330,PB_MAN_SUIT,5961,1338,0,0,1,TM_PERSON,29,PS_WANDER,2,TA_SOUTHWEST,0,1,PU_CIVILIAN,18193,0,0,0,0,0,0,0,0,0,0,0,0,0,0,0,0,0,0,0,0,128,80,208,80,128,80,208,80,128,80,208,80,165,16,32,32,0,PS_NONE,29,PS_WANDER,4,192,0
50624,17850,0,0,12707,14583,256,49,56,4100,UNDEFINED,0,PA_NONE,1330,PB_MAN_SUIT,586,1342,0,0,1,TM_PERSON,29,PS_WANDER,126,TA_NORTHEAST,0,1,PU_CIVILIAN,20118,0,0,0,0,0,0,0,0,0,0,0,0,0,0,0,0,0,9,0,0,128,80,208,80,128,80,208,80,128,80,208,80,168,16,32,32,0,PS_NONE,29,PS_WANDER,4,64,14
50716,17942,278,0,12753,8546,256,49,33,4100,UNDEFINED,0,PA_NONE,1330,PB_MAN_SUIT,583,1342,0,0,1,TM_PERSON,29,PS_WANDER,133,TA_NORTHEAST,0,1,PU_CIVILIAN,15570,0,0,0,0,0,0,0,0,0,0,0,0,0,0,0,0,0,9,0,0,128,80,208,80,128,80,208,80,128,80,208,80,162,16,32,32,0,PS_NONE,29,PS_WANDER,4,64,74
50808,18034,0,0,13793,1545,256,53,6,4100,UNDEFINED,0,PA_NONE,1330,PB_MAN_SUIT,5964,1344,0,0,1,TM_PERSON,14,PS_HUG_RIGHT,192,TA_NORTHWEST,0,1,PU_CIVILIAN,13902,0,0,0,0,0,0,0,0,0,0,0,0,0,0,0,0,0,9,0,0,128,80,208,80,128,80,208,80,128,80,208,80,150,23,32,32,0,PS_NONE,29,PS_WANDER,4,128,0
50900,18126,0,0,18426,6796,256,71,26,4100,UNDEFINED,0,PA_NONE,1330,PB_MAN_SUIT,583,1342,0,0,1,TM_PERSON,14,PS_HUG_RIGHT,129,TA_NORTHEAST,0,1,PU_CIVILIAN,19639,0,0,0,0,0,0,0,0,0,0,0,0,0,0,0,0,0,10,0,0,128,80,208,80,128,80,208,80,128,80,208,80,158,23,32,32,0,PS_NONE,29,PS_WANDER,4,64,0
50992,18218,0,0,17428,6879,256,68,26,4100,UNDEFINED,0,PA_NONE,1330,PB_MAN_SUIT,578,1340,0,0,1,TM_PERSON,29,PS_WANDER,66,TA_SOUTHEAST,0,1,PU_CIVILIAN,18211,0,0,0,0,0,0,0,0,0,0,0,0,0,0,0,0,0,0,0,0,128,80,208,80,128,80,208,80,128,80,208,80,166,16,32,32,0,PS_NONE,29,PS_WANDER,4,0,0
51084,18310,0,0,11040,2560,256,43,10,4100,UNDEFINED,0,PA_NONE,1330,PB_MAN_SUIT,5963,1344,0,0,1,TM_PERSON,29,PS_WANDER,192,TA_NORTHWEST,0,1,PU_CIVILIAN,11433,0,0,0,0,0,0,0,0,0,0,0,0,0,0,0,0,0,9,0,0,128,80,208,80,128,80,208,80,128,80,208,80,157,16,32,32,0,PS_NONE,29,PS_WANDER,4,128,0
51176,18402,0,0,16474,2635,256,64,10,4100,UNDEFINED,0,PA_NONE,1330,PB_MAN_SUIT,5963,1344,0,0,1,TM_PERSON,29,PS_WANDER,189,TA_NORTHWEST,0,1,PU_CIVILIAN,18705,0,0,0,0,0,0,0,0,0,0,0,0,0,0,0,0,0,9,0,0,128,80,208,80,128,80,208,80,128,80,208,80,158,16,32,32,0,PS_NONE,29,PS_WANDER,4,128,0
51268,18494,0,0,27530,5123,384,107,20,4100,UNDEFINED,0,PA_NONE,1330,PB_MAN_SUIT,576,1340,0,0,1,TM_PERSON,15,PS_HUG_LEFT,65,TA_SOUTHEAST,0,1,PU_CIVILIAN,27895,0,0,0,0,0,0,0,0,0,0,0,0,0,0,0,0,0,5,0,0,128,80,208,80,128,80,208,80,128,80,208,80,161,23,32,32,0,PS_NONE,29,PS_WANDER,4,128,0
51360,18586,0,0,11037,3058,256,43,11,4100,UNDEFINED,0,PA_NONE,1330,PB_MAN_SUIT,5965,1344,0,0,1,TM_PERSON,29,PS_WANDER,199,TA_NORTHWEST,0,1,PU_CIVILIAN,13899,0,0,0,0,0,0,0,0,0,0,0,0,0,0,0,0,0,9,0,0,128,80,208,80,128,80,208,80,128,80,208,80,159,16,32,32,0,PS_NONE,29,PS_WANDER,4,0,21
51452,18678,0,0,28343,8950,256,110,34,4100,UNDEFINED,0,PA_NONE,1330,PB_MAN_SUIT,5961,1338,0,0,1,TM_PERSON,29,PS_WANDER,4,TA_SOUTHWEST,0,1,PU_CIVILIAN,29123,0,0,0,0,0,0,0,0,0,0,0,0,0,0,0,0,0,0,0,0,128,80,208,80,128,80,208,80,128,80,208,80,154,16,32,32,0,PS_NONE,29,PS_WANDER,4,192,0
51544,18770,0,0,19456,4671,256,76,18,4100,UNDEFINED,0,PA_NONE,1330,PB_MAN_SUIT,583,1342,0,0,1,TM_PERSON,29,PS_WANDER,126,TA_NORTHEAST,0,1,PU_CIVILIAN,20069,0,0,0,0,0,0,0,0,0,0,0,0,0,0,0,0,0,0,0,0,128,80,208,80,128,80,208,80,128,80,208,80,165,16,32,32,0,PS_NONE,29,PS_WANDER,4,192,0
51636,18862,0,0,12766,13945,256,49,54,4100,UNDEFINED,0,PA_NONE,1330,PB_MAN_SUIT,586,1342,0,0,1,TM_PERSON,29,PS_WANDER,120,TA_NORTHEAST,0,1,PU_CIVILIAN,20973,0,0,0,0,0,0,0,0,0,0,0,0,0,0,0,0,0,0,0,0,128,80,208,80,128,80,208,80,128,80,208,80,163,16,32,32,0,PS_NONE,29,PS_WANDER,4,64,210
51728,18954,0,0,13987,5297,256,54,20,4100,UNDEFINED,0,PA_NONE,1330,PB_MAN_SUIT,580,1341,0,0,1,TM_PERSON,29,PS_WANDER,111,TA_EAST,0,1,PU_CIVILIAN,15418,0,0,0,0,0,0,0,0,0,0,0,0,0,0,0,0,0,3,0,0,128,80,208,80,128,80,208,80,128,80,208,80,164,16,32,32,0,PS_NONE,29,PS_WANDER,4,192,0
51820,19046,0,0,16127,3834,256,62,14,4100,UNDEFINED,0,PA_NONE,1330,PB_MAN_SUIT,585,1342,0,0,1,TM_PERSON,29,PS_WANDER,127,TA_NORTHEAST,0,1,PU_CIVILIAN,16596,0,0,0,0,0,0,0,0,0,0,0,0,0,0,0,0,0,9,0,0,128,80,208,80,128,80,208,80,128,80,208,80,151,16,32,32,0,PS_NONE,29,PS_WANDER,4,64,0
51912,19138,0,0,24640,10496,256,96,41,4100,UNDEFINED,0,PA_NONE,1330,PB_MAN_SUIT,5963,1344,0,0,1,TM_PERSON,14,PS_HUG_RIGHT,192,TA_NORTHWEST,0,1,PU_CIVILIAN,26867,0,0,0,0,0,0,0,0,0,0,0,0,0,0,0,0,0,6,0,0,128,80,208,80,128,80,208,80,128,80,208,80,153,23,32,32,0,PS_NONE,29,PS_WANDER,4,128,0
52004,19230,0,0,16100,11651,256,62,45,4100,UNDEFINED,0,PA_NONE,1330,PB_MAN_SUIT,5852,1338,0,0,1,TM_PERSON,29,PS_WANDER,252,TA_SOUTHWEST,0,1,PU_CIVILIAN,19665,0,0,0,0,0,0,0,0,0,0,0,0,0,0,0,0,0,0,0,0,128,80,208,80,128,80,208,80,128,80,208,80,161,16,32,32,0,PS_NONE,29,PS_WANDER,4,64,0
52096,19322,0,0,29949,9784,256,116,38,4100,UNDEFINED,0,PA_NONE,1330,PB_MAN_SUIT,5962,1338,0,0,1,TM_PERSON,29,PS_WANDER,2,TA_SOUTHWEST,0,1,PU_CIVILIAN,31330,0,0,0,0,0,0,0,0,0,0,0,0,0,0,0,0,0,0,0,0,128,80,208,80,128,80,208,80,128,80,208,80,154,16,32,32,0,PS_NONE,29,PS_WANDER,4,64,0
52188,19414,0,0,29652,10506,256,115,41,4100,UNDEFINED,0,PA_NONE,1330,PB_MAN_SUIT,5961,1338,0,0,1,TM_PERSON,29,PS_WANDER,246,TA_SOUTHWEST,0,1,PU_CIVILIAN,30778,0,0,0,0,0,0,0,0,0,0,0,0,0,0,0,0,0,0,0,0,128,80,208,80,128,80,208,80,128,80,208,80,153,16,32,32,0,PS_NONE,29,PS_WANDER,4,64,0
52280,19506,0,0,9727,7794,256,37,30,4100,UNDEFINED,0,PA_NONE,1330,PB_MAN_SUIT,5965,1344,0,0,1,TM_PERSON,29,PS_WANDER,195,TA_NORTHWEST,0,1,PU_CIVILIAN,13564,0,0,0,0,0,0,0,0,0,0,0,0,0,0,0,0,0,9,0,0,128,80,208,80,128,80,208,80,128,80,208,80,168,16,32,32,0,PS_NONE,29,PS_WANDER,4,128,11
52372,19598,0,0,22043,1760,256,86,6,4100,UNDEFINED,0,PA_NONE,1330,PB_MAN_SUIT,5965,1344,0,0,1,TM_PERSON,29,PS_WANDER,194,TA_NORTHWEST,0,1,PU_CIVILIAN,22975,0,0,0,0,0,0,0,0,0,0,0,0,0,0,0,0,0,0,0,0,128,80,208,80,128,80,208,80,128,80,208,80,168,16,32,32,0,PS_NONE,29,PS_WANDER,4,0,0
52464,19690,0,0,15206,9027,256,59,35,4100,UNDEFINED,0,PA_NONE,1330,PB_MAN_SUIT,585,1342,0,0,1,TM_PERSON,29,PS_WANDER,137,TA_NORTHEAST,0,1,PU_CIVILIAN,19549,0,0,0,0,0,0,0,0,0,0,0,0,0,0,0,0,0,0,0,0,128,80,208,80,128,80,208,80,128,80,208,80,159,16,32,32,0,PS_NONE,29,PS_WANDER,4,0,0
52556,19782,0,0,19547,5118,256,76,19,4100,UNDEFINED,0,PA_NONE,1330,PB_MAN_SUIT,586,1342,0,0,1,TM_PERSON,29,PS_WANDER,129,TA_NORTHEAST,0,1,PU_CIVILIAN,21076,0,0,0,0,0,0,0,0,0,0,0,0,0,0,0,0,0,9,0,0,128,80,208,80,128,80,208,80,128,80,208,80,152,16,32,32,0,PS_NONE,29,PS_WANDER,4,192,0
52648,19874,0,0,27588,6398,384,107,24,4100,UNDEFINED,0,PA_NONE,1330,PB_MAN_SUIT,5964,1344,0,0,1,TM_PERSON,15,PS_HUG_LEFT,192,TA_NORTHWEST,0,1,PU_CIVILIAN,28342,0,0,0,0,0,0,0,0,0,0,0,0,0,0,0,0,0,9,0,0,128,80,208,80,128,80,208,80,128,80,208,80,158,23,32,32,0,PS_NONE,29,PS_WANDER,4,0,136
52740,19966,0,0,13568,5404,256,53,21,4100,UNDEFINED,0,PA_NONE,1330,PB_MAN_SUIT,5961,1338,0,0,1,TM_PERSON,29,PS_WANDER,0,TA_SOUTHWEST,0,1,PU_CIVILIAN,14437,0,0,0,0,0,0,0,0,0,0,0,0,0,0,0,0,0,0,0,0,128,80,208,80,128,80,208,80,128,80,208,80,157,16,32,32,0,PS_NONE,29,PS_WANDER,4,192,0
52832,20058,0,0,14183,18313,256,55,71,4100,UNDEFINED,0,PA_NONE,1330,PB_MAN_SUIT,5963,1344,0,0,1,TM_PERSON,29,PS_WANDER,193,TA_NORTHWEST,0,1,PU_CIVILIAN,25217,0,0,0,0,0,0,0,0,0,0,0,0,0,0,0,0,0,9,0,0,128,80,208,80,128,80,208,80,128,80,208,80,166,16,32,32,0,PS_NONE,29,PS_WANDER,4,0,138
52924,20150,0,0,12799,13268,256,49,51,4100,UNDEFINED,0,PA_NONE,1123,PB_WOMAN_REDHEAD,4776,1131,0,0,1,TM_PERSON,29,PS_WANDER,1,TA_SOUTHWEST,0,1,PU_CIVILIAN,17949,0,0,0,0,0,0,0,0,0,0,0,0,0,0,0,0,0,0,0,0,128,80,208,80,128,80,208,80,128,80,208,80,158,16,32,32,0,PS_NONE,29,PS_WANDER,4,64,0
53016,20242,0,0,13720,9704,256,53,37,4100,UNDEFINED,0,PA_NONE,1123,PB_WOMAN_REDHEAD,4778,1131,0,0,1,TM_PERSON,29,PS_WANDER,2,TA_SOUTHWEST,0,1,PU_CIVILIAN,15796,0,0,0,0,0,0,0,0,0,0,0,0,0,0,0,0,0,0,0,0,128,80,208,80,128,80,208,80,128,80,208,80,163,16,32,32,0,PS_NONE,29,PS_WANDER,4,192,0
53108,20334,0,0,21321,2598,256,83,10,4100,UNDEFINED,0,PA_NONE,1123,PB_WOMAN_REDHEAD,514,1133,0,0,1,TM_PERSON,29,PS_WANDER,62,TA_SOUTHEAST,0,1,PU_CIVILIAN,19692,0,0,0,0,0,0,0,0,0,0,0,0,0,0,0,0,0,0,0,0,128,80,208,80,128,80,208,80,128,80,208,80,164,16,32,32,0,PS_NONE,29,PS_WANDER,4,128,0
53200,20426,0,0,11931,20223,256,46,78,4100,UNDEFINED,0,PA_NONE,1123,PB_WOMAN_REDHEAD,512,1133,0,0,1,TM_PERSON,14,PS_HUG_RIGHT,64,TA_SOUTHEAST,0,1,PU_CIVILIAN,23445,0,0,0,0,0,0,0,0,0,0,0,0,0,0,0,0,0,7,0,0,128,80,208,80,128,80,208,80,128,80,208,80,156,23,32,32,0,PS_NONE,29,PS_WANDER,4,0,0
53292,20518,0,0,29888,5097,256,116,19,4100,UNDEFINED,0,PA_NONE,626,PB_WOMAN_BLONDE,468,634,0,0,1,TM_PERSON,29,PS_WANDER,255,TA_SOUTHWEST,0,1,PU_CIVILIAN,30186,0,0,0,0,0,0,0,0,0,0,0,0,0,0,0,0,0,0,0,0,128,80,208,80,128,80,208,80,128,80,208,80,165,16,32,32,0,PS_NONE,29,PS_WANDER,4,64,0
53384,20610,0,0,7193,16551,256,28,64,4100,UNDEFINED,0,PA_NONE,626,PB_WOMAN_BLONDE,487,638,0,0,1,TM_PERSON,29,PS_WANDER,122,TA_NORTHEAST,0,1,PU_CIVILIAN,18352,0,0,0,0,0,0,0,0,0,0,0,0,0,0,0,0,0,8,0,0,128,80,208,80,128,80,208,80,128,80,208,80,158,16,32,32,0,PS_NONE,29,PS_WANDER,2,192,0
53476,20702,0,0,18401,11253,256,71,43,4100,UNDEFINED,0,PA_NONE,626,PB_WOMAN_BLONDE,495,640,0,0,1,TM_PERSON,29,PS_WANDER,190,TA_NORTHWEST,0,1,PU_CIVILIAN,22121,0,0,0,0,0,0,0,0,0,0,0,0,0,0,0,0,0,0,0,0,128,80,208,80,128,80,208,80,128,80,208,80,156,16,32,32,0,PS_NONE,29,PS_WANDER,4,0,0
53568,20794,0,0,0,0,0,0,0,0,UNDEFINED,0,PA_NONE,0,PB_NONE,0,0,0,0,0,TM_NONE,0,PS_NONE,0,TA_SOUTHWEST,0,0,PU_NONE,0,0,0,0,0,0,0,0,0,0,0,0,0,0,0,0,0,0,0,0,0,0,0,0,0,0,0,0,0,0,0,0,0,0,0,0,0,0,PS_NONE,0,PS_NONE,0,0,0
53660,20886,0,0,0,0,0,0,0,0,UNDEFINED,0,PA_NONE,0,PB_NONE,0,0,0,0,0,TM_NONE,0,PS_NONE,0,TA_SOUTHWEST,0,0,PU_NONE,0,0,0,0,0,0,0,0,0,0,0,0,0,0,0,0,0,0,0,0,0,0,0,0,0,0,0,0,0,0,0,0,0,0,0,0,0,0,PS_NONE,0,PS_NONE,0,0,0
53752,20978,0,0,0,0,0,0,0,0,UNDEFINED,0,PA_NONE,0,PB_NONE,0,0,0,0,0,TM_NONE,0,PS_NONE,0,TA_SOUTHWEST,0,0,PU_NONE,0,0,0,0,0,0,0,0,0,0,0,0,0,0,0,0,0,0,0,0,0,0,0,0,0,0,0,0,0,0,0,0,0,0,0,0,0,0,PS_NONE,0,PS_NONE,0,0,0
53844,21070,0,0,0,0,0,0,0,0,UNDEFINED,0,PA_NONE,0,PB_NONE,0,0,0,0,0,TM_NONE,0,PS_NONE,0,TA_SOUTHWEST,0,0,PU_NONE,0,0,0,0,0,0,0,0,0,0,0,0,0,0,0,0,0,0,0,0,0,0,0,0,0,0,0,0,0,0,0,0,0,0,0,0,0,0,PS_NONE,0,PS_NONE,0,0,0
53936,21162,0,0,0,0,0,0,0,0,UNDEFINED,0,PA_NONE,0,PB_NONE,0,0,0,0,0,TM_NONE,0,PS_NONE,0,TA_SOUTHWEST,0,0,PU_NONE,0,0,0,0,0,0,0,0,0,0,0,0,0,0,0,0,0,0,0,0,0,0,0,0,0,0,0,0,0,0,0,0,0,0,0,0,0,0,PS_NONE,0,PS_NONE,0,0,0
54028,21254,0,0,0,0,0,0,0,0,UNDEFINED,0,PA_NONE,0,PB_NONE,0,0,0,0,0,TM_NONE,0,PS_NONE,0,TA_SOUTHWEST,0,0,PU_NONE,0,0,0,0,0,0,0,0,0,0,0,0,0,0,0,0,0,0,0,0,0,0,0,0,0,0,0,0,0,0,0,0,0,0,0,0,0,0,PS_NONE,0,PS_NONE,0,0,0
54120,21346,0,0,0,0,0,0,0,0,UNDEFINED,0,PA_NONE,0,PB_NONE,0,0,0,0,0,TM_NONE,0,PS_NONE,0,TA_SOUTHWEST,0,0,PU_NONE,0,0,0,0,0,0,0,0,0,0,0,0,0,0,0,0,0,0,0,0,0,0,0,0,0,0,0,0,0,0,0,0,0,0,0,0,0,0,PS_NONE,0,PS_NONE,0,0,0
54212,21438,0,0,0,0,0,0,0,0,UNDEFINED,0,PA_NONE,0,PB_NONE,0,0,0,0,0,TM_NONE,0,PS_NONE,0,TA_SOUTHWEST,0,0,PU_NONE,0,0,0,0,0,0,0,0,0,0,0,0,0,0,0,0,0,0,0,0,0,0,0,0,0,0,0,0,0,0,0,0,0,0,0,0,0,0,PS_NONE,0,PS_NONE,0,0,0
54304,21530,0,0,0,0,0,0,0,0,UNDEFINED,0,PA_NONE,0,PB_NONE,0,0,0,0,0,TM_NONE,0,PS_NONE,0,TA_SOUTHWEST,0,0,PU_NONE,0,0,0,0,0,0,0,0,0,0,0,0,0,0,0,0,0,0,0,0,0,0,0,0,0,0,0,0,0,0,0,0,0,0,0,0,0,0,PS_NONE,0,PS_NONE,0,0,0
54396,21622,0,0,0,0,0,0,0,0,UNDEFINED,0,PA_NONE,0,PB_NONE,0,0,0,0,0,TM_NONE,0,PS_NONE,0,TA_SOUTHWEST,0,0,PU_NONE,0,0,0,0,0,0,0,0,0,0,0,0,0,0,0,0,0,0,0,0,0,0,0,0,0,0,0,0,0,0,0,0,0,0,0,0,0,0,PS_NONE,0,PS_NONE,0,0,0
54488,21714,0,0,0,0,0,0,0,0,UNDEFINED,0,PA_NONE,0,PB_NONE,0,0,0,0,0,TM_NONE,0,PS_NONE,0,TA_SOUTHWEST,0,0,PU_NONE,0,0,0,0,0,0,0,0,0,0,0,0,0,0,0,0,0,0,0,0,0,0,0,0,0,0,0,0,0,0,0,0,0,0,0,0,0,0,PS_NONE,0,PS_NONE,0,0,0
54580,21806,0,0,0,0,0,0,0,0,UNDEFINED,0,PA_NONE,0,PB_NONE,0,0,0,0,0,TM_NONE,0,PS_NONE,0,TA_SOUTHWEST,0,0,PU_NONE,0,0,0,0,0,0,0,0,0,0,0,0,0,0,0,0,0,0,0,0,0,0,0,0,0,0,0,0,0,0,0,0,0,0,0,0,0,0,PS_NONE,0,PS_NONE,0,0,0
54672,21898,0,0,0,0,0,0,0,0,UNDEFINED,0,PA_NONE,0,PB_NONE,0,0,0,0,0,TM_NONE,0,PS_NONE,0,TA_SOUTHWEST,0,0,PU_NONE,0,0,0,0,0,0,0,0,0,0,0,0,0,0,0,0,0,0,0,0,0,0,0,0,0,0,0,0,0,0,0,0,0,0,0,0,0,0,PS_NONE,0,PS_NONE,0,0,0
54764,21990,0,0,0,0,0,0,0,0,UNDEFINED,0,PA_NONE,0,PB_NONE,0,0,0,0,0,TM_NONE,0,PS_NONE,0,TA_SOUTHWEST,0,0,PU_NONE,0,0,0,0,0,0,0,0,0,0,0,0,0,0,0,0,0,0,0,0,0,0,0,0,0,0,0,0,0,0,0,0,0,0,0,0,0,0,PS_NONE,0,PS_NONE,0,0,0
54856,22082,0,0,0,0,0,0,0,0,UNDEFINED,0,PA_NONE,0,PB_NONE,0,0,0,0,0,TM_NONE,0,PS_NONE,0,TA_SOUTHWEST,0,0,PU_NONE,0,0,0,0,0,0,0,0,0,0,0,0,0,0,0,0,0,0,0,0,0,0,0,0,0,0,0,0,0,0,0,0,0,0,0,0,0,0,PS_NONE,0,PS_NONE,0,0,0
54948,22174,0,0,0,0,0,0,0,0,UNDEFINED,0,PA_NONE,0,PB_NONE,0,0,0,0,0,TM_NONE,0,PS_NONE,0,TA_SOUTHWEST,0,0,PU_NONE,0,0,0,0,0,0,0,0,0,0,0,0,0,0,0,0,0,0,0,0,0,0,0,0,0,0,0,0,0,0,0,0,0,0,0,0,0,0,PS_NONE,0,PS_NONE,0,0,0
55040,22266,0,0,0,0,0,0,0,0,UNDEFINED,0,PA_NONE,0,PB_NONE,0,0,0,0,0,TM_NONE,0,PS_NONE,0,TA_SOUTHWEST,0,0,PU_NONE,0,0,0,0,0,0,0,0,0,0,0,0,0,0,0,0,0,0,0,0,0,0,0,0,0,0,0,0,0,0,0,0,0,0,0,0,0,0,PS_NONE,0,PS_NONE,0,0,0
55132,22358,0,0,0,0,0,0,0,0,UNDEFINED,0,PA_NONE,0,PB_NONE,0,0,0,0,0,TM_NONE,0,PS_NONE,0,TA_SOUTHWEST,0,0,PU_NONE,0,0,0,0,0,0,0,0,0,0,0,0,0,0,0,0,0,0,0,0,0,0,0,0,0,0,0,0,0,0,0,0,0,0,0,0,0,0,PS_NONE,0,PS_NONE,0,0,0
55224,22450,0,0,0,0,0,0,0,0,UNDEFINED,0,PA_NONE,0,PB_NONE,0,0,0,0,0,TM_NONE,0,PS_NONE,0,TA_SOUTHWEST,0,0,PU_NONE,0,0,0,0,0,0,0,0,0,0,0,0,0,0,0,0,0,0,0,0,0,0,0,0,0,0,0,0,0,0,0,0,0,0,0,0,0,0,PS_NONE,0,PS_NONE,0,0,0
55316,22542,0,0,0,0,0,0,0,0,UNDEFINED,0,PA_NONE,0,PB_NONE,0,0,0,0,0,TM_NONE,0,PS_NONE,0,TA_SOUTHWEST,0,0,PU_NONE,0,0,0,0,0,0,0,0,0,0,0,0,0,0,0,0,0,0,0,0,0,0,0,0,0,0,0,0,0,0,0,0,0,0,0,0,0,0,PS_NONE,0,PS_NONE,0,0,0
55408,22634,0,0,0,0,0,0,0,0,UNDEFINED,0,PA_NONE,0,PB_NONE,0,0,0,0,0,TM_NONE,0,PS_NONE,0,TA_SOUTHWEST,0,0,PU_NONE,0,0,0,0,0,0,0,0,0,0,0,0,0,0,0,0,0,0,0,0,0,0,0,0,0,0,0,0,0,0,0,0,0,0,0,0,0,0,PS_NONE,0,PS_NONE,0,0,0
55500,22726,0,0,0,0,0,0,0,0,UNDEFINED,0,PA_NONE,0,PB_NONE,0,0,0,0,0,TM_NONE,0,PS_NONE,0,TA_SOUTHWEST,0,0,PU_NONE,0,0,0,0,0,0,0,0,0,0,0,0,0,0,0,0,0,0,0,0,0,0,0,0,0,0,0,0,0,0,0,0,0,0,0,0,0,0,PS_NONE,0,PS_NONE,0,0,0
55592,22818,0,0,0,0,0,0,0,0,UNDEFINED,0,PA_NONE,0,PB_NONE,0,0,0,0,0,TM_NONE,0,PS_NONE,0,TA_SOUTHWEST,0,0,PU_NONE,0,0,0,0,0,0,0,0,0,0,0,0,0,0,0,0,0,0,0,0,0,0,0,0,0,0,0,0,0,0,0,0,0,0,0,0,0,0,PS_NONE,0,PS_NONE,0,0,0
55684,22910,0,0,0,0,0,0,0,0,UNDEFINED,0,PA_NONE,0,PB_NONE,0,0,0,0,0,TM_NONE,0,PS_NONE,0,TA_SOUTHWEST,0,0,PU_NONE,0,0,0,0,0,0,0,0,0,0,0,0,0,0,0,0,0,0,0,0,0,0,0,0,0,0,0,0,0,0,0,0,0,0,0,0,0,0,PS_NONE,0,PS_NONE,0,0,0
55776,23002,0,0,0,0,0,0,0,0,UNDEFINED,0,PA_NONE,0,PB_NONE,0,0,0,0,0,TM_NONE,0,PS_NONE,0,TA_SOUTHWEST,0,0,PU_NONE,0,0,0,0,0,0,0,0,0,0,0,0,0,0,0,0,0,0,0,0,0,0,0,0,0,0,0,0,0,0,0,0,0,0,0,0,0,0,PS_NONE,0,PS_NONE,0,0,0
55868,23094,0,0,0,0,0,0,0,0,UNDEFINED,0,PA_NONE,0,PB_NONE,0,0,0,0,0,TM_NONE,0,PS_NONE,0,TA_SOUTHWEST,0,0,PU_NONE,0,0,0,0,0,0,0,0,0,0,0,0,0,0,0,0,0,0,0,0,0,0,0,0,0,0,0,0,0,0,0,0,0,0,0,0,0,0,PS_NONE,0,PS_NONE,0,0,0
55960,23186,0,0,0,0,0,0,0,0,UNDEFINED,0,PA_NONE,0,PB_NONE,0,0,0,0,0,TM_NONE,0,PS_NONE,0,TA_SOUTHWEST,0,0,PU_NONE,0,0,0,0,0,0,0,0,0,0,0,0,0,0,0,0,0,0,0,0,0,0,0,0,0,0,0,0,0,0,0,0,0,0,0,0,0,0,PS_NONE,0,PS_NONE,0,0,0
56052,23278,0,0,0,0,0,0,0,0,UNDEFINED,0,PA_NONE,0,PB_NONE,0,0,0,0,0,TM_NONE,0,PS_NONE,0,TA_SOUTHWEST,0,0,PU_NONE,0,0,0,0,0,0,0,0,0,0,0,0,0,0,0,0,0,0,0,0,0,0,0,0,0,0,0,0,0,0,0,0,0,0,0,0,0,0,PS_NONE,0,PS_NONE,0,0,0
56144,23370,0,0,0,0,0,0,0,0,UNDEFINED,0,PA_NONE,0,PB_NONE,0,0,0,0,0,TM_NONE,0,PS_NONE,0,TA_SOUTHWEST,0,0,PU_NONE,0,0,0,0,0,0,0,0,0,0,0,0,0,0,0,0,0,0,0,0,0,0,0,0,0,0,0,0,0,0,0,0,0,0,0,0,0,0,PS_NONE,0,PS_NONE,0,0,0
56236,23462,0,0,0,0,0,0,0,0,UNDEFINED,0,PA_NONE,0,PB_NONE,0,0,0,0,0,TM_NONE,0,PS_NONE,0,TA_SOUTHWEST,0,0,PU_NONE,0,0,0,0,0,0,0,0,0,0,0,0,0,0,0,0,0,0,0,0,0,0,0,0,0,0,0,0,0,0,0,0,0,0,0,0,0,0,PS_NONE,0,PS_NONE,0,0,0
