GloOfs,RelOfs,Child,Parent,Xpos,Ypos,Zpos,Xtile,Ytile,Status,Status_S,Affect,BaseFrame,Frame,OldFrame,Life,WhoShotMe,Model,Model_S,State,State_S,Angle,Angle_S,ZAngle,ChildWeapon,ParentWeapon,WhoOwnsWeapon,RepairCount
71016,38242,5982,38278,12867,13323,1408,50,52,5,TS_NODRAW | TS_MAPWHO,0,0,2259,369,1,0,4,TM_WEAPON,3,WS_GAUSS_GUN,173,TA_NORTH,0,38278,5890,5890,0
71052,38278,38242,38314,12867,13323,1408,50,52,5,TS_NODRAW | TS_MAPWHO,0,0,2258,369,1,0,4,TM_WEAPON,3,WS_GAUSS_GUN,173,TA_NORTH,0,38314,38242,5890,0
71088,38314,38278,38350,12867,13323,1408,50,52,5,TS_NODRAW | TS_MAPWHO,0,0,2259,369,1,0,4,TM_WEAPON,3,WS_GAUSS_GUN,173,TA_NORTH,0,0,38278,5890,0
71124,38350,38314,0,13037,13504,1024,50,52,5,TS_NODRAW | TS_MAPWHO,0,0,2269,372,1599,0,4,TM_WEAPON,6,WS_MINIGUN,0,TA_SOUTHWEST,0,0,5982,5982,0
71160,38386,6074,38422,12840,11656,1408,50,45,5,TS_NODRAW | TS_MAPWHO,0,0,2258,369,1,0,4,TM_WEAPON,3,WS_GAUSS_GUN,0,TA_SOUTHWEST,0,38422,6074,6074,0
71196,38422,38386,38458,12840,11656,1408,50,45,5,TS_NODRAW | TS_MAPWHO,0,0,2029,369,1,0,4,TM_WEAPON,3,WS_GAUSS_GUN,0,TA_SOUTHWEST,0,38458,38386,6074,0
71232,38458,38422,0,12840,11656,1408,50,45,5,TS_NODRAW | TS_MAPWHO,0,0,2258,369,1,0,4,TM_WEAPON,3,WS_GAUSS_GUN,0,TA_SOUTHWEST,0,0,38422,6074,0
71268,38494,6166,0,12700,11828,1024,49,46,5,TS_NODRAW | TS_MAPWHO,0,0,2268,372,1599,0,4,TM_WEAPON,6,WS_MINIGUN,64,TA_SOUTHEAST,0,0,6166,6166,0
71304,38530,6258,38566,11496,6804,1408,44,26,5,TS_NODRAW | TS_MAPWHO,0,0,2259,369,1,0,4,TM_WEAPON,3,WS_GAUSS_GUN,128,TA_NORTHEAST,0,38566,6258,6258,0
71340,38566,38530,38602,11496,6804,1408,44,26,5,TS_NODRAW | TS_MAPWHO,0,0,2259,369,1,0,4,TM_WEAPON,3,WS_GAUSS_GUN,128,TA_NORTHEAST,0,38602,38530,6258,0
71376,38602,38566,0,11496,6804,1408,44,26,5,TS_NODRAW | TS_MAPWHO,0,0,2260,369,1,0,4,TM_WEAPON,3,WS_GAUSS_GUN,128,TA_NORTHEAST,0,0,38566,6258,0
71412,38638,6350,0,11511,7297,1024,44,28,5,TS_NODRAW | TS_MAPWHO,0,0,2267,372,1599,0,4,TM_WEAPON,6,WS_MINIGUN,128,TA_NORTHEAST,0,0,6350,6350,0
71448,38674,0,0,26248,20120,256,102,78,4,TS_MAPWHO,0,0,2259,369,1,0,4,TM_WEAPON,3,WS_GAUSS_GUN,0,TA_SOUTHWEST,0,0,0,0,0
71484,38710,6626,0,20826,8434,640,81,32,5,TS_NODRAW | TS_MAPWHO,0,0,2268,372,1599,0,4,TM_WEAPON,6,WS_MINIGUN,64,TA_SOUTHEAST,0,0,6626,6626,0
71520,38746,6442,0,20916,7308,640,81,28,5,TS_NODRAW | TS_MAPWHO,0,0,2268,372,1599,0,4,TM_WEAPON,6,WS_MINIGUN,0,TA_SOUTHWEST,0,0,6442,6442,0
71556,38782,6534,38818,21040,7280,640,82,28,5,TS_NODRAW | TS_MAPWHO,0,0,2260,369,1,0,4,TM_WEAPON,3,WS_GAUSS_GUN,0,TA_SOUTHWEST,0,38818,6534,6534,0
71592,38818,38782,0,21040,7280,640,82,28,5,TS_NODRAW | TS_MAPWHO,0,0,2277,375,199,0,4,TM_WEAPON,9,WS_LONG_RANGE,0,TA_SOUTHWEST,0,0,38782,6534,0
71628,38854,0,0,0,0,0,0,0,0,TS_NONE,0,0,0,0,0,0,0,TM_NONE,0,WS_NONE,0,TA_SOUTHWEST,0,0,0,0,0
71664,38890,0,0,0,0,0,0,0,0,TS_NONE,0,0,0,0,0,0,0,TM_NONE,0,WS_NONE,0,TA_SOUTHWEST,0,0,0,0,0
71700,38926,0,0,0,0,0,0,0,0,TS_NONE,0,0,0,0,0,0,0,TM_NONE,0,WS_NONE,0,TA_SOUTHWEST,0,0,0,0,0
71736,38962,0,0,0,0,0,0,0,0,TS_NONE,0,0,0,0,0,0,0,TM_NONE,0,WS_NONE,0,TA_SOUTHWEST,0,0,0,0,0
71772,38998,0,0,0,0,0,0,0,0,TS_NONE,0,0,0,0,0,0,0,TM_NONE,0,WS_NONE,0,TA_SOUTHWEST,0,0,0,0,0
71808,39034,0,0,0,0,0,0,0,0,TS_NONE,0,0,0,0,0,0,0,TM_NONE,0,WS_NONE,0,TA_SOUTHWEST,0,0,0,0,0
71844,39070,0,0,0,0,0,0,0,0,TS_NONE,0,0,0,0,0,0,0,TM_NONE,0,WS_NONE,0,TA_SOUTHWEST,0,0,0,0,0
71880,39106,0,0,0,0,0,0,0,0,TS_NONE,0,0,0,0,0,0,0,TM_NONE,0,WS_NONE,0,TA_SOUTHWEST,0,0,0,0,0
71916,39142,0,0,0,0,0,0,0,0,TS_NONE,0,0,0,0,0,0,0,TM_NONE,0,WS_NONE,0,TA_SOUTHWEST,0,0,0,0,0
71952,39178,0,0,0,0,0,0,0,0,TS_NONE,0,0,0,0,0,0,0,TM_NONE,0,WS_NONE,0,TA_SOUTHWEST,0,0,0,0,0
71988,39214,0,0,0,0,0,0,0,0,TS_NONE,0,0,0,0,0,0,0,TM_NONE,0,WS_NONE,0,TA_SOUTHWEST,0,0,0,0,0
72024,39250,0,0,0,0,0,0,0,0,TS_NONE,0,0,0,0,0,0,0,TM_NONE,0,WS_NONE,0,TA_SOUTHWEST,0,0,0,0,0
72060,39286,0,0,0,0,0,0,0,0,TS_NONE,0,0,0,0,0,0,0,TM_NONE,0,WS_NONE,0,TA_SOUTHWEST,0,0,0,0,0
72096,39322,0,0,0,0,0,0,0,0,TS_NONE,0,0,0,0,0,0,0,TM_NONE,0,WS_NONE,0,TA_SOUTHWEST,0,0,0,0,0
72132,39358,0,0,0,0,0,0,0,0,TS_NONE,0,0,0,0,0,0,0,TM_NONE,0,WS_NONE,0,TA_SOUTHWEST,0,0,0,0,0
72168,39394,0,0,0,0,0,0,0,0,TS_NONE,0,0,0,0,0,0,0,TM_NONE,0,WS_NONE,0,TA_SOUTHWEST,0,0,0,0,0
72204,39430,0,0,0,0,0,0,0,0,TS_NONE,0,0,0,0,0,0,0,TM_NONE,0,WS_NONE,0,TA_SOUTHWEST,0,0,0,0,0
72240,39466,0,0,0,0,0,0,0,0,TS_NONE,0,0,0,0,0,0,0,TM_NONE,0,WS_NONE,0,TA_SOUTHWEST,0,0,0,0,0
72276,39502,0,0,0,0,0,0,0,0,TS_NONE,0,0,0,0,0,0,0,TM_NONE,0,WS_NONE,0,TA_SOUTHWEST,0,0,0,0,0
72312,39538,0,0,0,0,0,0,0,0,TS_NONE,0,0,0,0,0,0,0,TM_NONE,0,WS_NONE,0,TA_SOUTHWEST,0,0,0,0,0
72348,39574,0,0,0,0,0,0,0,0,TS_NONE,0,0,0,0,0,0,0,TM_NONE,0,WS_NONE,0,TA_SOUTHWEST,0,0,0,0,0
72384,39610,0,0,0,0,0,0,0,0,TS_NONE,0,0,0,0,0,0,0,TM_NONE,0,WS_NONE,0,TA_SOUTHWEST,0,0,0,0,0
72420,39646,0,0,0,0,0,0,0,0,TS_NONE,0,0,0,0,0,0,0,TM_NONE,0,WS_NONE,0,TA_SOUTHWEST,0,0,0,0,0
72456,39682,0,0,0,0,0,0,0,0,TS_NONE,0,0,0,0,0,0,0,TM_NONE,0,WS_NONE,0,TA_SOUTHWEST,0,0,0,0,0
72492,39718,0,0,0,0,0,0,0,0,TS_NONE,0,0,0,0,0,0,0,TM_NONE,0,WS_NONE,0,TA_SOUTHWEST,0,0,0,0,0
72528,39754,0,0,0,0,0,0,0,0,TS_NONE,0,0,0,0,0,0,0,TM_NONE,0,WS_NONE,0,TA_SOUTHWEST,0,0,0,0,0
72564,39790,0,0,0,0,0,0,0,0,TS_NONE,0,0,0,0,0,0,0,TM_NONE,0,WS_NONE,0,TA_SOUTHWEST,0,0,0,0,0
72600,39826,0,0,0,0,0,0,0,0,TS_NONE,0,0,0,0,0,0,0,TM_NONE,0,WS_NONE,0,TA_SOUTHWEST,0,0,0,0,0
72636,39862,0,0,0,0,0,0,0,0,TS_NONE,0,0,0,0,0,0,0,TM_NONE,0,WS_NONE,0,TA_SOUTHWEST,0,0,0,0,0
72672,39898,0,0,0,0,0,0,0,0,TS_NONE,0,0,0,0,0,0,0,TM_NONE,0,WS_NONE,0,TA_SOUTHWEST,0,0,0,0,0
72708,39934,0,0,0,0,0,0,0,0,TS_NONE,0,0,0,0,0,0,0,TM_NONE,0,WS_NONE,0,TA_SOUTHWEST,0,0,0,0,0
72744,39970,0,0,0,0,0,0,0,0,TS_NONE,0,0,0,0,0,0,0,TM_NONE,0,WS_NONE,0,TA_SOUTHWEST,0,0,0,0,0
72780,40006,0,0,0,0,0,0,0,0,TS_NONE,0,0,0,0,0,0,0,TM_NONE,0,WS_NONE,0,TA_SOUTHWEST,0,0,0,0,0
72816,40042,0,0,0,0,0,0,0,0,TS_NONE,0,0,0,0,0,0,0,TM_NONE,0,WS_NONE,0,TA_SOUTHWEST,0,0,0,0,0
72852,40078,0,0,0,0,0,0,0,0,TS_NONE,0,0,0,0,0,0,0,TM_NONE,0,WS_NONE,0,TA_SOUTHWEST,0,0,0,0,0
72888,40114,0,0,0,0,0,0,0,0,TS_NONE,0,0,0,0,0,0,0,TM_NONE,0,WS_NONE,0,TA_SOUTHWEST,0,0,0,0,0
72924,40150,0,0,0,0,0,0,0,0,TS_NONE,0,0,0,0,0,0,0,TM_NONE,0,WS_NONE,0,TA_SOUTHWEST,0,0,0,0,0
72960,40186,0,0,0,0,0,0,0,0,TS_NONE,0,0,0,0,0,0,0,TM_NONE,0,WS_NONE,0,TA_SOUTHWEST,0,0,0,0,0
72996,40222,0,0,0,0,0,0,0,0,TS_NONE,0,0,0,0,0,0,0,TM_NONE,0,WS_NONE,0,TA_SOUTHWEST,0,0,0,0,0
73032,40258,0,0,0,0,0,0,0,0,TS_NONE,0,0,0,0,0,0,0,TM_NONE,0,WS_NONE,0,TA_SOUTHWEST,0,0,0,0,0
73068,40294,0,0,0,0,0,0,0,0,TS_NONE,0,0,0,0,0,0,0,TM_NONE,0,WS_NONE,0,TA_SOUTHWEST,0,0,0,0,0
73104,40330,0,0,0,0,0,0,0,0,TS_NONE,0,0,0,0,0,0,0,TM_NONE,0,WS_NONE,0,TA_SOUTHWEST,0,0,0,0,0
73140,40366,0,0,0,0,0,0,0,0,TS_NONE,0,0,0,0,0,0,0,TM_NONE,0,WS_NONE,0,TA_SOUTHWEST,0,0,0,0,0
73176,40402,0,0,0,0,0,0,0,0,TS_NONE,0,0,0,0,0,0,0,TM_NONE,0,WS_NONE,0,TA_SOUTHWEST,0,0,0,0,0
73212,40438,0,0,0,0,0,0,0,0,TS_NONE,0,0,0,0,0,0,0,TM_NONE,0,WS_NONE,0,TA_SOUTHWEST,0,0,0,0,0
73248,40474,0,0,0,0,0,0,0,0,TS_NONE,0,0,0,0,0,0,0,TM_NONE,0,WS_NONE,0,TA_SOUTHWEST,0,0,0,0,0
73284,40510,0,0,0,0,0,0,0,0,TS_NONE,0,0,0,0,0,0,0,TM_NONE,0,WS_NONE,0,TA_SOUTHWEST,0,0,0,0,0
73320,40546,0,0,0,0,0,0,0,0,TS_NONE,0,0,0,0,0,0,0,TM_NONE,0,WS_NONE,0,TA_SOUTHWEST,0,0,0,0,0
73356,40582,0,0,0,0,0,0,0,0,TS_NONE,0,0,0,0,0,0,0,TM_NONE,0,WS_NONE,0,TA_SOUTHWEST,0,0,0,0,0
73392,40618,0,0,0,0,0,0,0,0,TS_NONE,0,0,0,0,0,0,0,TM_NONE,0,WS_NONE,0,TA_SOUTHWEST,0,0,0,0,0
73428,40654,0,0,0,0,0,0,0,0,TS_NONE,0,0,0,0,0,0,0,TM_NONE,0,WS_NONE,0,TA_SOUTHWEST,0,0,0,0,0
73464,40690,0,0,0,0,0,0,0,0,TS_NONE,0,0,0,0,0,0,0,TM_NONE,0,WS_NONE,0,TA_SOUTHWEST,0,0,0,0,0
73500,40726,0,0,0,0,0,0,0,0,TS_NONE,0,0,0,0,0,0,0,TM_NONE,0,WS_NONE,0,TA_SOUTHWEST,0,0,0,0,0
73536,40762,0,0,0,0,0,0,0,0,TS_NONE,0,0,0,0,0,0,0,TM_NONE,0,WS_NONE,0,TA_SOUTHWEST,0,0,0,0,0
73572,40798,0,0,0,0,0,0,0,0,TS_NONE,0,0,0,0,0,0,0,TM_NONE,0,WS_NONE,0,TA_SOUTHWEST,0,0,0,0,0
73608,40834,0,0,0,0,0,0,0,0,TS_NONE,0,0,0,0,0,0,0,TM_NONE,0,WS_NONE,0,TA_SOUTHWEST,0,0,0,0,0
73644,40870,0,0,0,0,0,0,0,0,TS_NONE,0,0,0,0,0,0,0,TM_NONE,0,WS_NONE,0,TA_SOUTHWEST,0,0,0,0,0
73680,40906,0,0,0,0,0,0,0,0,TS_NONE,0,0,0,0,0,0,0,TM_NONE,0,WS_NONE,0,TA_SOUTHWEST,0,0,0,0,0
73716,40942,0,0,0,0,0,0,0,0,TS_NONE,0,0,0,0,0,0,0,TM_NONE,0,WS_NONE,0,TA_SOUTHWEST,0,0,0,0,0
73752,40978,0,0,0,0,0,0,0,0,TS_NONE,0,0,0,0,0,0,0,TM_NONE,0,WS_NONE,0,TA_SOUTHWEST,0,0,0,0,0
73788,41014,0,0,0,0,0,0,0,0,TS_NONE,0,0,0,0,0,0,0,TM_NONE,0,WS_NONE,0,TA_SOUTHWEST,0,0,0,0,0
73824,41050,0,0,0,0,0,0,0,0,TS_NONE,0,0,0,0,0,0,0,TM_NONE,0,WS_NONE,0,TA_SOUTHWEST,0,0,0,0,0
73860,41086,0,0,0,0,0,0,0,0,TS_NONE,0,0,0,0,0,0,0,TM_NONE,0,WS_NONE,0,TA_SOUTHWEST,0,0,0,0,0
73896,41122,0,0,0,0,0,0,0,0,TS_NONE,0,0,0,0,0,0,0,TM_NONE,0,WS_NONE,0,TA_SOUTHWEST,0,0,0,0,0
73932,41158,0,0,0,0,0,0,0,0,TS_NONE,0,0,0,0,0,0,0,TM_NONE,0,WS_NONE,0,TA_SOUTHWEST,0,0,0,0,0
73968,41194,0,0,0,0,0,0,0,0,TS_NONE,0,0,0,0,0,0,0,TM_NONE,0,WS_NONE,0,TA_SOUTHWEST,0,0,0,0,0
74004,41230,0,0,0,0,0,0,0,0,TS_NONE,0,0,0,0,0,0,0,TM_NONE,0,WS_NONE,0,TA_SOUTHWEST,0,0,0,0,0
74040,41266,0,0,0,0,0,0,0,0,TS_NONE,0,0,0,0,0,0,0,TM_NONE,0,WS_NONE,0,TA_SOUTHWEST,0,0,0,0,0
74076,41302,0,0,0,0,0,0,0,0,TS_NONE,0,0,0,0,0,0,0,TM_NONE,0,WS_NONE,0,TA_SOUTHWEST,0,0,0,0,0
74112,41338,0,0,0,0,0,0,0,0,TS_NONE,0,0,0,0,0,0,0,TM_NONE,0,WS_NONE,0,TA_SOUTHWEST,0,0,0,0,0
74148,41374,0,0,0,0,0,0,0,0,TS_NONE,0,0,0,0,0,0,0,TM_NONE,0,WS_NONE,0,TA_SOUTHWEST,0,0,0,0,0
74184,41410,0,0,0,0,0,0,0,0,TS_NONE,0,0,0,0,0,0,0,TM_NONE,0,WS_NONE,0,TA_SOUTHWEST,0,0,0,0,0
74220,41446,0,0,0,0,0,0,0,0,TS_NONE,0,0,0,0,0,0,0,TM_NONE,0,WS_NONE,0,TA_SOUTHWEST,0,0,0,0,0
74256,41482,0,0,0,0,0,0,0,0,TS_NONE,0,0,0,0,0,0,0,TM_NONE,0,WS_NONE,0,TA_SOUTHWEST,0,0,0,0,0
74292,41518,0,0,0,0,0,0,0,0,TS_NONE,0,0,0,0,0,0,0,TM_NONE,0,WS_NONE,0,TA_SOUTHWEST,0,0,0,0,0
74328,41554,0,0,0,0,0,0,0,0,TS_NONE,0,0,0,0,0,0,0,TM_NONE,0,WS_NONE,0,TA_SOUTHWEST,0,0,0,0,0
74364,41590,0,0,0,0,0,0,0,0,TS_NONE,0,0,0,0,0,0,0,TM_NONE,0,WS_NONE,0,TA_SOUTHWEST,0,0,0,0,0
74400,41626,0,0,0,0,0,0,0,0,TS_NONE,0,0,0,0,0,0,0,TM_NONE,0,WS_NONE,0,TA_SOUTHWEST,0,0,0,0,0
74436,41662,0,0,0,0,0,0,0,0,TS_NONE,0,0,0,0,0,0,0,TM_NONE,0,WS_NONE,0,TA_SOUTHWEST,0,0,0,0,0
74472,41698,0,0,0,0,0,0,0,0,TS_NONE,0,0,0,0,0,0,0,TM_NONE,0,WS_NONE,0,TA_SOUTHWEST,0,0,0,0,0
74508,41734,0,0,0,0,0,0,0,0,TS_NONE,0,0,0,0,0,0,0,TM_NONE,0,WS_NONE,0,TA_SOUTHWEST,0,0,0,0,0
74544,41770,0,0,0,0,0,0,0,0,TS_NONE,0,0,0,0,0,0,0,TM_NONE,0,WS_NONE,0,TA_SOUTHWEST,0,0,0,0,0
74580,41806,0,0,0,0,0,0,0,0,TS_NONE,0,0,0,0,0,0,0,TM_NONE,0,WS_NONE,0,TA_SOUTHWEST,0,0,0,0,0
74616,41842,0,0,0,0,0,0,0,0,TS_NONE,0,0,0,0,0,0,0,TM_NONE,0,WS_NONE,0,TA_SOUTHWEST,0,0,0,0,0
74652,41878,0,0,0,0,0,0,0,0,TS_NONE,0,0,0,0,0,0,0,TM_NONE,0,WS_NONE,0,TA_SOUTHWEST,0,0,0,0,0
74688,41914,0,0,0,0,0,0,0,0,TS_NONE,0,0,0,0,0,0,0,TM_NONE,0,WS_NONE,0,TA_SOUTHWEST,0,0,0,0,0
74724,41950,0,0,0,0,0,0,0,0,TS_NONE,0,0,0,0,0,0,0,TM_NONE,0,WS_NONE,0,TA_SOUTHWEST,0,0,0,0,0
74760,41986,0,0,0,0,0,0,0,0,TS_NONE,0,0,0,0,0,0,0,TM_NONE,0,WS_NONE,0,TA_SOUTHWEST,0,0,0,0,0
74796,42022,0,0,0,0,0,0,0,0,TS_NONE,0,0,0,0,0,0,0,TM_NONE,0,WS_NONE,0,TA_SOUTHWEST,0,0,0,0,0
74832,42058,0,0,0,0,0,0,0,0,TS_NONE,0,0,0,0,0,0,0,TM_NONE,0,WS_NONE,0,TA_SOUTHWEST,0,0,0,0,0
74868,42094,0,0,0,0,0,0,0,0,TS_NONE,0,0,0,0,0,0,0,TM_NONE,0,WS_NONE,0,TA_SOUTHWEST,0,0,0,0,0
74904,42130,0,0,0,0,0,0,0,0,TS_NONE,0,0,0,0,0,0,0,TM_NONE,0,WS_NONE,0,TA_SOUTHWEST,0,0,0,0,0
74940,42166,0,0,0,0,0,0,0,0,TS_NONE,0,0,0,0,0,0,0,TM_NONE,0,WS_NONE,0,TA_SOUTHWEST,0,0,0,0,0
74976,42202,0,0,0,0,0,0,0,0,TS_NONE,0,0,0,0,0,0,0,TM_NONE,0,WS_NONE,0,TA_SOUTHWEST,0,0,0,0,0
75012,42238,0,0,0,0,0,0,0,0,TS_NONE,0,0,0,0,0,0,0,TM_NONE,0,WS_NONE,0,TA_SOUTHWEST,0,0,0,0,0
75048,42274,0,0,0,0,0,0,0,0,TS_NONE,0,0,0,0,0,0,0,TM_NONE,0,WS_NONE,0,TA_SOUTHWEST,0,0,0,0,0
75084,42310,0,0,0,0,0,0,0,0,TS_NONE,0,0,0,0,0,0,0,TM_NONE,0,WS_NONE,0,TA_SOUTHWEST,0,0,0,0,0
75120,42346,0,0,0,0,0,0,0,0,TS_NONE,0,0,0,0,0,0,0,TM_NONE,0,WS_NONE,0,TA_SOUTHWEST,0,0,0,0,0
75156,42382,0,0,0,0,0,0,0,0,TS_NONE,0,0,0,0,0,0,0,TM_NONE,0,WS_NONE,0,TA_SOUTHWEST,0,0,0,0,0
75192,42418,0,0,0,0,0,0,0,0,TS_NONE,0,0,0,0,0,0,0,TM_NONE,0,WS_NONE,0,TA_SOUTHWEST,0,0,0,0,0
75228,42454,0,0,0,0,0,0,0,0,TS_NONE,0,0,0,0,0,0,0,TM_NONE,0,WS_NONE,0,TA_SOUTHWEST,0,0,0,0,0
75264,42490,0,0,0,0,0,0,0,0,TS_NONE,0,0,0,0,0,0,0,TM_NONE,0,WS_NONE,0,TA_SOUTHWEST,0,0,0,0,0
75300,42526,0,0,0,0,0,0,0,0,TS_NONE,0,0,0,0,0,0,0,TM_NONE,0,WS_NONE,0,TA_SOUTHWEST,0,0,0,0,0
75336,42562,0,0,0,0,0,0,0,0,TS_NONE,0,0,0,0,0,0,0,TM_NONE,0,WS_NONE,0,TA_SOUTHWEST,0,0,0,0,0
75372,42598,0,0,0,0,0,0,0,0,TS_NONE,0,0,0,0,0,0,0,TM_NONE,0,WS_NONE,0,TA_SOUTHWEST,0,0,0,0,0
75408,42634,0,0,0,0,0,0,0,0,TS_NONE,0,0,0,0,0,0,0,TM_NONE,0,WS_NONE,0,TA_SOUTHWEST,0,0,0,0,0
75444,42670,0,0,0,0,0,0,0,0,TS_NONE,0,0,0,0,0,0,0,TM_NONE,0,WS_NONE,0,TA_SOUTHWEST,0,0,0,0,0
75480,42706,0,0,0,0,0,0,0,0,TS_NONE,0,0,0,0,0,0,0,TM_NONE,0,WS_NONE,0,TA_SOUTHWEST,0,0,0,0,0
75516,42742,0,0,0,0,0,0,0,0,TS_NONE,0,0,0,0,0,0,0,TM_NONE,0,WS_NONE,0,TA_SOUTHWEST,0,0,0,0,0
75552,42778,0,0,0,0,0,0,0,0,TS_NONE,0,0,0,0,0,0,0,TM_NONE,0,WS_NONE,0,TA_SOUTHWEST,0,0,0,0,0
75588,42814,0,0,0,0,0,0,0,0,TS_NONE,0,0,0,0,0,0,0,TM_NONE,0,WS_NONE,0,TA_SOUTHWEST,0,0,0,0,0
75624,42850,0,0,0,0,0,0,0,0,TS_NONE,0,0,0,0,0,0,0,TM_NONE,0,WS_NONE,0,TA_SOUTHWEST,0,0,0,0,0
75660,42886,0,0,0,0,0,0,0,0,TS_NONE,0,0,0,0,0,0,0,TM_NONE,0,WS_NONE,0,TA_SOUTHWEST,0,0,0,0,0
75696,42922,0,0,0,0,0,0,0,0,TS_NONE,0,0,0,0,0,0,0,TM_NONE,0,WS_NONE,0,TA_SOUTHWEST,0,0,0,0,0
75732,42958,0,0,0,0,0,0,0,0,TS_NONE,0,0,0,0,0,0,0,TM_NONE,0,WS_NONE,0,TA_SOUTHWEST,0,0,0,0,0
75768,42994,0,0,0,0,0,0,0,0,TS_NONE,0,0,0,0,0,0,0,TM_NONE,0,WS_NONE,0,TA_SOUTHWEST,0,0,0,0,0
75804,43030,0,0,0,0,0,0,0,0,TS_NONE,0,0,0,0,0,0,0,TM_NONE,0,WS_NONE,0,TA_SOUTHWEST,0,0,0,0,0
75840,43066,0,0,0,0,0,0,0,0,TS_NONE,0,0,0,0,0,0,0,TM_NONE,0,WS_NONE,0,TA_SOUTHWEST,0,0,0,0,0
75876,43102,0,0,0,0,0,0,0,0,TS_NONE,0,0,0,0,0,0,0,TM_NONE,0,WS_NONE,0,TA_SOUTHWEST,0,0,0,0,0
75912,43138,0,0,0,0,0,0,0,0,TS_NONE,0,0,0,0,0,0,0,TM_NONE,0,WS_NONE,0,TA_SOUTHWEST,0,0,0,0,0
75948,43174,0,0,0,0,0,0,0,0,TS_NONE,0,0,0,0,0,0,0,TM_NONE,0,WS_NONE,0,TA_SOUTHWEST,0,0,0,0,0
75984,43210,0,0,0,0,0,0,0,0,TS_NONE,0,0,0,0,0,0,0,TM_NONE,0,WS_NONE,0,TA_SOUTHWEST,0,0,0,0,0
76020,43246,0,0,0,0,0,0,0,0,TS_NONE,0,0,0,0,0,0,0,TM_NONE,0,WS_NONE,0,TA_SOUTHWEST,0,0,0,0,0
76056,43282,0,0,0,0,0,0,0,0,TS_NONE,0,0,0,0,0,0,0,TM_NONE,0,WS_NONE,0,TA_SOUTHWEST,0,0,0,0,0
76092,43318,0,0,0,0,0,0,0,0,TS_NONE,0,0,0,0,0,0,0,TM_NONE,0,WS_NONE,0,TA_SOUTHWEST,0,0,0,0,0
76128,43354,0,0,0,0,0,0,0,0,TS_NONE,0,0,0,0,0,0,0,TM_NONE,0,WS_NONE,0,TA_SOUTHWEST,0,0,0,0,0
76164,43390,0,0,0,0,0,0,0,0,TS_NONE,0,0,0,0,0,0,0,TM_NONE,0,WS_NONE,0,TA_SOUTHWEST,0,0,0,0,0
76200,43426,0,0,0,0,0,0,0,0,TS_NONE,0,0,0,0,0,0,0,TM_NONE,0,WS_NONE,0,TA_SOUTHWEST,0,0,0,0,0
76236,43462,0,0,0,0,0,0,0,0,TS_NONE,0,0,0,0,0,0,0,TM_NONE,0,WS_NONE,0,TA_SOUTHWEST,0,0,0,0,0
76272,43498,0,0,0,0,0,0,0,0,TS_NONE,0,0,0,0,0,0,0,TM_NONE,0,WS_NONE,0,TA_SOUTHWEST,0,0,0,0,0
76308,43534,0,0,0,0,0,0,0,0,TS_NONE,0,0,0,0,0,0,0,TM_NONE,0,WS_NONE,0,TA_SOUTHWEST,0,0,0,0,0
76344,43570,0,0,0,0,0,0,0,0,TS_NONE,0,0,0,0,0,0,0,TM_NONE,0,WS_NONE,0,TA_SOUTHWEST,0,0,0,0,0
76380,43606,0,0,0,0,0,0,0,0,TS_NONE,0,0,0,0,0,0,0,TM_NONE,0,WS_NONE,0,TA_SOUTHWEST,0,0,0,0,0
76416,43642,0,0,0,0,0,0,0,0,TS_NONE,0,0,0,0,0,0,0,TM_NONE,0,WS_NONE,0,TA_SOUTHWEST,0,0,0,0,0
76452,43678,0,0,0,0,0,0,0,0,TS_NONE,0,0,0,0,0,0,0,TM_NONE,0,WS_NONE,0,TA_SOUTHWEST,0,0,0,0,0
76488,43714,0,0,0,0,0,0,0,0,TS_NONE,0,0,0,0,0,0,0,TM_NONE,0,WS_NONE,0,TA_SOUTHWEST,0,0,0,0,0
76524,43750,0,0,0,0,0,0,0,0,TS_NONE,0,0,0,0,0,0,0,TM_NONE,0,WS_NONE,0,TA_SOUTHWEST,0,0,0,0,0
76560,43786,0,0,0,0,0,0,0,0,TS_NONE,0,0,0,0,0,0,0,TM_NONE,0,WS_NONE,0,TA_SOUTHWEST,0,0,0,0,0
76596,43822,0,0,0,0,0,0,0,0,TS_NONE,0,0,0,0,0,0,0,TM_NONE,0,WS_NONE,0,TA_SOUTHWEST,0,0,0,0,0
76632,43858,0,0,0,0,0,0,0,0,TS_NONE,0,0,0,0,0,0,0,TM_NONE,0,WS_NONE,0,TA_SOUTHWEST,0,0,0,0,0
76668,43894,0,0,0,0,0,0,0,0,TS_NONE,0,0,0,0,0,0,0,TM_NONE,0,WS_NONE,0,TA_SOUTHWEST,0,0,0,0,0
76704,43930,0,0,0,0,0,0,0,0,TS_NONE,0,0,0,0,0,0,0,TM_NONE,0,WS_NONE,0,TA_SOUTHWEST,0,0,0,0,0
76740,43966,0,0,0,0,0,0,0,0,TS_NONE,0,0,0,0,0,0,0,TM_NONE,0,WS_NONE,0,TA_SOUTHWEST,0,0,0,0,0
76776,44002,0,0,0,0,0,0,0,0,TS_NONE,0,0,0,0,0,0,0,TM_NONE,0,WS_NONE,0,TA_SOUTHWEST,0,0,0,0,0
76812,44038,0,0,0,0,0,0,0,0,TS_NONE,0,0,0,0,0,0,0,TM_NONE,0,WS_NONE,0,TA_SOUTHWEST,0,0,0,0,0
76848,44074,0,0,0,0,0,0,0,0,TS_NONE,0,0,0,0,0,0,0,TM_NONE,0,WS_NONE,0,TA_SOUTHWEST,0,0,0,0,0
76884,44110,0,0,0,0,0,0,0,0,TS_NONE,0,0,0,0,0,0,0,TM_NONE,0,WS_NONE,0,TA_SOUTHWEST,0,0,0,0,0
76920,44146,0,0,0,0,0,0,0,0,TS_NONE,0,0,0,0,0,0,0,TM_NONE,0,WS_NONE,0,TA_SOUTHWEST,0,0,0,0,0
76956,44182,0,0,0,0,0,0,0,0,TS_NONE,0,0,0,0,0,0,0,TM_NONE,0,WS_NONE,0,TA_SOUTHWEST,0,0,0,0,0
76992,44218,0,0,0,0,0,0,0,0,TS_NONE,0,0,0,0,0,0,0,TM_NONE,0,WS_NONE,0,TA_SOUTHWEST,0,0,0,0,0
77028,44254,0,0,0,0,0,0,0,0,TS_NONE,0,0,0,0,0,0,0,TM_NONE,0,WS_NONE,0,TA_SOUTHWEST,0,0,0,0,0
77064,44290,0,0,0,0,0,0,0,0,TS_NONE,0,0,0,0,0,0,0,TM_NONE,0,WS_NONE,0,TA_SOUTHWEST,0,0,0,0,0
77100,44326,0,0,0,0,0,0,0,0,TS_NONE,0,0,0,0,0,0,0,TM_NONE,0,WS_NONE,0,TA_SOUTHWEST,0,0,0,0,0
77136,44362,0,0,0,0,0,0,0,0,TS_NONE,0,0,0,0,0,0,0,TM_NONE,0,WS_NONE,0,TA_SOUTHWEST,0,0,0,0,0
77172,44398,0,0,0,0,0,0,0,0,TS_NONE,0,0,0,0,0,0,0,TM_NONE,0,WS_NONE,0,TA_SOUTHWEST,0,0,0,0,0
77208,44434,0,0,0,0,0,0,0,0,TS_NONE,0,0,0,0,0,0,0,TM_NONE,0,WS_NONE,0,TA_SOUTHWEST,0,0,0,0,0
77244,44470,0,0,0,0,0,0,0,0,TS_NONE,0,0,0,0,0,0,0,TM_NONE,0,WS_NONE,0,TA_SOUTHWEST,0,0,0,0,0
77280,44506,0,0,0,0,0,0,0,0,TS_NONE,0,0,0,0,0,0,0,TM_NONE,0,WS_NONE,0,TA_SOUTHWEST,0,0,0,0,0
77316,44542,0,0,0,0,0,0,0,0,TS_NONE,0,0,0,0,0,0,0,TM_NONE,0,WS_NONE,0,TA_SOUTHWEST,0,0,0,0,0
77352,44578,0,0,0,0,0,0,0,0,TS_NONE,0,0,0,0,0,0,0,TM_NONE,0,WS_NONE,0,TA_SOUTHWEST,0,0,0,0,0
77388,44614,0,0,0,0,0,0,0,0,TS_NONE,0,0,0,0,0,0,0,TM_NONE,0,WS_NONE,0,TA_SOUTHWEST,0,0,0,0,0
77424,44650,0,0,0,0,0,0,0,0,TS_NONE,0,0,0,0,0,0,0,TM_NONE,0,WS_NONE,0,TA_SOUTHWEST,0,0,0,0,0
77460,44686,0,0,0,0,0,0,0,0,TS_NONE,0,0,0,0,0,0,0,TM_NONE,0,WS_NONE,0,TA_SOUTHWEST,0,0,0,0,0
77496,44722,0,0,0,0,0,0,0,0,TS_NONE,0,0,0,0,0,0,0,TM_NONE,0,WS_NONE,0,TA_SOUTHWEST,0,0,0,0,0
77532,44758,0,0,0,0,0,0,0,0,TS_NONE,0,0,0,0,0,0,0,TM_NONE,0,WS_NONE,0,TA_SOUTHWEST,0,0,0,0,0
77568,44794,0,0,0,0,0,0,0,0,TS_NONE,0,0,0,0,0,0,0,TM_NONE,0,WS_NONE,0,TA_SOUTHWEST,0,0,0,0,0
77604,44830,0,0,0,0,0,0,0,0,TS_NONE,0,0,0,0,0,0,0,TM_NONE,0,WS_NONE,0,TA_SOUTHWEST,0,0,0,0,0
77640,44866,0,0,0,0,0,0,0,0,TS_NONE,0,0,0,0,0,0,0,TM_NONE,0,WS_NONE,0,TA_SOUTHWEST,0,0,0,0,0
77676,44902,0,0,0,0,0,0,0,0,TS_NONE,0,0,0,0,0,0,0,TM_NONE,0,WS_NONE,0,TA_SOUTHWEST,0,0,0,0,0
77712,44938,0,0,0,0,0,0,0,0,TS_NONE,0,0,0,0,0,0,0,TM_NONE,0,WS_NONE,0,TA_SOUTHWEST,0,0,0,0,0
77748,44974,0,0,0,0,0,0,0,0,TS_NONE,0,0,0,0,0,0,0,TM_NONE,0,WS_NONE,0,TA_SOUTHWEST,0,0,0,0,0
77784,45010,0,0,0,0,0,0,0,0,TS_NONE,0,0,0,0,0,0,0,TM_NONE,0,WS_NONE,0,TA_SOUTHWEST,0,0,0,0,0
77820,45046,0,0,0,0,0,0,0,0,TS_NONE,0,0,0,0,0,0,0,TM_NONE,0,WS_NONE,0,TA_SOUTHWEST,0,0,0,0,0
77856,45082,0,0,0,0,0,0,0,0,TS_NONE,0,0,0,0,0,0,0,TM_NONE,0,WS_NONE,0,TA_SOUTHWEST,0,0,0,0,0
77892,45118,0,0,0,0,0,0,0,0,TS_NONE,0,0,0,0,0,0,0,TM_NONE,0,WS_NONE,0,TA_SOUTHWEST,0,0,0,0,0
77928,45154,0,0,0,0,0,0,0,0,TS_NONE,0,0,0,0,0,0,0,TM_NONE,0,WS_NONE,0,TA_SOUTHWEST,0,0,0,0,0
77964,45190,0,0,0,0,0,0,0,0,TS_NONE,0,0,0,0,0,0,0,TM_NONE,0,WS_NONE,0,TA_SOUTHWEST,0,0,0,0,0
78000,45226,0,0,0,0,0,0,0,0,TS_NONE,0,0,0,0,0,0,0,TM_NONE,0,WS_NONE,0,TA_SOUTHWEST,0,0,0,0,0
78036,45262,0,0,0,0,0,0,0,0,TS_NONE,0,0,0,0,0,0,0,TM_NONE,0,WS_NONE,0,TA_SOUTHWEST,0,0,0,0,0
78072,45298,0,0,0,0,0,0,0,0,TS_NONE,0,0,0,0,0,0,0,TM_NONE,0,WS_NONE,0,TA_SOUTHWEST,0,0,0,0,0
78108,45334,0,0,0,0,0,0,0,0,TS_NONE,0,0,0,0,0,0,0,TM_NONE,0,WS_NONE,0,TA_SOUTHWEST,0,0,0,0,0
78144,45370,0,0,0,0,0,0,0,0,TS_NONE,0,0,0,0,0,0,0,TM_NONE,0,WS_NONE,0,TA_SOUTHWEST,0,0,0,0,0
78180,45406,0,0,0,0,0,0,0,0,TS_NONE,0,0,0,0,0,0,0,TM_NONE,0,WS_NONE,0,TA_SOUTHWEST,0,0,0,0,0
78216,45442,0,0,0,0,0,0,0,0,TS_NONE,0,0,0,0,0,0,0,TM_NONE,0,WS_NONE,0,TA_SOUTHWEST,0,0,0,0,0
78252,45478,0,0,0,0,0,0,0,0,TS_NONE,0,0,0,0,0,0,0,TM_NONE,0,WS_NONE,0,TA_SOUTHWEST,0,0,0,0,0
78288,45514,0,0,0,0,0,0,0,0,TS_NONE,0,0,0,0,0,0,0,TM_NONE,0,WS_NONE,0,TA_SOUTHWEST,0,0,0,0,0
78324,45550,0,0,0,0,0,0,0,0,TS_NONE,0,0,0,0,0,0,0,TM_NONE,0,WS_NONE,0,TA_SOUTHWEST,0,0,0,0,0
78360,45586,0,0,0,0,0,0,0,0,TS_NONE,0,0,0,0,0,0,0,TM_NONE,0,WS_NONE,0,TA_SOUTHWEST,0,0,0,0,0
78396,45622,0,0,0,0,0,0,0,0,TS_NONE,0,0,0,0,0,0,0,TM_NONE,0,WS_NONE,0,TA_SOUTHWEST,0,0,0,0,0
78432,45658,0,0,0,0,0,0,0,0,TS_NONE,0,0,0,0,0,0,0,TM_NONE,0,WS_NONE,0,TA_SOUTHWEST,0,0,0,0,0
78468,45694,0,0,0,0,0,0,0,0,TS_NONE,0,0,0,0,0,0,0,TM_NONE,0,WS_NONE,0,TA_SOUTHWEST,0,0,0,0,0
78504,45730,0,0,0,0,0,0,0,0,TS_NONE,0,0,0,0,0,0,0,TM_NONE,0,WS_NONE,0,TA_SOUTHWEST,0,0,0,0,0
78540,45766,0,0,0,0,0,0,0,0,TS_NONE,0,0,0,0,0,0,0,TM_NONE,0,WS_NONE,0,TA_SOUTHWEST,0,0,0,0,0
78576,45802,0,0,0,0,0,0,0,0,TS_NONE,0,0,0,0,0,0,0,TM_NONE,0,WS_NONE,0,TA_SOUTHWEST,0,0,0,0,0
78612,45838,0,0,0,0,0,0,0,0,TS_NONE,0,0,0,0,0,0,0,TM_NONE,0,WS_NONE,0,TA_SOUTHWEST,0,0,0,0,0
78648,45874,0,0,0,0,0,0,0,0,TS_NONE,0,0,0,0,0,0,0,TM_NONE,0,WS_NONE,0,TA_SOUTHWEST,0,0,0,0,0
78684,45910,0,0,0,0,0,0,0,0,TS_NONE,0,0,0,0,0,0,0,TM_NONE,0,WS_NONE,0,TA_SOUTHWEST,0,0,0,0,0
78720,45946,0,0,0,0,0,0,0,0,TS_NONE,0,0,0,0,0,0,0,TM_NONE,0,WS_NONE,0,TA_SOUTHWEST,0,0,0,0,0
78756,45982,0,0,0,0,0,0,0,0,TS_NONE,0,0,0,0,0,0,0,TM_NONE,0,WS_NONE,0,TA_SOUTHWEST,0,0,0,0,0
78792,46018,0,0,0,0,0,0,0,0,TS_NONE,0,0,0,0,0,0,0,TM_NONE,0,WS_NONE,0,TA_SOUTHWEST,0,0,0,0,0
78828,46054,0,0,0,0,0,0,0,0,TS_NONE,0,0,0,0,0,0,0,TM_NONE,0,WS_NONE,0,TA_SOUTHWEST,0,0,0,0,0
78864,46090,0,0,0,0,0,0,0,0,TS_NONE,0,0,0,0,0,0,0,TM_NONE,0,WS_NONE,0,TA_SOUTHWEST,0,0,0,0,0
78900,46126,0,0,0,0,0,0,0,0,TS_NONE,0,0,0,0,0,0,0,TM_NONE,0,WS_NONE,0,TA_SOUTHWEST,0,0,0,0,0
78936,46162,0,0,0,0,0,0,0,0,TS_NONE,0,0,0,0,0,0,0,TM_NONE,0,WS_NONE,0,TA_SOUTHWEST,0,0,0,0,0
78972,46198,0,0,0,0,0,0,0,0,TS_NONE,0,0,0,0,0,0,0,TM_NONE,0,WS_NONE,0,TA_SOUTHWEST,0,0,0,0,0
79008,46234,0,0,0,0,0,0,0,0,TS_NONE,0,0,0,0,0,0,0,TM_NONE,0,WS_NONE,0,TA_SOUTHWEST,0,0,0,0,0
79044,46270,0,0,0,0,0,0,0,0,TS_NONE,0,0,0,0,0,0,0,TM_NONE,0,WS_NONE,0,TA_SOUTHWEST,0,0,0,0,0
79080,46306,0,0,0,0,0,0,0,0,TS_NONE,0,0,0,0,0,0,0,TM_NONE,0,WS_NONE,0,TA_SOUTHWEST,0,0,0,0,0
79116,46342,0,0,0,0,0,0,0,0,TS_NONE,0,0,0,0,0,0,0,TM_NONE,0,WS_NONE,0,TA_SOUTHWEST,0,0,0,0,0
79152,46378,0,0,0,0,0,0,0,0,TS_NONE,0,0,0,0,0,0,0,TM_NONE,0,WS_NONE,0,TA_SOUTHWEST,0,0,0,0,0
79188,46414,0,0,0,0,0,0,0,0,TS_NONE,0,0,0,0,0,0,0,TM_NONE,0,WS_NONE,0,TA_SOUTHWEST,0,0,0,0,0
79224,46450,0,0,0,0,0,0,0,0,TS_NONE,0,0,0,0,0,0,0,TM_NONE,0,WS_NONE,0,TA_SOUTHWEST,0,0,0,0,0
79260,46486,0,0,0,0,0,0,0,0,TS_NONE,0,0,0,0,0,0,0,TM_NONE,0,WS_NONE,0,TA_SOUTHWEST,0,0,0,0,0
79296,46522,0,0,0,0,0,0,0,0,TS_NONE,0,0,0,0,0,0,0,TM_NONE,0,WS_NONE,0,TA_SOUTHWEST,0,0,0,0,0
79332,46558,0,0,0,0,0,0,0,0,TS_NONE,0,0,0,0,0,0,0,TM_NONE,0,WS_NONE,0,TA_SOUTHWEST,0,0,0,0,0
79368,46594,0,0,0,0,0,0,0,0,TS_NONE,0,0,0,0,0,0,0,TM_NONE,0,WS_NONE,0,TA_SOUTHWEST,0,0,0,0,0
79404,46630,0,0,0,0,0,0,0,0,TS_NONE,0,0,0,0,0,0,0,TM_NONE,0,WS_NONE,0,TA_SOUTHWEST,0,0,0,0,0
79440,46666,0,0,0,0,0,0,0,0,TS_NONE,0,0,0,0,0,0,0,TM_NONE,0,WS_NONE,0,TA_SOUTHWEST,0,0,0,0,0
79476,46702,0,0,0,0,0,0,0,0,TS_NONE,0,0,0,0,0,0,0,TM_NONE,0,WS_NONE,0,TA_SOUTHWEST,0,0,0,0,0
79512,46738,0,0,0,0,0,0,0,0,TS_NONE,0,0,0,0,0,0,0,TM_NONE,0,WS_NONE,0,TA_SOUTHWEST,0,0,0,0,0
79548,46774,0,0,0,0,0,0,0,0,TS_NONE,0,0,0,0,0,0,0,TM_NONE,0,WS_NONE,0,TA_SOUTHWEST,0,0,0,0,0
79584,46810,0,0,0,0,0,0,0,0,TS_NONE,0,0,0,0,0,0,0,TM_NONE,0,WS_NONE,0,TA_SOUTHWEST,0,0,0,0,0
79620,46846,0,0,0,0,0,0,0,0,TS_NONE,0,0,0,0,0,0,0,TM_NONE,0,WS_NONE,0,TA_SOUTHWEST,0,0,0,0,0
79656,46882,0,0,0,0,0,0,0,0,TS_NONE,0,0,0,0,0,0,0,TM_NONE,0,WS_NONE,0,TA_SOUTHWEST,0,0,0,0,0
79692,46918,0,0,0,0,0,0,0,0,TS_NONE,0,0,0,0,0,0,0,TM_NONE,0,WS_NONE,0,TA_SOUTHWEST,0,0,0,0,0
79728,46954,0,0,0,0,0,0,0,0,TS_NONE,0,0,0,0,0,0,0,TM_NONE,0,WS_NONE,0,TA_SOUTHWEST,0,0,0,0,0
79764,46990,0,0,0,0,0,0,0,0,TS_NONE,0,0,0,0,0,0,0,TM_NONE,0,WS_NONE,0,TA_SOUTHWEST,0,0,0,0,0
79800,47026,0,0,0,0,0,0,0,0,TS_NONE,0,0,0,0,0,0,0,TM_NONE,0,WS_NONE,0,TA_SOUTHWEST,0,0,0,0,0
79836,47062,0,0,0,0,0,0,0,0,TS_NONE,0,0,0,0,0,0,0,TM_NONE,0,WS_NONE,0,TA_SOUTHWEST,0,0,0,0,0
79872,47098,0,0,0,0,0,0,0,0,TS_NONE,0,0,0,0,0,0,0,TM_NONE,0,WS_NONE,0,TA_SOUTHWEST,0,0,0,0,0
79908,47134,0,0,0,0,0,0,0,0,TS_NONE,0,0,0,0,0,0,0,TM_NONE,0,WS_NONE,0,TA_SOUTHWEST,0,0,0,0,0
79944,47170,0,0,0,0,0,0,0,0,TS_NONE,0,0,0,0,0,0,0,TM_NONE,0,WS_NONE,0,TA_SOUTHWEST,0,0,0,0,0
79980,47206,0,0,0,0,0,0,0,0,TS_NONE,0,0,0,0,0,0,0,TM_NONE,0,WS_NONE,0,TA_SOUTHWEST,0,0,0,0,0
80016,47242,0,0,0,0,0,0,0,0,TS_NONE,0,0,0,0,0,0,0,TM_NONE,0,WS_NONE,0,TA_SOUTHWEST,0,0,0,0,0
80052,47278,0,0,0,0,0,0,0,0,TS_NONE,0,0,0,0,0,0,0,TM_NONE,0,WS_NONE,0,TA_SOUTHWEST,0,0,0,0,0
80088,47314,0,0,0,0,0,0,0,0,TS_NONE,0,0,0,0,0,0,0,TM_NONE,0,WS_NONE,0,TA_SOUTHWEST,0,0,0,0,0
80124,47350,0,0,0,0,0,0,0,0,TS_NONE,0,0,0,0,0,0,0,TM_NONE,0,WS_NONE,0,TA_SOUTHWEST,0,0,0,0,0
80160,47386,0,0,0,0,0,0,0,0,TS_NONE,0,0,0,0,0,0,0,TM_NONE,0,WS_NONE,0,TA_SOUTHWEST,0,0,0,0,0
80196,47422,0,0,0,0,0,0,0,0,TS_NONE,0,0,0,0,0,0,0,TM_NONE,0,WS_NONE,0,TA_SOUTHWEST,0,0,0,0,0
80232,47458,0,0,0,0,0,0,0,0,TS_NONE,0,0,0,0,0,0,0,TM_NONE,0,WS_NONE,0,TA_SOUTHWEST,0,0,0,0,0
80268,47494,0,0,0,0,0,0,0,0,TS_NONE,0,0,0,0,0,0,0,TM_NONE,0,WS_NONE,0,TA_SOUTHWEST,0,0,0,0,0
80304,47530,0,0,0,0,0,0,0,0,TS_NONE,0,0,0,0,0,0,0,TM_NONE,0,WS_NONE,0,TA_SOUTHWEST,0,0,0,0,0
80340,47566,0,0,0,0,0,0,0,0,TS_NONE,0,0,0,0,0,0,0,TM_NONE,0,WS_NONE,0,TA_SOUTHWEST,0,0,0,0,0
80376,47602,0,0,0,0,0,0,0,0,TS_NONE,0,0,0,0,0,0,0,TM_NONE,0,WS_NONE,0,TA_SOUTHWEST,0,0,0,0,0
80412,47638,0,0,0,0,0,0,0,0,TS_NONE,0,0,0,0,0,0,0,TM_NONE,0,WS_NONE,0,TA_SOUTHWEST,0,0,0,0,0
80448,47674,0,0,0,0,0,0,0,0,TS_NONE,0,0,0,0,0,0,0,TM_NONE,0,WS_NONE,0,TA_SOUTHWEST,0,0,0,0,0
80484,47710,0,0,0,0,0,0,0,0,TS_NONE,0,0,0,0,0,0,0,TM_NONE,0,WS_NONE,0,TA_SOUTHWEST,0,0,0,0,0
80520,47746,0,0,0,0,0,0,0,0,TS_NONE,0,0,0,0,0,0,0,TM_NONE,0,WS_NONE,0,TA_SOUTHWEST,0,0,0,0,0
80556,47782,0,0,0,0,0,0,0,0,TS_NONE,0,0,0,0,0,0,0,TM_NONE,0,WS_NONE,0,TA_SOUTHWEST,0,0,0,0,0
80592,47818,0,0,0,0,0,0,0,0,TS_NONE,0,0,0,0,0,0,0,TM_NONE,0,WS_NONE,0,TA_SOUTHWEST,0,0,0,0,0
80628,47854,0,0,0,0,0,0,0,0,TS_NONE,0,0,0,0,0,0,0,TM_NONE,0,WS_NONE,0,TA_SOUTHWEST,0,0,0,0,0
80664,47890,0,0,0,0,0,0,0,0,TS_NONE,0,0,0,0,0,0,0,TM_NONE,0,WS_NONE,0,TA_SOUTHWEST,0,0,0,0,0
80700,47926,0,0,0,0,0,0,0,0,TS_NONE,0,0,0,0,0,0,0,TM_NONE,0,WS_NONE,0,TA_SOUTHWEST,0,0,0,0,0
80736,47962,0,0,0,0,0,0,0,0,TS_NONE,0,0,0,0,0,0,0,TM_NONE,0,WS_NONE,0,TA_SOUTHWEST,0,0,0,0,0
80772,47998,0,0,0,0,0,0,0,0,TS_NONE,0,0,0,0,0,0,0,TM_NONE,0,WS_NONE,0,TA_SOUTHWEST,0,0,0,0,0
80808,48034,0,0,0,0,0,0,0,0,TS_NONE,0,0,0,0,0,0,0,TM_NONE,0,WS_NONE,0,TA_SOUTHWEST,0,0,0,0,0
80844,48070,0,0,0,0,0,0,0,0,TS_NONE,0,0,0,0,0,0,0,TM_NONE,0,WS_NONE,0,TA_SOUTHWEST,0,0,0,0,0
80880,48106,0,0,0,0,0,0,0,0,TS_NONE,0,0,0,0,0,0,0,TM_NONE,0,WS_NONE,0,TA_SOUTHWEST,0,0,0,0,0
80916,48142,0,0,0,0,0,0,0,0,TS_NONE,0,0,0,0,0,0,0,TM_NONE,0,WS_NONE,0,TA_SOUTHWEST,0,0,0,0,0
80952,48178,0,0,0,0,0,0,0,0,TS_NONE,0,0,0,0,0,0,0,TM_NONE,0,WS_NONE,0,TA_SOUTHWEST,0,0,0,0,0
80988,48214,0,0,0,0,0,0,0,0,TS_NONE,0,0,0,0,0,0,0,TM_NONE,0,WS_NONE,0,TA_SOUTHWEST,0,0,0,0,0
81024,48250,0,0,0,0,0,0,0,0,TS_NONE,0,0,0,0,0,0,0,TM_NONE,0,WS_NONE,0,TA_SOUTHWEST,0,0,0,0,0
81060,48286,0,0,0,0,0,0,0,0,TS_NONE,0,0,0,0,0,0,0,TM_NONE,0,WS_NONE,0,TA_SOUTHWEST,0,0,0,0,0
81096,48322,0,0,0,0,0,0,0,0,TS_NONE,0,0,0,0,0,0,0,TM_NONE,0,WS_NONE,0,TA_SOUTHWEST,0,0,0,0,0
81132,48358,0,0,0,0,0,0,0,0,TS_NONE,0,0,0,0,0,0,0,TM_NONE,0,WS_NONE,0,TA_SOUTHWEST,0,0,0,0,0
81168,48394,0,0,0,0,0,0,0,0,TS_NONE,0,0,0,0,0,0,0,TM_NONE,0,WS_NONE,0,TA_SOUTHWEST,0,0,0,0,0
81204,48430,0,0,0,0,0,0,0,0,TS_NONE,0,0,0,0,0,0,0,TM_NONE,0,WS_NONE,0,TA_SOUTHWEST,0,0,0,0,0
81240,48466,0,0,0,0,0,0,0,0,TS_NONE,0,0,0,0,0,0,0,TM_NONE,0,WS_NONE,0,TA_SOUTHWEST,0,0,0,0,0
81276,48502,0,0,0,0,0,0,0,0,TS_NONE,0,0,0,0,0,0,0,TM_NONE,0,WS_NONE,0,TA_SOUTHWEST,0,0,0,0,0
81312,48538,0,0,0,0,0,0,0,0,TS_NONE,0,0,0,0,0,0,0,TM_NONE,0,WS_NONE,0,TA_SOUTHWEST,0,0,0,0,0
81348,48574,0,0,0,0,0,0,0,0,TS_NONE,0,0,0,0,0,0,0,TM_NONE,0,WS_NONE,0,TA_SOUTHWEST,0,0,0,0,0
81384,48610,0,0,0,0,0,0,0,0,TS_NONE,0,0,0,0,0,0,0,TM_NONE,0,WS_NONE,0,TA_SOUTHWEST,0,0,0,0,0
81420,48646,0,0,0,0,0,0,0,0,TS_NONE,0,0,0,0,0,0,0,TM_NONE,0,WS_NONE,0,TA_SOUTHWEST,0,0,0,0,0
81456,48682,0,0,0,0,0,0,0,0,TS_NONE,0,0,0,0,0,0,0,TM_NONE,0,WS_NONE,0,TA_SOUTHWEST,0,0,0,0,0
81492,48718,0,0,0,0,0,0,0,0,TS_NONE,0,0,0,0,0,0,0,TM_NONE,0,WS_NONE,0,TA_SOUTHWEST,0,0,0,0,0
81528,48754,0,0,0,0,0,0,0,0,TS_NONE,0,0,0,0,0,0,0,TM_NONE,0,WS_NONE,0,TA_SOUTHWEST,0,0,0,0,0
81564,48790,0,0,0,0,0,0,0,0,TS_NONE,0,0,0,0,0,0,0,TM_NONE,0,WS_NONE,0,TA_SOUTHWEST,0,0,0,0,0
81600,48826,0,0,0,0,0,0,0,0,TS_NONE,0,0,0,0,0,0,0,TM_NONE,0,WS_NONE,0,TA_SOUTHWEST,0,0,0,0,0
81636,48862,0,0,0,0,0,0,0,0,TS_NONE,0,0,0,0,0,0,0,TM_NONE,0,WS_NONE,0,TA_SOUTHWEST,0,0,0,0,0
81672,48898,0,0,0,0,0,0,0,0,TS_NONE,0,0,0,0,0,0,0,TM_NONE,0,WS_NONE,0,TA_SOUTHWEST,0,0,0,0,0
81708,48934,0,0,0,0,0,0,0,0,TS_NONE,0,0,0,0,0,0,0,TM_NONE,0,WS_NONE,0,TA_SOUTHWEST,0,0,0,0,0
81744,48970,0,0,0,0,0,0,0,0,TS_NONE,0,0,0,0,0,0,0,TM_NONE,0,WS_NONE,0,TA_SOUTHWEST,0,0,0,0,0
81780,49006,0,0,0,0,0,0,0,0,TS_NONE,0,0,0,0,0,0,0,TM_NONE,0,WS_NONE,0,TA_SOUTHWEST,0,0,0,0,0
81816,49042,0,0,0,0,0,0,0,0,TS_NONE,0,0,0,0,0,0,0,TM_NONE,0,WS_NONE,0,TA_SOUTHWEST,0,0,0,0,0
81852,49078,0,0,0,0,0,0,0,0,TS_NONE,0,0,0,0,0,0,0,TM_NONE,0,WS_NONE,0,TA_SOUTHWEST,0,0,0,0,0
81888,49114,0,0,0,0,0,0,0,0,TS_NONE,0,0,0,0,0,0,0,TM_NONE,0,WS_NONE,0,TA_SOUTHWEST,0,0,0,0,0
81924,49150,0,0,0,0,0,0,0,0,TS_NONE,0,0,0,0,0,0,0,TM_NONE,0,WS_NONE,0,TA_SOUTHWEST,0,0,0,0,0
81960,49186,0,0,0,0,0,0,0,0,TS_NONE,0,0,0,0,0,0,0,TM_NONE,0,WS_NONE,0,TA_SOUTHWEST,0,0,0,0,0
81996,49222,0,0,0,0,0,0,0,0,TS_NONE,0,0,0,0,0,0,0,TM_NONE,0,WS_NONE,0,TA_SOUTHWEST,0,0,0,0,0
82032,49258,0,0,0,0,0,0,0,0,TS_NONE,0,0,0,0,0,0,0,TM_NONE,0,WS_NONE,0,TA_SOUTHWEST,0,0,0,0,0
82068,49294,0,0,0,0,0,0,0,0,TS_NONE,0,0,0,0,0,0,0,TM_NONE,0,WS_NONE,0,TA_SOUTHWEST,0,0,0,0,0
82104,49330,0,0,0,0,0,0,0,0,TS_NONE,0,0,0,0,0,0,0,TM_NONE,0,WS_NONE,0,TA_SOUTHWEST,0,0,0,0,0
82140,49366,0,0,0,0,0,0,0,0,TS_NONE,0,0,0,0,0,0,0,TM_NONE,0,WS_NONE,0,TA_SOUTHWEST,0,0,0,0,0
82176,49402,0,0,0,0,0,0,0,0,TS_NONE,0,0,0,0,0,0,0,TM_NONE,0,WS_NONE,0,TA_SOUTHWEST,0,0,0,0,0
82212,49438,0,0,0,0,0,0,0,0,TS_NONE,0,0,0,0,0,0,0,TM_NONE,0,WS_NONE,0,TA_SOUTHWEST,0,0,0,0,0
82248,49474,0,0,0,0,0,0,0,0,TS_NONE,0,0,0,0,0,0,0,TM_NONE,0,WS_NONE,0,TA_SOUTHWEST,0,0,0,0,0
82284,49510,0,0,0,0,0,0,0,0,TS_NONE,0,0,0,0,0,0,0,TM_NONE,0,WS_NONE,0,TA_SOUTHWEST,0,0,0,0,0
82320,49546,0,0,0,0,0,0,0,0,TS_NONE,0,0,0,0,0,0,0,TM_NONE,0,WS_NONE,0,TA_SOUTHWEST,0,0,0,0,0
82356,49582,0,0,0,0,0,0,0,0,TS_NONE,0,0,0,0,0,0,0,TM_NONE,0,WS_NONE,0,TA_SOUTHWEST,0,0,0,0,0
82392,49618,0,0,0,0,0,0,0,0,TS_NONE,0,0,0,0,0,0,0,TM_NONE,0,WS_NONE,0,TA_SOUTHWEST,0,0,0,0,0
82428,49654,0,0,0,0,0,0,0,0,TS_NONE,0,0,0,0,0,0,0,TM_NONE,0,WS_NONE,0,TA_SOUTHWEST,0,0,0,0,0
82464,49690,0,0,0,0,0,0,0,0,TS_NONE,0,0,0,0,0,0,0,TM_NONE,0,WS_NONE,0,TA_SOUTHWEST,0,0,0,0,0
82500,49726,0,0,0,0,0,0,0,0,TS_NONE,0,0,0,0,0,0,0,TM_NONE,0,WS_NONE,0,TA_SOUTHWEST,0,0,0,0,0
82536,49762,0,0,0,0,0,0,0,0,TS_NONE,0,0,0,0,0,0,0,TM_NONE,0,WS_NONE,0,TA_SOUTHWEST,0,0,0,0,0
82572,49798,0,0,0,0,0,0,0,0,TS_NONE,0,0,0,0,0,0,0,TM_NONE,0,WS_NONE,0,TA_SOUTHWEST,0,0,0,0,0
82608,49834,0,0,0,0,0,0,0,0,TS_NONE,0,0,0,0,0,0,0,TM_NONE,0,WS_NONE,0,TA_SOUTHWEST,0,0,0,0,0
82644,49870,0,0,0,0,0,0,0,0,TS_NONE,0,0,0,0,0,0,0,TM_NONE,0,WS_NONE,0,TA_SOUTHWEST,0,0,0,0,0
82680,49906,0,0,0,0,0,0,0,0,TS_NONE,0,0,0,0,0,0,0,TM_NONE,0,WS_NONE,0,TA_SOUTHWEST,0,0,0,0,0
82716,49942,0,0,0,0,0,0,0,0,TS_NONE,0,0,0,0,0,0,0,TM_NONE,0,WS_NONE,0,TA_SOUTHWEST,0,0,0,0,0
82752,49978,0,0,0,0,0,0,0,0,TS_NONE,0,0,0,0,0,0,0,TM_NONE,0,WS_NONE,0,TA_SOUTHWEST,0,0,0,0,0
82788,50014,0,0,0,0,0,0,0,0,TS_NONE,0,0,0,0,0,0,0,TM_NONE,0,WS_NONE,0,TA_SOUTHWEST,0,0,0,0,0
82824,50050,0,0,0,0,0,0,0,0,TS_NONE,0,0,0,0,0,0,0,TM_NONE,0,WS_NONE,0,TA_SOUTHWEST,0,0,0,0,0
82860,50086,0,0,0,0,0,0,0,0,TS_NONE,0,0,0,0,0,0,0,TM_NONE,0,WS_NONE,0,TA_SOUTHWEST,0,0,0,0,0
82896,50122,0,0,0,0,0,0,0,0,TS_NONE,0,0,0,0,0,0,0,TM_NONE,0,WS_NONE,0,TA_SOUTHWEST,0,0,0,0,0
82932,50158,0,0,0,0,0,0,0,0,TS_NONE,0,0,0,0,0,0,0,TM_NONE,0,WS_NONE,0,TA_SOUTHWEST,0,0,0,0,0
82968,50194,0,0,0,0,0,0,0,0,TS_NONE,0,0,0,0,0,0,0,TM_NONE,0,WS_NONE,0,TA_SOUTHWEST,0,0,0,0,0
83004,50230,0,0,0,0,0,0,0,0,TS_NONE,0,0,0,0,0,0,0,TM_NONE,0,WS_NONE,0,TA_SOUTHWEST,0,0,0,0,0
83040,50266,0,0,0,0,0,0,0,0,TS_NONE,0,0,0,0,0,0,0,TM_NONE,0,WS_NONE,0,TA_SOUTHWEST,0,0,0,0,0
83076,50302,0,0,0,0,0,0,0,0,TS_NONE,0,0,0,0,0,0,0,TM_NONE,0,WS_NONE,0,TA_SOUTHWEST,0,0,0,0,0
83112,50338,0,0,0,0,0,0,0,0,TS_NONE,0,0,0,0,0,0,0,TM_NONE,0,WS_NONE,0,TA_SOUTHWEST,0,0,0,0,0
83148,50374,0,0,0,0,0,0,0,0,TS_NONE,0,0,0,0,0,0,0,TM_NONE,0,WS_NONE,0,TA_SOUTHWEST,0,0,0,0,0
83184,50410,0,0,0,0,0,0,0,0,TS_NONE,0,0,0,0,0,0,0,TM_NONE,0,WS_NONE,0,TA_SOUTHWEST,0,0,0,0,0
83220,50446,0,0,0,0,0,0,0,0,TS_NONE,0,0,0,0,0,0,0,TM_NONE,0,WS_NONE,0,TA_SOUTHWEST,0,0,0,0,0
83256,50482,0,0,0,0,0,0,0,0,TS_NONE,0,0,0,0,0,0,0,TM_NONE,0,WS_NONE,0,TA_SOUTHWEST,0,0,0,0,0
83292,50518,0,0,0,0,0,0,0,0,TS_NONE,0,0,0,0,0,0,0,TM_NONE,0,WS_NONE,0,TA_SOUTHWEST,0,0,0,0,0
83328,50554,0,0,0,0,0,0,0,0,TS_NONE,0,0,0,0,0,0,0,TM_NONE,0,WS_NONE,0,TA_SOUTHWEST,0,0,0,0,0
83364,50590,0,0,0,0,0,0,0,0,TS_NONE,0,0,0,0,0,0,0,TM_NONE,0,WS_NONE,0,TA_SOUTHWEST,0,0,0,0,0
83400,50626,0,0,0,0,0,0,0,0,TS_NONE,0,0,0,0,0,0,0,TM_NONE,0,WS_NONE,0,TA_SOUTHWEST,0,0,0,0,0
83436,50662,0,0,0,0,0,0,0,0,TS_NONE,0,0,0,0,0,0,0,TM_NONE,0,WS_NONE,0,TA_SOUTHWEST,0,0,0,0,0
83472,50698,0,0,0,0,0,0,0,0,TS_NONE,0,0,0,0,0,0,0,TM_NONE,0,WS_NONE,0,TA_SOUTHWEST,0,0,0,0,0
83508,50734,0,0,0,0,0,0,0,0,TS_NONE,0,0,0,0,0,0,0,TM_NONE,0,WS_NONE,0,TA_SOUTHWEST,0,0,0,0,0
83544,50770,0,0,0,0,0,0,0,0,TS_NONE,0,0,0,0,0,0,0,TM_NONE,0,WS_NONE,0,TA_SOUTHWEST,0,0,0,0,0
83580,50806,0,0,0,0,0,0,0,0,TS_NONE,0,0,0,0,0,0,0,TM_NONE,0,WS_NONE,0,TA_SOUTHWEST,0,0,0,0,0
83616,50842,0,0,0,0,0,0,0,0,TS_NONE,0,0,0,0,0,0,0,TM_NONE,0,WS_NONE,0,TA_SOUTHWEST,0,0,0,0,0
83652,50878,0,0,0,0,0,0,0,0,TS_NONE,0,0,0,0,0,0,0,TM_NONE,0,WS_NONE,0,TA_SOUTHWEST,0,0,0,0,0
83688,50914,0,0,0,0,0,0,0,0,TS_NONE,0,0,0,0,0,0,0,TM_NONE,0,WS_NONE,0,TA_SOUTHWEST,0,0,0,0,0
83724,50950,0,0,0,0,0,0,0,0,TS_NONE,0,0,0,0,0,0,0,TM_NONE,0,WS_NONE,0,TA_SOUTHWEST,0,0,0,0,0
83760,50986,0,0,0,0,0,0,0,0,TS_NONE,0,0,0,0,0,0,0,TM_NONE,0,WS_NONE,0,TA_SOUTHWEST,0,0,0,0,0
83796,51022,0,0,0,0,0,0,0,0,TS_NONE,0,0,0,0,0,0,0,TM_NONE,0,WS_NONE,0,TA_SOUTHWEST,0,0,0,0,0
83832,51058,0,0,0,0,0,0,0,0,TS_NONE,0,0,0,0,0,0,0,TM_NONE,0,WS_NONE,0,TA_SOUTHWEST,0,0,0,0,0
83868,51094,0,0,0,0,0,0,0,0,TS_NONE,0,0,0,0,0,0,0,TM_NONE,0,WS_NONE,0,TA_SOUTHWEST,0,0,0,0,0
83904,51130,0,0,0,0,0,0,0,0,TS_NONE,0,0,0,0,0,0,0,TM_NONE,0,WS_NONE,0,TA_SOUTHWEST,0,0,0,0,0
83940,51166,0,0,0,0,0,0,0,0,TS_NONE,0,0,0,0,0,0,0,TM_NONE,0,WS_NONE,0,TA_SOUTHWEST,0,0,0,0,0
83976,51202,0,0,0,0,0,0,0,0,TS_NONE,0,0,0,0,0,0,0,TM_NONE,0,WS_NONE,0,TA_SOUTHWEST,0,0,0,0,0
84012,51238,0,0,0,0,0,0,0,0,TS_NONE,0,0,0,0,0,0,0,TM_NONE,0,WS_NONE,0,TA_SOUTHWEST,0,0,0,0,0
84048,51274,0,0,0,0,0,0,0,0,TS_NONE,0,0,0,0,0,0,0,TM_NONE,0,WS_NONE,0,TA_SOUTHWEST,0,0,0,0,0
84084,51310,0,0,0,0,0,0,0,0,TS_NONE,0,0,0,0,0,0,0,TM_NONE,0,WS_NONE,0,TA_SOUTHWEST,0,0,0,0,0
84120,51346,0,0,0,0,0,0,0,0,TS_NONE,0,0,0,0,0,0,0,TM_NONE,0,WS_NONE,0,TA_SOUTHWEST,0,0,0,0,0
84156,51382,0,0,0,0,0,0,0,0,TS_NONE,0,0,0,0,0,0,0,TM_NONE,0,WS_NONE,0,TA_SOUTHWEST,0,0,0,0,0
84192,51418,0,0,0,0,0,0,0,0,TS_NONE,0,0,0,0,0,0,0,TM_NONE,0,WS_NONE,0,TA_SOUTHWEST,0,0,0,0,0
84228,51454,0,0,0,0,0,0,0,0,TS_NONE,0,0,0,0,0,0,0,TM_NONE,0,WS_NONE,0,TA_SOUTHWEST,0,0,0,0,0
84264,51490,0,0,0,0,0,0,0,0,TS_NONE,0,0,0,0,0,0,0,TM_NONE,0,WS_NONE,0,TA_SOUTHWEST,0,0,0,0,0
84300,51526,0,0,0,0,0,0,0,0,TS_NONE,0,0,0,0,0,0,0,TM_NONE,0,WS_NONE,0,TA_SOUTHWEST,0,0,0,0,0
84336,51562,0,0,0,0,0,0,0,0,TS_NONE,0,0,0,0,0,0,0,TM_NONE,0,WS_NONE,0,TA_SOUTHWEST,0,0,0,0,0
84372,51598,0,0,0,0,0,0,0,0,TS_NONE,0,0,0,0,0,0,0,TM_NONE,0,WS_NONE,0,TA_SOUTHWEST,0,0,0,0,0
84408,51634,0,0,0,0,0,0,0,0,TS_NONE,0,0,0,0,0,0,0,TM_NONE,0,WS_NONE,0,TA_SOUTHWEST,0,0,0,0,0
84444,51670,0,0,0,0,0,0,0,0,TS_NONE,0,0,0,0,0,0,0,TM_NONE,0,WS_NONE,0,TA_SOUTHWEST,0,0,0,0,0
84480,51706,0,0,0,0,0,0,0,0,TS_NONE,0,0,0,0,0,0,0,TM_NONE,0,WS_NONE,0,TA_SOUTHWEST,0,0,0,0,0
84516,51742,0,0,0,0,0,0,0,0,TS_NONE,0,0,0,0,0,0,0,TM_NONE,0,WS_NONE,0,TA_SOUTHWEST,0,0,0,0,0
84552,51778,0,0,0,0,0,0,0,0,TS_NONE,0,0,0,0,0,0,0,TM_NONE,0,WS_NONE,0,TA_SOUTHWEST,0,0,0,0,0
84588,51814,0,0,0,0,0,0,0,0,TS_NONE,0,0,0,0,0,0,0,TM_NONE,0,WS_NONE,0,TA_SOUTHWEST,0,0,0,0,0
84624,51850,0,0,0,0,0,0,0,0,TS_NONE,0,0,0,0,0,0,0,TM_NONE,0,WS_NONE,0,TA_SOUTHWEST,0,0,0,0,0
84660,51886,0,0,0,0,0,0,0,0,TS_NONE,0,0,0,0,0,0,0,TM_NONE,0,WS_NONE,0,TA_SOUTHWEST,0,0,0,0,0
84696,51922,0,0,0,0,0,0,0,0,TS_NONE,0,0,0,0,0,0,0,TM_NONE,0,WS_NONE,0,TA_SOUTHWEST,0,0,0,0,0
84732,51958,0,0,0,0,0,0,0,0,TS_NONE,0,0,0,0,0,0,0,TM_NONE,0,WS_NONE,0,TA_SOUTHWEST,0,0,0,0,0
84768,51994,0,0,0,0,0,0,0,0,TS_NONE,0,0,0,0,0,0,0,TM_NONE,0,WS_NONE,0,TA_SOUTHWEST,0,0,0,0,0
84804,52030,0,0,0,0,0,0,0,0,TS_NONE,0,0,0,0,0,0,0,TM_NONE,0,WS_NONE,0,TA_SOUTHWEST,0,0,0,0,0
84840,52066,0,0,0,0,0,0,0,0,TS_NONE,0,0,0,0,0,0,0,TM_NONE,0,WS_NONE,0,TA_SOUTHWEST,0,0,0,0,0
84876,52102,0,0,0,0,0,0,0,0,TS_NONE,0,0,0,0,0,0,0,TM_NONE,0,WS_NONE,0,TA_SOUTHWEST,0,0,0,0,0
84912,52138,0,0,0,0,0,0,0,0,TS_NONE,0,0,0,0,0,0,0,TM_NONE,0,WS_NONE,0,TA_SOUTHWEST,0,0,0,0,0
84948,52174,0,0,0,0,0,0,0,0,TS_NONE,0,0,0,0,0,0,0,TM_NONE,0,WS_NONE,0,TA_SOUTHWEST,0,0,0,0,0
84984,52210,0,0,0,0,0,0,0,0,TS_NONE,0,0,0,0,0,0,0,TM_NONE,0,WS_NONE,0,TA_SOUTHWEST,0,0,0,0,0
85020,52246,0,0,0,0,0,0,0,0,TS_NONE,0,0,0,0,0,0,0,TM_NONE,0,WS_NONE,0,TA_SOUTHWEST,0,0,0,0,0
85056,52282,0,0,0,0,0,0,0,0,TS_NONE,0,0,0,0,0,0,0,TM_NONE,0,WS_NONE,0,TA_SOUTHWEST,0,0,0,0,0
85092,52318,0,0,0,0,0,0,0,0,TS_NONE,0,0,0,0,0,0,0,TM_NONE,0,WS_NONE,0,TA_SOUTHWEST,0,0,0,0,0
85128,52354,0,0,0,0,0,0,0,0,TS_NONE,0,0,0,0,0,0,0,TM_NONE,0,WS_NONE,0,TA_SOUTHWEST,0,0,0,0,0
85164,52390,0,0,0,0,0,0,0,0,TS_NONE,0,0,0,0,0,0,0,TM_NONE,0,WS_NONE,0,TA_SOUTHWEST,0,0,0,0,0
85200,52426,0,0,0,0,0,0,0,0,TS_NONE,0,0,0,0,0,0,0,TM_NONE,0,WS_NONE,0,TA_SOUTHWEST,0,0,0,0,0
85236,52462,0,0,0,0,0,0,0,0,TS_NONE,0,0,0,0,0,0,0,TM_NONE,0,WS_NONE,0,TA_SOUTHWEST,0,0,0,0,0
85272,52498,0,0,0,0,0,0,0,0,TS_NONE,0,0,0,0,0,0,0,TM_NONE,0,WS_NONE,0,TA_SOUTHWEST,0,0,0,0,0
85308,52534,0,0,0,0,0,0,0,0,TS_NONE,0,0,0,0,0,0,0,TM_NONE,0,WS_NONE,0,TA_SOUTHWEST,0,0,0,0,0
85344,52570,0,0,0,0,0,0,0,0,TS_NONE,0,0,0,0,0,0,0,TM_NONE,0,WS_NONE,0,TA_SOUTHWEST,0,0,0,0,0
85380,52606,0,0,0,0,0,0,0,0,TS_NONE,0,0,0,0,0,0,0,TM_NONE,0,WS_NONE,0,TA_SOUTHWEST,0,0,0,0,0
85416,52642,0,0,0,0,0,0,0,0,TS_NONE,0,0,0,0,0,0,0,TM_NONE,0,WS_NONE,0,TA_SOUTHWEST,0,0,0,0,0
85452,52678,0,0,0,0,0,0,0,0,TS_NONE,0,0,0,0,0,0,0,TM_NONE,0,WS_NONE,0,TA_SOUTHWEST,0,0,0,0,0
85488,52714,0,0,0,0,0,0,0,0,TS_NONE,0,0,0,0,0,0,0,TM_NONE,0,WS_NONE,0,TA_SOUTHWEST,0,0,0,0,0
85524,52750,0,0,0,0,0,0,0,0,TS_NONE,0,0,0,0,0,0,0,TM_NONE,0,WS_NONE,0,TA_SOUTHWEST,0,0,0,0,0
85560,52786,0,0,0,0,0,0,0,0,TS_NONE,0,0,0,0,0,0,0,TM_NONE,0,WS_NONE,0,TA_SOUTHWEST,0,0,0,0,0
85596,52822,0,0,0,0,0,0,0,0,TS_NONE,0,0,0,0,0,0,0,TM_NONE,0,WS_NONE,0,TA_SOUTHWEST,0,0,0,0,0
85632,52858,0,0,0,0,0,0,0,0,TS_NONE,0,0,0,0,0,0,0,TM_NONE,0,WS_NONE,0,TA_SOUTHWEST,0,0,0,0,0
85668,52894,0,0,0,0,0,0,0,0,TS_NONE,0,0,0,0,0,0,0,TM_NONE,0,WS_NONE,0,TA_SOUTHWEST,0,0,0,0,0
85704,52930,0,0,0,0,0,0,0,0,TS_NONE,0,0,0,0,0,0,0,TM_NONE,0,WS_NONE,0,TA_SOUTHWEST,0,0,0,0,0
85740,52966,0,0,0,0,0,0,0,0,TS_NONE,0,0,0,0,0,0,0,TM_NONE,0,WS_NONE,0,TA_SOUTHWEST,0,0,0,0,0
85776,53002,0,0,0,0,0,0,0,0,TS_NONE,0,0,0,0,0,0,0,TM_NONE,0,WS_NONE,0,TA_SOUTHWEST,0,0,0,0,0
85812,53038,0,0,0,0,0,0,0,0,TS_NONE,0,0,0,0,0,0,0,TM_NONE,0,WS_NONE,0,TA_SOUTHWEST,0,0,0,0,0
85848,53074,0,0,0,0,0,0,0,0,TS_NONE,0,0,0,0,0,0,0,TM_NONE,0,WS_NONE,0,TA_SOUTHWEST,0,0,0,0,0
85884,53110,0,0,0,0,0,0,0,0,TS_NONE,0,0,0,0,0,0,0,TM_NONE,0,WS_NONE,0,TA_SOUTHWEST,0,0,0,0,0
85920,53146,0,0,0,0,0,0,0,0,TS_NONE,0,0,0,0,0,0,0,TM_NONE,0,WS_NONE,0,TA_SOUTHWEST,0,0,0,0,0
85956,53182,0,0,0,0,0,0,0,0,TS_NONE,0,0,0,0,0,0,0,TM_NONE,0,WS_NONE,0,TA_SOUTHWEST,0,0,0,0,0
85992,53218,0,0,0,0,0,0,0,0,TS_NONE,0,0,0,0,0,0,0,TM_NONE,0,WS_NONE,0,TA_SOUTHWEST,0,0,0,0,0
86028,53254,0,0,0,0,0,0,0,0,TS_NONE,0,0,0,0,0,0,0,TM_NONE,0,WS_NONE,0,TA_SOUTHWEST,0,0,0,0,0
86064,53290,0,0,0,0,0,0,0,0,TS_NONE,0,0,0,0,0,0,0,TM_NONE,0,WS_NONE,0,TA_SOUTHWEST,0,0,0,0,0
86100,53326,0,0,0,0,0,0,0,0,TS_NONE,0,0,0,0,0,0,0,TM_NONE,0,WS_NONE,0,TA_SOUTHWEST,0,0,0,0,0
86136,53362,0,0,0,0,0,0,0,0,TS_NONE,0,0,0,0,0,0,0,TM_NONE,0,WS_NONE,0,TA_SOUTHWEST,0,0,0,0,0
86172,53398,0,0,0,0,0,0,0,0,TS_NONE,0,0,0,0,0,0,0,TM_NONE,0,WS_NONE,0,TA_SOUTHWEST,0,0,0,0,0
86208,53434,0,0,0,0,0,0,0,0,TS_NONE,0,0,0,0,0,0,0,TM_NONE,0,WS_NONE,0,TA_SOUTHWEST,0,0,0,0,0
86244,53470,0,0,0,0,0,0,0,0,TS_NONE,0,0,0,0,0,0,0,TM_NONE,0,WS_NONE,0,TA_SOUTHWEST,0,0,0,0,0
86280,53506,0,0,0,0,0,0,0,0,TS_NONE,0,0,0,0,0,0,0,TM_NONE,0,WS_NONE,0,TA_SOUTHWEST,0,0,0,0,0
86316,53542,0,0,0,0,0,0,0,0,TS_NONE,0,0,0,0,0,0,0,TM_NONE,0,WS_NONE,0,TA_SOUTHWEST,0,0,0,0,0
86352,53578,0,0,0,0,0,0,0,0,TS_NONE,0,0,0,0,0,0,0,TM_NONE,0,WS_NONE,0,TA_SOUTHWEST,0,0,0,0,0
86388,53614,0,0,0,0,0,0,0,0,TS_NONE,0,0,0,0,0,0,0,TM_NONE,0,WS_NONE,0,TA_SOUTHWEST,0,0,0,0,0
86424,53650,0,0,0,0,0,0,0,0,TS_NONE,0,0,0,0,0,0,0,TM_NONE,0,WS_NONE,0,TA_SOUTHWEST,0,0,0,0,0
86460,53686,0,0,0,0,0,0,0,0,TS_NONE,0,0,0,0,0,0,0,TM_NONE,0,WS_NONE,0,TA_SOUTHWEST,0,0,0,0,0
86496,53722,0,0,0,0,0,0,0,0,TS_NONE,0,0,0,0,0,0,0,TM_NONE,0,WS_NONE,0,TA_SOUTHWEST,0,0,0,0,0
86532,53758,0,0,0,0,0,0,0,0,TS_NONE,0,0,0,0,0,0,0,TM_NONE,0,WS_NONE,0,TA_SOUTHWEST,0,0,0,0,0
86568,53794,0,0,0,0,0,0,0,0,TS_NONE,0,0,0,0,0,0,0,TM_NONE,0,WS_NONE,0,TA_SOUTHWEST,0,0,0,0,0
86604,53830,0,0,0,0,0,0,0,0,TS_NONE,0,0,0,0,0,0,0,TM_NONE,0,WS_NONE,0,TA_SOUTHWEST,0,0,0,0,0
86640,53866,0,0,0,0,0,0,0,0,TS_NONE,0,0,0,0,0,0,0,TM_NONE,0,WS_NONE,0,TA_SOUTHWEST,0,0,0,0,0
86676,53902,0,0,0,0,0,0,0,0,TS_NONE,0,0,0,0,0,0,0,TM_NONE,0,WS_NONE,0,TA_SOUTHWEST,0,0,0,0,0
86712,53938,0,0,0,0,0,0,0,0,TS_NONE,0,0,0,0,0,0,0,TM_NONE,0,WS_NONE,0,TA_SOUTHWEST,0,0,0,0,0
86748,53974,0,0,0,0,0,0,0,0,TS_NONE,0,0,0,0,0,0,0,TM_NONE,0,WS_NONE,0,TA_SOUTHWEST,0,0,0,0,0
86784,54010,0,0,0,0,0,0,0,0,TS_NONE,0,0,0,0,0,0,0,TM_NONE,0,WS_NONE,0,TA_SOUTHWEST,0,0,0,0,0
86820,54046,0,0,0,0,0,0,0,0,TS_NONE,0,0,0,0,0,0,0,TM_NONE,0,WS_NONE,0,TA_SOUTHWEST,0,0,0,0,0
86856,54082,0,0,0,0,0,0,0,0,TS_NONE,0,0,0,0,0,0,0,TM_NONE,0,WS_NONE,0,TA_SOUTHWEST,0,0,0,0,0
86892,54118,0,0,0,0,0,0,0,0,TS_NONE,0,0,0,0,0,0,0,TM_NONE,0,WS_NONE,0,TA_SOUTHWEST,0,0,0,0,0
86928,54154,0,0,0,0,0,0,0,0,TS_NONE,0,0,0,0,0,0,0,TM_NONE,0,WS_NONE,0,TA_SOUTHWEST,0,0,0,0,0
86964,54190,0,0,0,0,0,0,0,0,TS_NONE,0,0,0,0,0,0,0,TM_NONE,0,WS_NONE,0,TA_SOUTHWEST,0,0,0,0,0
87000,54226,0,0,0,0,0,0,0,0,TS_NONE,0,0,0,0,0,0,0,TM_NONE,0,WS_NONE,0,TA_SOUTHWEST,0,0,0,0,0
87036,54262,0,0,0,0,0,0,0,0,TS_NONE,0,0,0,0,0,0,0,TM_NONE,0,WS_NONE,0,TA_SOUTHWEST,0,0,0,0,0
87072,54298,0,0,0,0,0,0,0,0,TS_NONE,0,0,0,0,0,0,0,TM_NONE,0,WS_NONE,0,TA_SOUTHWEST,0,0,0,0,0
87108,54334,0,0,0,0,0,0,0,0,TS_NONE,0,0,0,0,0,0,0,TM_NONE,0,WS_NONE,0,TA_SOUTHWEST,0,0,0,0,0
87144,54370,0,0,0,0,0,0,0,0,TS_NONE,0,0,0,0,0,0,0,TM_NONE,0,WS_NONE,0,TA_SOUTHWEST,0,0,0,0,0
87180,54406,0,0,0,0,0,0,0,0,TS_NONE,0,0,0,0,0,0,0,TM_NONE,0,WS_NONE,0,TA_SOUTHWEST,0,0,0,0,0
87216,54442,0,0,0,0,0,0,0,0,TS_NONE,0,0,0,0,0,0,0,TM_NONE,0,WS_NONE,0,TA_SOUTHWEST,0,0,0,0,0
87252,54478,0,0,0,0,0,0,0,0,TS_NONE,0,0,0,0,0,0,0,TM_NONE,0,WS_NONE,0,TA_SOUTHWEST,0,0,0,0,0
87288,54514,0,0,0,0,0,0,0,0,TS_NONE,0,0,0,0,0,0,0,TM_NONE,0,WS_NONE,0,TA_SOUTHWEST,0,0,0,0,0
87324,54550,0,0,0,0,0,0,0,0,TS_NONE,0,0,0,0,0,0,0,TM_NONE,0,WS_NONE,0,TA_SOUTHWEST,0,0,0,0,0
87360,54586,0,0,0,0,0,0,0,0,TS_NONE,0,0,0,0,0,0,0,TM_NONE,0,WS_NONE,0,TA_SOUTHWEST,0,0,0,0,0
87396,54622,0,0,0,0,0,0,0,0,TS_NONE,0,0,0,0,0,0,0,TM_NONE,0,WS_NONE,0,TA_SOUTHWEST,0,0,0,0,0
87432,54658,0,0,0,0,0,0,0,0,TS_NONE,0,0,0,0,0,0,0,TM_NONE,0,WS_NONE,0,TA_SOUTHWEST,0,0,0,0,0
87468,54694,0,0,0,0,0,0,0,0,TS_NONE,0,0,0,0,0,0,0,TM_NONE,0,WS_NONE,0,TA_SOUTHWEST,0,0,0,0,0
87504,54730,0,0,0,0,0,0,0,0,TS_NONE,0,0,0,0,0,0,0,TM_NONE,0,WS_NONE,0,TA_SOUTHWEST,0,0,0,0,0
87540,54766,0,0,0,0,0,0,0,0,TS_NONE,0,0,0,0,0,0,0,TM_NONE,0,WS_NONE,0,TA_SOUTHWEST,0,0,0,0,0
87576,54802,0,0,0,0,0,0,0,0,TS_NONE,0,0,0,0,0,0,0,TM_NONE,0,WS_NONE,0,TA_SOUTHWEST,0,0,0,0,0
87612,54838,0,0,0,0,0,0,0,0,TS_NONE,0,0,0,0,0,0,0,TM_NONE,0,WS_NONE,0,TA_SOUTHWEST,0,0,0,0,0
87648,54874,0,0,0,0,0,0,0,0,TS_NONE,0,0,0,0,0,0,0,TM_NONE,0,WS_NONE,0,TA_SOUTHWEST,0,0,0,0,0
87684,54910,0,0,0,0,0,0,0,0,TS_NONE,0,0,0,0,0,0,0,TM_NONE,0,WS_NONE,0,TA_SOUTHWEST,0,0,0,0,0
87720,54946,0,0,0,0,0,0,0,0,TS_NONE,0,0,0,0,0,0,0,TM_NONE,0,WS_NONE,0,TA_SOUTHWEST,0,0,0,0,0
87756,54982,0,0,0,0,0,0,0,0,TS_NONE,0,0,0,0,0,0,0,TM_NONE,0,WS_NONE,0,TA_SOUTHWEST,0,0,0,0,0
87792,55018,0,0,0,0,0,0,0,0,TS_NONE,0,0,0,0,0,0,0,TM_NONE,0,WS_NONE,0,TA_SOUTHWEST,0,0,0,0,0
87828,55054,0,0,0,0,0,0,0,0,TS_NONE,0,0,0,0,0,0,0,TM_NONE,0,WS_NONE,0,TA_SOUTHWEST,0,0,0,0,0
87864,55090,0,0,0,0,0,0,0,0,TS_NONE,0,0,0,0,0,0,0,TM_NONE,0,WS_NONE,0,TA_SOUTHWEST,0,0,0,0,0
87900,55126,0,0,0,0,0,0,0,0,TS_NONE,0,0,0,0,0,0,0,TM_NONE,0,WS_NONE,0,TA_SOUTHWEST,0,0,0,0,0
87936,55162,0,0,0,0,0,0,0,0,TS_NONE,0,0,0,0,0,0,0,TM_NONE,0,WS_NONE,0,TA_SOUTHWEST,0,0,0,0,0
87972,55198,0,0,0,0,0,0,0,0,TS_NONE,0,0,0,0,0,0,0,TM_NONE,0,WS_NONE,0,TA_SOUTHWEST,0,0,0,0,0
88008,55234,0,0,0,0,0,0,0,0,TS_NONE,0,0,0,0,0,0,0,TM_NONE,0,WS_NONE,0,TA_SOUTHWEST,0,0,0,0,0
88044,55270,0,0,0,0,0,0,0,0,TS_NONE,0,0,0,0,0,0,0,TM_NONE,0,WS_NONE,0,TA_SOUTHWEST,0,0,0,0,0
88080,55306,0,0,0,0,0,0,0,0,TS_NONE,0,0,0,0,0,0,0,TM_NONE,0,WS_NONE,0,TA_SOUTHWEST,0,0,0,0,0
88116,55342,0,0,0,0,0,0,0,0,TS_NONE,0,0,0,0,0,0,0,TM_NONE,0,WS_NONE,0,TA_SOUTHWEST,0,0,0,0,0
88152,55378,0,0,0,0,0,0,0,0,TS_NONE,0,0,0,0,0,0,0,TM_NONE,0,WS_NONE,0,TA_SOUTHWEST,0,0,0,0,0
88188,55414,0,0,0,0,0,0,0,0,TS_NONE,0,0,0,0,0,0,0,TM_NONE,0,WS_NONE,0,TA_SOUTHWEST,0,0,0,0,0
88224,55450,0,0,0,0,0,0,0,0,TS_NONE,0,0,0,0,0,0,0,TM_NONE,0,WS_NONE,0,TA_SOUTHWEST,0,0,0,0,0
88260,55486,0,0,0,0,0,0,0,0,TS_NONE,0,0,0,0,0,0,0,TM_NONE,0,WS_NONE,0,TA_SOUTHWEST,0,0,0,0,0
88296,55522,0,0,0,0,0,0,0,0,TS_NONE,0,0,0,0,0,0,0,TM_NONE,0,WS_NONE,0,TA_SOUTHWEST,0,0,0,0,0
88332,55558,0,0,0,0,0,0,0,0,TS_NONE,0,0,0,0,0,0,0,TM_NONE,0,WS_NONE,0,TA_SOUTHWEST,0,0,0,0,0
88368,55594,0,0,0,0,0,0,0,0,TS_NONE,0,0,0,0,0,0,0,TM_NONE,0,WS_NONE,0,TA_SOUTHWEST,0,0,0,0,0
88404,55630,0,0,0,0,0,0,0,0,TS_NONE,0,0,0,0,0,0,0,TM_NONE,0,WS_NONE,0,TA_SOUTHWEST,0,0,0,0,0
88440,55666,0,0,0,0,0,0,0,0,TS_NONE,0,0,0,0,0,0,0,TM_NONE,0,WS_NONE,0,TA_SOUTHWEST,0,0,0,0,0
88476,55702,0,0,0,0,0,0,0,0,TS_NONE,0,0,0,0,0,0,0,TM_NONE,0,WS_NONE,0,TA_SOUTHWEST,0,0,0,0,0
88512,55738,0,0,0,0,0,0,0,0,TS_NONE,0,0,0,0,0,0,0,TM_NONE,0,WS_NONE,0,TA_SOUTHWEST,0,0,0,0,0
88548,55774,0,0,0,0,0,0,0,0,TS_NONE,0,0,0,0,0,0,0,TM_NONE,0,WS_NONE,0,TA_SOUTHWEST,0,0,0,0,0
88584,55810,0,0,0,0,0,0,0,0,TS_NONE,0,0,0,0,0,0,0,TM_NONE,0,WS_NONE,0,TA_SOUTHWEST,0,0,0,0,0
88620,55846,0,0,0,0,0,0,0,0,TS_NONE,0,0,0,0,0,0,0,TM_NONE,0,WS_NONE,0,TA_SOUTHWEST,0,0,0,0,0
88656,55882,0,0,0,0,0,0,0,0,TS_NONE,0,0,0,0,0,0,0,TM_NONE,0,WS_NONE,0,TA_SOUTHWEST,0,0,0,0,0
88692,55918,0,0,0,0,0,0,0,0,TS_NONE,0,0,0,0,0,0,0,TM_NONE,0,WS_NONE,0,TA_SOUTHWEST,0,0,0,0,0
88728,55954,0,0,0,0,0,0,0,0,TS_NONE,0,0,0,0,0,0,0,TM_NONE,0,WS_NONE,0,TA_SOUTHWEST,0,0,0,0,0
88764,55990,0,0,0,0,0,0,0,0,TS_NONE,0,0,0,0,0,0,0,TM_NONE,0,WS_NONE,0,TA_SOUTHWEST,0,0,0,0,0
88800,56026,0,0,0,0,0,0,0,0,TS_NONE,0,0,0,0,0,0,0,TM_NONE,0,WS_NONE,0,TA_SOUTHWEST,0,0,0,0,0
88836,56062,0,0,0,0,0,0,0,0,TS_NONE,0,0,0,0,0,0,0,TM_NONE,0,WS_NONE,0,TA_SOUTHWEST,0,0,0,0,0
88872,56098,0,0,0,0,0,0,0,0,TS_NONE,0,0,0,0,0,0,0,TM_NONE,0,WS_NONE,0,TA_SOUTHWEST,0,0,0,0,0
88908,56134,0,0,0,0,0,0,0,0,TS_NONE,0,0,0,0,0,0,0,TM_NONE,0,WS_NONE,0,TA_SOUTHWEST,0,0,0,0,0
88944,56170,0,0,0,0,0,0,0,0,TS_NONE,0,0,0,0,0,0,0,TM_NONE,0,WS_NONE,0,TA_SOUTHWEST,0,0,0,0,0
88980,56206,0,0,0,0,0,0,0,0,TS_NONE,0,0,0,0,0,0,0,TM_NONE,0,WS_NONE,0,TA_SOUTHWEST,0,0,0,0,0
89016,56242,0,0,0,0,0,0,0,0,TS_NONE,0,0,0,0,0,0,0,TM_NONE,0,WS_NONE,0,TA_SOUTHWEST,0,0,0,0,0
89052,56278,0,0,0,0,0,0,0,0,TS_NONE,0,0,0,0,0,0,0,TM_NONE,0,WS_NONE,0,TA_SOUTHWEST,0,0,0,0,0
89088,56314,0,0,0,0,0,0,0,0,TS_NONE,0,0,0,0,0,0,0,TM_NONE,0,WS_NONE,0,TA_SOUTHWEST,0,0,0,0,0
89124,56350,0,0,0,0,0,0,0,0,TS_NONE,0,0,0,0,0,0,0,TM_NONE,0,WS_NONE,0,TA_SOUTHWEST,0,0,0,0,0
89160,56386,0,0,0,0,0,0,0,0,TS_NONE,0,0,0,0,0,0,0,TM_NONE,0,WS_NONE,0,TA_SOUTHWEST,0,0,0,0,0
89196,56422,0,0,0,0,0,0,0,0,TS_NONE,0,0,0,0,0,0,0,TM_NONE,0,WS_NONE,0,TA_SOUTHWEST,0,0,0,0,0
89232,56458,0,0,0,0,0,0,0,0,TS_NONE,0,0,0,0,0,0,0,TM_NONE,0,WS_NONE,0,TA_SOUTHWEST,0,0,0,0,0
89268,56494,0,0,0,0,0,0,0,0,TS_NONE,0,0,0,0,0,0,0,TM_NONE,0,WS_NONE,0,TA_SOUTHWEST,0,0,0,0,0
89304,56530,0,0,0,0,0,0,0,0,TS_NONE,0,0,0,0,0,0,0,TM_NONE,0,WS_NONE,0,TA_SOUTHWEST,0,0,0,0,0
89340,56566,0,0,0,0,0,0,0,0,TS_NONE,0,0,0,0,0,0,0,TM_NONE,0,WS_NONE,0,TA_SOUTHWEST,0,0,0,0,0
89376,56602,0,0,0,0,0,0,0,0,TS_NONE,0,0,0,0,0,0,0,TM_NONE,0,WS_NONE,0,TA_SOUTHWEST,0,0,0,0,0
89412,56638,0,0,0,0,0,0,0,0,TS_NONE,0,0,0,0,0,0,0,TM_NONE,0,WS_NONE,0,TA_SOUTHWEST,0,0,0,0,0
