Index,GloOfs,RelOfs,Child,Parent,Xpos,Ypos,Zpos,Xtile,Ytile,Status,Status_S,Affect,BaseFrame,Frame,OldFrame,Life,WhoShotMe,Model,Model_S,State,State_S,Angle,Angle_S,ZAngle,ChildWeapon,ParentWeapon,WhoOwnsWeapon,RepairCount
0,71016,38242,23278,0,9600,1050,256,37,4,5,TS_NODRAW | TS_MAPWHO,0,0,2268,372,1599,0,4,TM_WEAPON,6,WS_MINIGUN,65,TA_SOUTHEAST,0,0,5062,5062,0
1,71052,38278,5154,0,13391,4639,256,52,18,5,TS_NODRAW | TS_MAPWHO,0,0,2268,372,1599,0,4,TM_WEAPON,6,WS_MINIGUN,124,TA_NORTHEAST,0,0,5154,5154,0
2,71088,38314,5246,0,7848,15120,256,30,59,5,TS_NODRAW | TS_MAPWHO,0,0,2268,372,1599,0,4,TM_WEAPON,6,WS_MINIGUN,64,TA_SOUTHEAST,0,0,5246,5246,0
3,71124,38350,22450,0,9058,7175,256,35,28,5,TS_NODRAW | TS_MAPWHO,0,0,2268,372,1599,0,4,TM_WEAPON,6,WS_MINIGUN,139,TA_NORTHEAST,0,0,5338,5338,0
4,71160,38386,5430,0,15486,11520,256,60,45,5,TS_NODRAW | TS_MAPWHO,0,0,2268,372,1599,0,4,TM_WEAPON,6,WS_MINIGUN,63,TA_SOUTHEAST,0,0,5430,5430,0
5,71196,38422,5522,0,20964,11765,256,81,45,5,TS_NODRAW | TS_MAPWHO,0,0,2268,372,1599,0,4,TM_WEAPON,6,WS_MINIGUN,65,TA_SOUTHEAST,0,0,5522,5522,0
6,71232,38458,5614,0,6699,3583,256,26,13,5,TS_NODRAW | TS_MAPWHO,0,0,2268,372,1599,0,4,TM_WEAPON,6,WS_MINIGUN,65,TA_SOUTHEAST,0,0,5614,5614,0
7,71268,38494,5706,0,7155,11487,256,27,44,5,TS_NODRAW | TS_MAPWHO,0,0,2268,372,1599,0,4,TM_WEAPON,6,WS_MINIGUN,65,TA_SOUTHEAST,0,0,5706,5706,0
8,71304,38530,8926,39754,12542,10516,256,48,41,5,TS_NODRAW | TS_MAPWHO,0,0,2268,372,1599,0,4,TM_WEAPON,6,WS_MINIGUN,255,TA_SOUTHWEST,0,0,5798,5798,0
9,71340,38566,5890,0,9813,5978,256,38,23,5,TS_NODRAW | TS_MAPWHO,0,0,2268,372,1599,0,4,TM_WEAPON,6,WS_MINIGUN,242,TA_SOUTHWEST,0,0,5890,5890,0
10,71376,38602,5982,0,23843,16940,256,93,66,5,TS_NODRAW | TS_MAPWHO,0,0,2268,372,1599,0,4,TM_WEAPON,6,WS_MINIGUN,64,TA_SOUTHEAST,0,0,5982,5982,0
11,71412,38638,6074,0,13590,19028,256,53,74,5,TS_NODRAW | TS_MAPWHO,0,0,2268,372,1599,0,4,TM_WEAPON,6,WS_MINIGUN,4,TA_SOUTHWEST,0,0,6074,6074,0
12,71448,38674,6166,0,12486,7003,256,48,27,5,TS_NODRAW | TS_MAPWHO,0,0,2268,372,1599,0,4,TM_WEAPON,6,WS_MINIGUN,118,TA_NORTHEAST,0,0,6166,6166,0
13,71484,38710,6258,0,25848,17477,256,100,68,5,TS_NODRAW | TS_MAPWHO,0,0,2268,372,1599,0,4,TM_WEAPON,6,WS_MINIGUN,126,TA_NORTHEAST,0,0,6258,6258,0
14,71520,38746,6350,0,11264,13255,256,44,51,5,TS_NODRAW | TS_MAPWHO,0,0,2268,372,1599,0,4,TM_WEAPON,6,WS_MINIGUN,127,TA_NORTHEAST,0,0,6350,6350,0
15,71556,38782,6442,0,6914,14460,256,27,56,5,TS_NODRAW | TS_MAPWHO,0,0,2268,372,1599,0,4,TM_WEAPON,6,WS_MINIGUN,0,TA_SOUTHWEST,0,0,6442,6442,0
16,71592,38818,14998,0,12020,18505,384,46,72,5,TS_NODRAW | TS_MAPWHO,0,0,2268,372,1599,0,4,TM_WEAPON,6,WS_MINIGUN,1,TA_SOUTHWEST,0,0,6534,6534,0
17,71628,38854,6626,0,23278,12560,256,90,49,5,TS_NODRAW | TS_MAPWHO,0,0,2268,372,1599,0,4,TM_WEAPON,6,WS_MINIGUN,62,TA_SOUTHEAST,0,0,6626,6626,0
18,71664,38890,6718,0,5432,2559,256,21,9,5,TS_NODRAW | TS_MAPWHO,0,0,2268,372,1599,0,4,TM_WEAPON,6,WS_MINIGUN,2,TA_SOUTHWEST,0,0,6718,6718,0
19,71700,38926,6810,0,7934,10610,256,30,41,5,TS_NODRAW | TS_MAPWHO,0,0,2268,372,1599,0,4,TM_WEAPON,6,WS_MINIGUN,1,TA_SOUTHWEST,0,0,6810,6810,0
20,71736,38962,6902,0,14167,3654,256,55,14,5,TS_NODRAW | TS_MAPWHO,0,0,2268,372,1599,0,4,TM_WEAPON,6,WS_MINIGUN,56,TA_SOUTHEAST,0,0,6902,6902,0
21,71772,38998,6994,0,19650,13057,384,76,51,5,TS_NODRAW | TS_MAPWHO,0,0,2268,372,1599,0,4,TM_WEAPON,6,WS_MINIGUN,192,TA_NORTHWEST,0,0,6994,6994,0
22,71808,39034,7086,0,10502,8386,256,41,32,5,TS_NODRAW | TS_MAPWHO,0,0,2268,372,1599,0,4,TM_WEAPON,6,WS_MINIGUN,5,TA_SOUTHWEST,0,0,7086,7086,0
23,71844,39070,7178,0,7662,1858,256,29,7,5,TS_NODRAW | TS_MAPWHO,0,0,2268,372,1599,0,4,TM_WEAPON,6,WS_MINIGUN,191,TA_NORTHWEST,0,0,7178,7178,0
24,71880,39106,7270,0,21117,17329,256,82,67,5,TS_NODRAW | TS_MAPWHO,0,0,2268,372,1599,0,4,TM_WEAPON,6,WS_MINIGUN,122,TA_NORTHEAST,0,0,7270,7270,0
25,71916,39142,7362,0,9044,8547,256,35,33,5,TS_NODRAW | TS_MAPWHO,0,0,2268,372,1599,0,4,TM_WEAPON,6,WS_MINIGUN,64,TA_SOUTHEAST,0,0,7362,7362,0
26,71952,39178,16194,0,8398,8653,256,32,33,5,TS_NODRAW | TS_MAPWHO,0,0,2268,372,1599,0,4,TM_WEAPON,6,WS_MINIGUN,66,TA_SOUTHEAST,0,0,7454,7454,0
27,71988,39214,7546,0,11303,13758,256,44,53,5,TS_NODRAW | TS_MAPWHO,0,0,2268,372,1599,0,4,TM_WEAPON,6,WS_MINIGUN,246,TA_SOUTHWEST,0,0,7546,7546,0
28,72024,39250,7638,0,8471,1619,256,33,6,5,TS_NODRAW | TS_MAPWHO,0,0,2268,372,1599,0,4,TM_WEAPON,6,WS_MINIGUN,129,TA_NORTHEAST,0,0,7638,7638,0
29,72060,39286,7730,0,6862,5632,256,26,22,5,TS_NODRAW | TS_MAPWHO,0,0,2268,372,1599,0,4,TM_WEAPON,6,WS_MINIGUN,195,TA_NORTHWEST,0,0,7730,7730,0
30,72096,39322,7822,0,19789,6919,256,77,27,5,TS_NODRAW | TS_MAPWHO,0,0,2268,372,1599,0,4,TM_WEAPON,6,WS_MINIGUN,192,TA_NORTHWEST,0,0,7822,7822,0
31,72132,39358,7914,0,11275,18953,256,44,74,5,TS_NODRAW | TS_MAPWHO,0,0,2268,372,1599,0,4,TM_WEAPON,6,WS_MINIGUN,246,TA_SOUTHWEST,0,0,7914,7914,0
32,72168,39394,8006,0,5383,13612,256,21,53,5,TS_NODRAW | TS_MAPWHO,0,0,2268,372,1599,0,4,TM_WEAPON,6,WS_MINIGUN,128,TA_NORTHEAST,0,0,8006,8006,0
33,72204,39430,8098,0,7164,15057,256,27,58,5,TS_NODRAW | TS_MAPWHO,0,0,2268,372,1599,0,4,TM_WEAPON,6,WS_MINIGUN,189,TA_NORTHWEST,0,0,8098,8098,0
34,72240,39466,8190,0,11579,19101,384,45,74,5,TS_NODRAW | TS_MAPWHO,0,0,2268,372,1599,0,4,TM_WEAPON,6,WS_MINIGUN,186,TA_NORTHWEST,0,0,8190,8190,0
35,72276,39502,8282,0,11269,17309,256,44,67,5,TS_NODRAW | TS_MAPWHO,0,0,2268,372,1599,0,4,TM_WEAPON,6,WS_MINIGUN,3,TA_SOUTHWEST,0,0,8282,8282,0
36,72312,39538,8374,0,27571,12114,256,107,47,5,TS_NODRAW | TS_MAPWHO,0,0,2268,372,1599,0,4,TM_WEAPON,6,WS_MINIGUN,132,TA_NORTHEAST,0,0,8374,8374,0
37,72348,39574,8466,0,26185,7695,256,102,30,5,TS_NODRAW | TS_MAPWHO,0,0,2268,372,1599,0,4,TM_WEAPON,6,WS_MINIGUN,59,TA_SOUTHEAST,0,0,8466,8466,0
38,72384,39610,8558,0,5978,15562,256,23,60,5,TS_NODRAW | TS_MAPWHO,0,0,2268,372,1599,0,4,TM_WEAPON,6,WS_MINIGUN,102,TA_EAST,0,0,8558,8558,0
39,72420,39646,8650,0,8855,14438,256,34,56,5,TS_NODRAW | TS_MAPWHO,0,0,2268,372,1599,0,4,TM_WEAPON,6,WS_MINIGUN,35,TA_SOUTH,0,0,8650,8650,0
40,72456,39682,13250,0,17808,10591,256,69,41,5,TS_NODRAW | TS_MAPWHO,0,0,2268,372,1599,0,4,TM_WEAPON,6,WS_MINIGUN,131,TA_NORTHEAST,0,0,8742,8742,0
41,72492,39718,8834,0,7696,15480,256,30,60,5,TS_NODRAW | TS_MAPWHO,0,0,2268,372,1599,0,4,TM_WEAPON,6,WS_MINIGUN,6,TA_SOUTHWEST,0,0,8834,8834,0
42,72528,39754,38530,0,12363,10573,256,48,41,5,TS_NODRAW | TS_MAPWHO,0,0,2268,372,1599,0,4,TM_WEAPON,6,WS_MINIGUN,134,TA_NORTHEAST,0,0,8926,8926,0
43,72564,39790,0,0,0,0,0,0,0,0,TS_NONE,0,0,0,0,0,0,0,TM_NONE,0,WS_NONE,0,TA_SOUTHWEST,0,0,0,0,0
44,72600,39826,9110,0,9009,16078,256,35,62,5,TS_NODRAW | TS_MAPWHO,0,0,2268,372,1599,0,4,TM_WEAPON,6,WS_MINIGUN,127,TA_NORTHEAST,0,0,9110,9110,0
45,72636,39862,9202,0,19873,4177,256,77,16,5,TS_NODRAW | TS_MAPWHO,0,0,2268,372,1599,0,4,TM_WEAPON,6,WS_MINIGUN,120,TA_NORTHEAST,0,0,9202,9202,0
46,72672,39898,20242,0,12616,2168,384,49,8,5,TS_NODRAW | TS_MAPWHO,0,0,2259,369,1,0,4,TM_WEAPON,3,WS_GAUSS_GUN,0,TA_SOUTHWEST,0,0,20242,20242,0
47,72708,39934,0,0,0,0,0,0,0,0,TS_NONE,0,0,0,0,0,0,0,TM_NONE,0,WS_NONE,0,TA_SOUTHWEST,0,0,0,0,0
48,72744,39970,9294,26752,13664,2192,384,53,8,5,TS_NODRAW | TS_MAPWHO,0,0,2259,369,1,0,4,TM_WEAPON,3,WS_GAUSS_GUN,0,TA_SOUTHWEST,0,0,9294,9294,0
49,72780,40006,14170,40042,12456,2696,256,48,10,5,TS_NODRAW | TS_MAPWHO,0,0,2259,369,1,0,4,TM_WEAPON,3,WS_GAUSS_GUN,64,TA_SOUTHEAST,0,0,14170,14170,0
50,72816,40042,40006,0,12424,2792,256,48,10,5,TS_NODRAW | TS_MAPWHO,0,0,2259,369,1,0,4,TM_WEAPON,3,WS_GAUSS_GUN,64,TA_SOUTHEAST,0,0,9018,9018,0
51,72852,40078,0,0,0,0,0,0,0,0,TS_NONE,0,0,0,0,0,0,0,TM_NONE,0,WS_NONE,0,TA_SOUTHWEST,0,0,0,0,0
52,72888,40114,0,0,0,0,0,0,0,0,TS_NONE,0,0,0,0,0,0,0,TM_NONE,0,WS_NONE,0,TA_SOUTHWEST,0,0,0,0,0
53,72924,40150,0,0,0,0,0,0,0,0,TS_NONE,0,0,0,0,0,0,0,TM_NONE,0,WS_NONE,0,TA_SOUTHWEST,0,0,0,0,0
54,72960,40186,0,0,0,0,0,0,0,0,TS_NONE,0,0,0,0,0,0,0,TM_NONE,0,WS_NONE,0,TA_SOUTHWEST,0,0,0,0,0
55,72996,40222,0,0,0,0,0,0,0,0,TS_NONE,0,0,0,0,0,0,0,TM_NONE,0,WS_NONE,0,TA_SOUTHWEST,0,0,0,0,0
56,73032,40258,0,0,0,0,0,0,0,0,TS_NONE,0,0,0,0,0,0,0,TM_NONE,0,WS_NONE,0,TA_SOUTHWEST,0,0,0,0,0
57,73068,40294,0,0,0,0,0,0,0,0,TS_NONE,0,0,0,0,0,0,0,TM_NONE,0,WS_NONE,0,TA_SOUTHWEST,0,0,0,0,0
58,73104,40330,0,0,0,0,0,0,0,0,TS_NONE,0,0,0,0,0,0,0,TM_NONE,0,WS_NONE,0,TA_SOUTHWEST,0,0,0,0,0
59,73140,40366,0,0,0,0,0,0,0,0,TS_NONE,0,0,0,0,0,0,0,TM_NONE,0,WS_NONE,0,TA_SOUTHWEST,0,0,0,0,0
60,73176,40402,0,0,0,0,0,0,0,0,TS_NONE,0,0,0,0,0,0,0,TM_NONE,0,WS_NONE,0,TA_SOUTHWEST,0,0,0,0,0
61,73212,40438,0,0,0,0,0,0,0,0,TS_NONE,0,0,0,0,0,0,0,TM_NONE,0,WS_NONE,0,TA_SOUTHWEST,0,0,0,0,0
62,73248,40474,0,0,0,0,0,0,0,0,TS_NONE,0,0,0,0,0,0,0,TM_NONE,0,WS_NONE,0,TA_SOUTHWEST,0,0,0,0,0
63,73284,40510,0,0,0,0,0,0,0,0,TS_NONE,0,0,0,0,0,0,0,TM_NONE,0,WS_NONE,0,TA_SOUTHWEST,0,0,0,0,0
64,73320,40546,0,0,0,0,0,0,0,0,TS_NONE,0,0,0,0,0,0,0,TM_NONE,0,WS_NONE,0,TA_SOUTHWEST,0,0,0,0,0
65,73356,40582,0,0,0,0,0,0,0,0,TS_NONE,0,0,0,0,0,0,0,TM_NONE,0,WS_NONE,0,TA_SOUTHWEST,0,0,0,0,0
66,73392,40618,0,0,0,0,0,0,0,0,TS_NONE,0,0,0,0,0,0,0,TM_NONE,0,WS_NONE,0,TA_SOUTHWEST,0,0,0,0,0
67,73428,40654,0,0,0,0,0,0,0,0,TS_NONE,0,0,0,0,0,0,0,TM_NONE,0,WS_NONE,0,TA_SOUTHWEST,0,0,0,0,0
68,73464,40690,0,0,0,0,0,0,0,0,TS_NONE,0,0,0,0,0,0,0,TM_NONE,0,WS_NONE,0,TA_SOUTHWEST,0,0,0,0,0
69,73500,40726,0,0,0,0,0,0,0,0,TS_NONE,0,0,0,0,0,0,0,TM_NONE,0,WS_NONE,0,TA_SOUTHWEST,0,0,0,0,0
70,73536,40762,0,0,0,0,0,0,0,0,TS_NONE,0,0,0,0,0,0,0,TM_NONE,0,WS_NONE,0,TA_SOUTHWEST,0,0,0,0,0
71,73572,40798,0,0,0,0,0,0,0,0,TS_NONE,0,0,0,0,0,0,0,TM_NONE,0,WS_NONE,0,TA_SOUTHWEST,0,0,0,0,0
72,73608,40834,0,0,0,0,0,0,0,0,TS_NONE,0,0,0,0,0,0,0,TM_NONE,0,WS_NONE,0,TA_SOUTHWEST,0,0,0,0,0
73,73644,40870,0,0,0,0,0,0,0,0,TS_NONE,0,0,0,0,0,0,0,TM_NONE,0,WS_NONE,0,TA_SOUTHWEST,0,0,0,0,0
74,73680,40906,0,0,0,0,0,0,0,0,TS_NONE,0,0,0,0,0,0,0,TM_NONE,0,WS_NONE,0,TA_SOUTHWEST,0,0,0,0,0
75,73716,40942,0,0,0,0,0,0,0,0,TS_NONE,0,0,0,0,0,0,0,TM_NONE,0,WS_NONE,0,TA_SOUTHWEST,0,0,0,0,0
76,73752,40978,0,0,0,0,0,0,0,0,TS_NONE,0,0,0,0,0,0,0,TM_NONE,0,WS_NONE,0,TA_SOUTHWEST,0,0,0,0,0
77,73788,41014,0,0,0,0,0,0,0,0,TS_NONE,0,0,0,0,0,0,0,TM_NONE,0,WS_NONE,0,TA_SOUTHWEST,0,0,0,0,0
78,73824,41050,0,0,0,0,0,0,0,0,TS_NONE,0,0,0,0,0,0,0,TM_NONE,0,WS_NONE,0,TA_SOUTHWEST,0,0,0,0,0
79,73860,41086,0,0,0,0,0,0,0,0,TS_NONE,0,0,0,0,0,0,0,TM_NONE,0,WS_NONE,0,TA_SOUTHWEST,0,0,0,0,0
80,73896,41122,0,0,0,0,0,0,0,0,TS_NONE,0,0,0,0,0,0,0,TM_NONE,0,WS_NONE,0,TA_SOUTHWEST,0,0,0,0,0
81,73932,41158,0,0,0,0,0,0,0,0,TS_NONE,0,0,0,0,0,0,0,TM_NONE,0,WS_NONE,0,TA_SOUTHWEST,0,0,0,0,0
82,73968,41194,0,0,0,0,0,0,0,0,TS_NONE,0,0,0,0,0,0,0,TM_NONE,0,WS_NONE,0,TA_SOUTHWEST,0,0,0,0,0
83,74004,41230,0,0,0,0,0,0,0,0,TS_NONE,0,0,0,0,0,0,0,TM_NONE,0,WS_NONE,0,TA_SOUTHWEST,0,0,0,0,0
84,74040,41266,0,0,0,0,0,0,0,0,TS_NONE,0,0,0,0,0,0,0,TM_NONE,0,WS_NONE,0,TA_SOUTHWEST,0,0,0,0,0
85,74076,41302,0,0,0,0,0,0,0,0,TS_NONE,0,0,0,0,0,0,0,TM_NONE,0,WS_NONE,0,TA_SOUTHWEST,0,0,0,0,0
86,74112,41338,0,0,0,0,0,0,0,0,TS_NONE,0,0,0,0,0,0,0,TM_NONE,0,WS_NONE,0,TA_SOUTHWEST,0,0,0,0,0
87,74148,41374,0,0,0,0,0,0,0,0,TS_NONE,0,0,0,0,0,0,0,TM_NONE,0,WS_NONE,0,TA_SOUTHWEST,0,0,0,0,0
88,74184,41410,0,0,0,0,0,0,0,0,TS_NONE,0,0,0,0,0,0,0,TM_NONE,0,WS_NONE,0,TA_SOUTHWEST,0,0,0,0,0
89,74220,41446,0,0,0,0,0,0,0,0,TS_NONE,0,0,0,0,0,0,0,TM_NONE,0,WS_NONE,0,TA_SOUTHWEST,0,0,0,0,0
90,74256,41482,0,0,0,0,0,0,0,0,TS_NONE,0,0,0,0,0,0,0,TM_NONE,0,WS_NONE,0,TA_SOUTHWEST,0,0,0,0,0
91,74292,41518,0,0,0,0,0,0,0,0,TS_NONE,0,0,0,0,0,0,0,TM_NONE,0,WS_NONE,0,TA_SOUTHWEST,0,0,0,0,0
92,74328,41554,0,0,0,0,0,0,0,0,TS_NONE,0,0,0,0,0,0,0,TM_NONE,0,WS_NONE,0,TA_SOUTHWEST,0,0,0,0,0
93,74364,41590,0,0,0,0,0,0,0,0,TS_NONE,0,0,0,0,0,0,0,TM_NONE,0,WS_NONE,0,TA_SOUTHWEST,0,0,0,0,0
94,74400,41626,0,0,0,0,0,0,0,0,TS_NONE,0,0,0,0,0,0,0,TM_NONE,0,WS_NONE,0,TA_SOUTHWEST,0,0,0,0,0
95,74436,41662,0,0,0,0,0,0,0,0,TS_NONE,0,0,0,0,0,0,0,TM_NONE,0,WS_NONE,0,TA_SOUTHWEST,0,0,0,0,0
96,74472,41698,0,0,0,0,0,0,0,0,TS_NONE,0,0,0,0,0,0,0,TM_NONE,0,WS_NONE,0,TA_SOUTHWEST,0,0,0,0,0
97,74508,41734,0,0,0,0,0,0,0,0,TS_NONE,0,0,0,0,0,0,0,TM_NONE,0,WS_NONE,0,TA_SOUTHWEST,0,0,0,0,0
98,74544,41770,0,0,0,0,0,0,0,0,TS_NONE,0,0,0,0,0,0,0,TM_NONE,0,WS_NONE,0,TA_SOUTHWEST,0,0,0,0,0
99,74580,41806,0,0,0,0,0,0,0,0,TS_NONE,0,0,0,0,0,0,0,TM_NONE,0,WS_NONE,0,TA_SOUTHWEST,0,0,0,0,0
100,74616,41842,0,0,0,0,0,0,0,0,TS_NONE,0,0,0,0,0,0,0,TM_NONE,0,WS_NONE,0,TA_SOUTHWEST,0,0,0,0,0
101,74652,41878,0,0,0,0,0,0,0,0,TS_NONE,0,0,0,0,0,0,0,TM_NONE,0,WS_NONE,0,TA_SOUTHWEST,0,0,0,0,0
102,74688,41914,0,0,0,0,0,0,0,0,TS_NONE,0,0,0,0,0,0,0,TM_NONE,0,WS_NONE,0,TA_SOUTHWEST,0,0,0,0,0
103,74724,41950,0,0,0,0,0,0,0,0,TS_NONE,0,0,0,0,0,0,0,TM_NONE,0,WS_NONE,0,TA_SOUTHWEST,0,0,0,0,0
104,74760,41986,0,0,0,0,0,0,0,0,TS_NONE,0,0,0,0,0,0,0,TM_NONE,0,WS_NONE,0,TA_SOUTHWEST,0,0,0,0,0
105,74796,42022,0,0,0,0,0,0,0,0,TS_NONE,0,0,0,0,0,0,0,TM_NONE,0,WS_NONE,0,TA_SOUTHWEST,0,0,0,0,0
106,74832,42058,0,0,0,0,0,0,0,0,TS_NONE,0,0,0,0,0,0,0,TM_NONE,0,WS_NONE,0,TA_SOUTHWEST,0,0,0,0,0
107,74868,42094,0,0,0,0,0,0,0,0,TS_NONE,0,0,0,0,0,0,0,TM_NONE,0,WS_NONE,0,TA_SOUTHWEST,0,0,0,0,0
108,74904,42130,0,0,0,0,0,0,0,0,TS_NONE,0,0,0,0,0,0,0,TM_NONE,0,WS_NONE,0,TA_SOUTHWEST,0,0,0,0,0
109,74940,42166,0,0,0,0,0,0,0,0,TS_NONE,0,0,0,0,0,0,0,TM_NONE,0,WS_NONE,0,TA_SOUTHWEST,0,0,0,0,0
110,74976,42202,0,0,0,0,0,0,0,0,TS_NONE,0,0,0,0,0,0,0,TM_NONE,0,WS_NONE,0,TA_SOUTHWEST,0,0,0,0,0
111,75012,42238,0,0,0,0,0,0,0,0,TS_NONE,0,0,0,0,0,0,0,TM_NONE,0,WS_NONE,0,TA_SOUTHWEST,0,0,0,0,0
112,75048,42274,0,0,0,0,0,0,0,0,TS_NONE,0,0,0,0,0,0,0,TM_NONE,0,WS_NONE,0,TA_SOUTHWEST,0,0,0,0,0
113,75084,42310,0,0,0,0,0,0,0,0,TS_NONE,0,0,0,0,0,0,0,TM_NONE,0,WS_NONE,0,TA_SOUTHWEST,0,0,0,0,0
114,75120,42346,0,0,0,0,0,0,0,0,TS_NONE,0,0,0,0,0,0,0,TM_NONE,0,WS_NONE,0,TA_SOUTHWEST,0,0,0,0,0
115,75156,42382,0,0,0,0,0,0,0,0,TS_NONE,0,0,0,0,0,0,0,TM_NONE,0,WS_NONE,0,TA_SOUTHWEST,0,0,0,0,0
116,75192,42418,0,0,0,0,0,0,0,0,TS_NONE,0,0,0,0,0,0,0,TM_NONE,0,WS_NONE,0,TA_SOUTHWEST,0,0,0,0,0
117,75228,42454,0,0,0,0,0,0,0,0,TS_NONE,0,0,0,0,0,0,0,TM_NONE,0,WS_NONE,0,TA_SOUTHWEST,0,0,0,0,0
118,75264,42490,0,0,0,0,0,0,0,0,TS_NONE,0,0,0,0,0,0,0,TM_NONE,0,WS_NONE,0,TA_SOUTHWEST,0,0,0,0,0
119,75300,42526,0,0,0,0,0,0,0,0,TS_NONE,0,0,0,0,0,0,0,TM_NONE,0,WS_NONE,0,TA_SOUTHWEST,0,0,0,0,0
120,75336,42562,0,0,0,0,0,0,0,0,TS_NONE,0,0,0,0,0,0,0,TM_NONE,0,WS_NONE,0,TA_SOUTHWEST,0,0,0,0,0
121,75372,42598,0,0,0,0,0,0,0,0,TS_NONE,0,0,0,0,0,0,0,TM_NONE,0,WS_NONE,0,TA_SOUTHWEST,0,0,0,0,0
122,75408,42634,0,0,0,0,0,0,0,0,TS_NONE,0,0,0,0,0,0,0,TM_NONE,0,WS_NONE,0,TA_SOUTHWEST,0,0,0,0,0
123,75444,42670,0,0,0,0,0,0,0,0,TS_NONE,0,0,0,0,0,0,0,TM_NONE,0,WS_NONE,0,TA_SOUTHWEST,0,0,0,0,0
124,75480,42706,0,0,0,0,0,0,0,0,TS_NONE,0,0,0,0,0,0,0,TM_NONE,0,WS_NONE,0,TA_SOUTHWEST,0,0,0,0,0
125,75516,42742,0,0,0,0,0,0,0,0,TS_NONE,0,0,0,0,0,0,0,TM_NONE,0,WS_NONE,0,TA_SOUTHWEST,0,0,0,0,0
126,75552,42778,0,0,0,0,0,0,0,0,TS_NONE,0,0,0,0,0,0,0,TM_NONE,0,WS_NONE,0,TA_SOUTHWEST,0,0,0,0,0
127,75588,42814,0,0,0,0,0,0,0,0,TS_NONE,0,0,0,0,0,0,0,TM_NONE,0,WS_NONE,0,TA_SOUTHWEST,0,0,0,0,0
128,75624,42850,0,0,0,0,0,0,0,0,TS_NONE,0,0,0,0,0,0,0,TM_NONE,0,WS_NONE,0,TA_SOUTHWEST,0,0,0,0,0
129,75660,42886,0,0,0,0,0,0,0,0,TS_NONE,0,0,0,0,0,0,0,TM_NONE,0,WS_NONE,0,TA_SOUTHWEST,0,0,0,0,0
130,75696,42922,0,0,0,0,0,0,0,0,TS_NONE,0,0,0,0,0,0,0,TM_NONE,0,WS_NONE,0,TA_SOUTHWEST,0,0,0,0,0
131,75732,42958,0,0,0,0,0,0,0,0,TS_NONE,0,0,0,0,0,0,0,TM_NONE,0,WS_NONE,0,TA_SOUTHWEST,0,0,0,0,0
132,75768,42994,0,0,0,0,0,0,0,0,TS_NONE,0,0,0,0,0,0,0,TM_NONE,0,WS_NONE,0,TA_SOUTHWEST,0,0,0,0,0
133,75804,43030,0,0,0,0,0,0,0,0,TS_NONE,0,0,0,0,0,0,0,TM_NONE,0,WS_NONE,0,TA_SOUTHWEST,0,0,0,0,0
134,75840,43066,0,0,0,0,0,0,0,0,TS_NONE,0,0,0,0,0,0,0,TM_NONE,0,WS_NONE,0,TA_SOUTHWEST,0,0,0,0,0
135,75876,43102,0,0,0,0,0,0,0,0,TS_NONE,0,0,0,0,0,0,0,TM_NONE,0,WS_NONE,0,TA_SOUTHWEST,0,0,0,0,0
136,75912,43138,0,0,0,0,0,0,0,0,TS_NONE,0,0,0,0,0,0,0,TM_NONE,0,WS_NONE,0,TA_SOUTHWEST,0,0,0,0,0
137,75948,43174,0,0,0,0,0,0,0,0,TS_NONE,0,0,0,0,0,0,0,TM_NONE,0,WS_NONE,0,TA_SOUTHWEST,0,0,0,0,0
138,75984,43210,0,0,0,0,0,0,0,0,TS_NONE,0,0,0,0,0,0,0,TM_NONE,0,WS_NONE,0,TA_SOUTHWEST,0,0,0,0,0
139,76020,43246,0,0,0,0,0,0,0,0,TS_NONE,0,0,0,0,0,0,0,TM_NONE,0,WS_NONE,0,TA_SOUTHWEST,0,0,0,0,0
140,76056,43282,0,0,0,0,0,0,0,0,TS_NONE,0,0,0,0,0,0,0,TM_NONE,0,WS_NONE,0,TA_SOUTHWEST,0,0,0,0,0
141,76092,43318,0,0,0,0,0,0,0,0,TS_NONE,0,0,0,0,0,0,0,TM_NONE,0,WS_NONE,0,TA_SOUTHWEST,0,0,0,0,0
142,76128,43354,0,0,0,0,0,0,0,0,TS_NONE,0,0,0,0,0,0,0,TM_NONE,0,WS_NONE,0,TA_SOUTHWEST,0,0,0,0,0
143,76164,43390,0,0,0,0,0,0,0,0,TS_NONE,0,0,0,0,0,0,0,TM_NONE,0,WS_NONE,0,TA_SOUTHWEST,0,0,0,0,0
144,76200,43426,0,0,0,0,0,0,0,0,TS_NONE,0,0,0,0,0,0,0,TM_NONE,0,WS_NONE,0,TA_SOUTHWEST,0,0,0,0,0
145,76236,43462,0,0,0,0,0,0,0,0,TS_NONE,0,0,0,0,0,0,0,TM_NONE,0,WS_NONE,0,TA_SOUTHWEST,0,0,0,0,0
146,76272,43498,0,0,0,0,0,0,0,0,TS_NONE,0,0,0,0,0,0,0,TM_NONE,0,WS_NONE,0,TA_SOUTHWEST,0,0,0,0,0
147,76308,43534,0,0,0,0,0,0,0,0,TS_NONE,0,0,0,0,0,0,0,TM_NONE,0,WS_NONE,0,TA_SOUTHWEST,0,0,0,0,0
148,76344,43570,0,0,0,0,0,0,0,0,TS_NONE,0,0,0,0,0,0,0,TM_NONE,0,WS_NONE,0,TA_SOUTHWEST,0,0,0,0,0
149,76380,43606,0,0,0,0,0,0,0,0,TS_NONE,0,0,0,0,0,0,0,TM_NONE,0,WS_NONE,0,TA_SOUTHWEST,0,0,0,0,0
150,76416,43642,0,0,0,0,0,0,0,0,TS_NONE,0,0,0,0,0,0,0,TM_NONE,0,WS_NONE,0,TA_SOUTHWEST,0,0,0,0,0
151,76452,43678,0,0,0,0,0,0,0,0,TS_NONE,0,0,0,0,0,0,0,TM_NONE,0,WS_NONE,0,TA_SOUTHWEST,0,0,0,0,0
152,76488,43714,0,0,0,0,0,0,0,0,TS_NONE,0,0,0,0,0,0,0,TM_NONE,0,WS_NONE,0,TA_SOUTHWEST,0,0,0,0,0
153,76524,43750,0,0,0,0,0,0,0,0,TS_NONE,0,0,0,0,0,0,0,TM_NONE,0,WS_NONE,0,TA_SOUTHWEST,0,0,0,0,0
154,76560,43786,0,0,0,0,0,0,0,0,TS_NONE,0,0,0,0,0,0,0,TM_NONE,0,WS_NONE,0,TA_SOUTHWEST,0,0,0,0,0
155,76596,43822,0,0,0,0,0,0,0,0,TS_NONE,0,0,0,0,0,0,0,TM_NONE,0,WS_NONE,0,TA_SOUTHWEST,0,0,0,0,0
156,76632,43858,0,0,0,0,0,0,0,0,TS_NONE,0,0,0,0,0,0,0,TM_NONE,0,WS_NONE,0,TA_SOUTHWEST,0,0,0,0,0
157,76668,43894,0,0,0,0,0,0,0,0,TS_NONE,0,0,0,0,0,0,0,TM_NONE,0,WS_NONE,0,TA_SOUTHWEST,0,0,0,0,0
158,76704,43930,0,0,0,0,0,0,0,0,TS_NONE,0,0,0,0,0,0,0,TM_NONE,0,WS_NONE,0,TA_SOUTHWEST,0,0,0,0,0
159,76740,43966,0,0,0,0,0,0,0,0,TS_NONE,0,0,0,0,0,0,0,TM_NONE,0,WS_NONE,0,TA_SOUTHWEST,0,0,0,0,0
160,76776,44002,0,0,0,0,0,0,0,0,TS_NONE,0,0,0,0,0,0,0,TM_NONE,0,WS_NONE,0,TA_SOUTHWEST,0,0,0,0,0
161,76812,44038,0,0,0,0,0,0,0,0,TS_NONE,0,0,0,0,0,0,0,TM_NONE,0,WS_NONE,0,TA_SOUTHWEST,0,0,0,0,0
162,76848,44074,0,0,0,0,0,0,0,0,TS_NONE,0,0,0,0,0,0,0,TM_NONE,0,WS_NONE,0,TA_SOUTHWEST,0,0,0,0,0
163,76884,44110,0,0,0,0,0,0,0,0,TS_NONE,0,0,0,0,0,0,0,TM_NONE,0,WS_NONE,0,TA_SOUTHWEST,0,0,0,0,0
164,76920,44146,0,0,0,0,0,0,0,0,TS_NONE,0,0,0,0,0,0,0,TM_NONE,0,WS_NONE,0,TA_SOUTHWEST,0,0,0,0,0
165,76956,44182,0,0,0,0,0,0,0,0,TS_NONE,0,0,0,0,0,0,0,TM_NONE,0,WS_NONE,0,TA_SOUTHWEST,0,0,0,0,0
166,76992,44218,0,0,0,0,0,0,0,0,TS_NONE,0,0,0,0,0,0,0,TM_NONE,0,WS_NONE,0,TA_SOUTHWEST,0,0,0,0,0
167,77028,44254,0,0,0,0,0,0,0,0,TS_NONE,0,0,0,0,0,0,0,TM_NONE,0,WS_NONE,0,TA_SOUTHWEST,0,0,0,0,0
168,77064,44290,0,0,0,0,0,0,0,0,TS_NONE,0,0,0,0,0,0,0,TM_NONE,0,WS_NONE,0,TA_SOUTHWEST,0,0,0,0,0
169,77100,44326,0,0,0,0,0,0,0,0,TS_NONE,0,0,0,0,0,0,0,TM_NONE,0,WS_NONE,0,TA_SOUTHWEST,0,0,0,0,0
170,77136,44362,0,0,0,0,0,0,0,0,TS_NONE,0,0,0,0,0,0,0,TM_NONE,0,WS_NONE,0,TA_SOUTHWEST,0,0,0,0,0
171,77172,44398,0,0,0,0,0,0,0,0,TS_NONE,0,0,0,0,0,0,0,TM_NONE,0,WS_NONE,0,TA_SOUTHWEST,0,0,0,0,0
172,77208,44434,0,0,0,0,0,0,0,0,TS_NONE,0,0,0,0,0,0,0,TM_NONE,0,WS_NONE,0,TA_SOUTHWEST,0,0,0,0,0
173,77244,44470,0,0,0,0,0,0,0,0,TS_NONE,0,0,0,0,0,0,0,TM_NONE,0,WS_NONE,0,TA_SOUTHWEST,0,0,0,0,0
174,77280,44506,0,0,0,0,0,0,0,0,TS_NONE,0,0,0,0,0,0,0,TM_NONE,0,WS_NONE,0,TA_SOUTHWEST,0,0,0,0,0
175,77316,44542,0,0,0,0,0,0,0,0,TS_NONE,0,0,0,0,0,0,0,TM_NONE,0,WS_NONE,0,TA_SOUTHWEST,0,0,0,0,0
176,77352,44578,0,0,0,0,0,0,0,0,TS_NONE,0,0,0,0,0,0,0,TM_NONE,0,WS_NONE,0,TA_SOUTHWEST,0,0,0,0,0
177,77388,44614,0,0,0,0,0,0,0,0,TS_NONE,0,0,0,0,0,0,0,TM_NONE,0,WS_NONE,0,TA_SOUTHWEST,0,0,0,0,0
178,77424,44650,0,0,0,0,0,0,0,0,TS_NONE,0,0,0,0,0,0,0,TM_NONE,0,WS_NONE,0,TA_SOUTHWEST,0,0,0,0,0
179,77460,44686,0,0,0,0,0,0,0,0,TS_NONE,0,0,0,0,0,0,0,TM_NONE,0,WS_NONE,0,TA_SOUTHWEST,0,0,0,0,0
180,77496,44722,0,0,0,0,0,0,0,0,TS_NONE,0,0,0,0,0,0,0,TM_NONE,0,WS_NONE,0,TA_SOUTHWEST,0,0,0,0,0
181,77532,44758,0,0,0,0,0,0,0,0,TS_NONE,0,0,0,0,0,0,0,TM_NONE,0,WS_NONE,0,TA_SOUTHWEST,0,0,0,0,0
182,77568,44794,0,0,0,0,0,0,0,0,TS_NONE,0,0,0,0,0,0,0,TM_NONE,0,WS_NONE,0,TA_SOUTHWEST,0,0,0,0,0
183,77604,44830,0,0,0,0,0,0,0,0,TS_NONE,0,0,0,0,0,0,0,TM_NONE,0,WS_NONE,0,TA_SOUTHWEST,0,0,0,0,0
184,77640,44866,0,0,0,0,0,0,0,0,TS_NONE,0,0,0,0,0,0,0,TM_NONE,0,WS_NONE,0,TA_SOUTHWEST,0,0,0,0,0
185,77676,44902,0,0,0,0,0,0,0,0,TS_NONE,0,0,0,0,0,0,0,TM_NONE,0,WS_NONE,0,TA_SOUTHWEST,0,0,0,0,0
186,77712,44938,0,0,0,0,0,0,0,0,TS_NONE,0,0,0,0,0,0,0,TM_NONE,0,WS_NONE,0,TA_SOUTHWEST,0,0,0,0,0
187,77748,44974,0,0,0,0,0,0,0,0,TS_NONE,0,0,0,0,0,0,0,TM_NONE,0,WS_NONE,0,TA_SOUTHWEST,0,0,0,0,0
188,77784,45010,0,0,0,0,0,0,0,0,TS_NONE,0,0,0,0,0,0,0,TM_NONE,0,WS_NONE,0,TA_SOUTHWEST,0,0,0,0,0
189,77820,45046,0,0,0,0,0,0,0,0,TS_NONE,0,0,0,0,0,0,0,TM_NONE,0,WS_NONE,0,TA_SOUTHWEST,0,0,0,0,0
190,77856,45082,0,0,0,0,0,0,0,0,TS_NONE,0,0,0,0,0,0,0,TM_NONE,0,WS_NONE,0,TA_SOUTHWEST,0,0,0,0,0
191,77892,45118,0,0,0,0,0,0,0,0,TS_NONE,0,0,0,0,0,0,0,TM_NONE,0,WS_NONE,0,TA_SOUTHWEST,0,0,0,0,0
192,77928,45154,0,0,0,0,0,0,0,0,TS_NONE,0,0,0,0,0,0,0,TM_NONE,0,WS_NONE,0,TA_SOUTHWEST,0,0,0,0,0
193,77964,45190,0,0,0,0,0,0,0,0,TS_NONE,0,0,0,0,0,0,0,TM_NONE,0,WS_NONE,0,TA_SOUTHWEST,0,0,0,0,0
194,78000,45226,0,0,0,0,0,0,0,0,TS_NONE,0,0,0,0,0,0,0,TM_NONE,0,WS_NONE,0,TA_SOUTHWEST,0,0,0,0,0
195,78036,45262,0,0,0,0,0,0,0,0,TS_NONE,0,0,0,0,0,0,0,TM_NONE,0,WS_NONE,0,TA_SOUTHWEST,0,0,0,0,0
196,78072,45298,0,0,0,0,0,0,0,0,TS_NONE,0,0,0,0,0,0,0,TM_NONE,0,WS_NONE,0,TA_SOUTHWEST,0,0,0,0,0
197,78108,45334,0,0,0,0,0,0,0,0,TS_NONE,0,0,0,0,0,0,0,TM_NONE,0,WS_NONE,0,TA_SOUTHWEST,0,0,0,0,0
198,78144,45370,0,0,0,0,0,0,0,0,TS_NONE,0,0,0,0,0,0,0,TM_NONE,0,WS_NONE,0,TA_SOUTHWEST,0,0,0,0,0
199,78180,45406,0,0,0,0,0,0,0,0,TS_NONE,0,0,0,0,0,0,0,TM_NONE,0,WS_NONE,0,TA_SOUTHWEST,0,0,0,0,0
200,78216,45442,0,0,0,0,0,0,0,0,TS_NONE,0,0,0,0,0,0,0,TM_NONE,0,WS_NONE,0,TA_SOUTHWEST,0,0,0,0,0
201,78252,45478,0,0,0,0,0,0,0,0,TS_NONE,0,0,0,0,0,0,0,TM_NONE,0,WS_NONE,0,TA_SOUTHWEST,0,0,0,0,0
202,78288,45514,0,0,0,0,0,0,0,0,TS_NONE,0,0,0,0,0,0,0,TM_NONE,0,WS_NONE,0,TA_SOUTHWEST,0,0,0,0,0
203,78324,45550,0,0,0,0,0,0,0,0,TS_NONE,0,0,0,0,0,0,0,TM_NONE,0,WS_NONE,0,TA_SOUTHWEST,0,0,0,0,0
204,78360,45586,0,0,0,0,0,0,0,0,TS_NONE,0,0,0,0,0,0,0,TM_NONE,0,WS_NONE,0,TA_SOUTHWEST,0,0,0,0,0
205,78396,45622,0,0,0,0,0,0,0,0,TS_NONE,0,0,0,0,0,0,0,TM_NONE,0,WS_NONE,0,TA_SOUTHWEST,0,0,0,0,0
206,78432,45658,0,0,0,0,0,0,0,0,TS_NONE,0,0,0,0,0,0,0,TM_NONE,0,WS_NONE,0,TA_SOUTHWEST,0,0,0,0,0
207,78468,45694,0,0,0,0,0,0,0,0,TS_NONE,0,0,0,0,0,0,0,TM_NONE,0,WS_NONE,0,TA_SOUTHWEST,0,0,0,0,0
208,78504,45730,0,0,0,0,0,0,0,0,TS_NONE,0,0,0,0,0,0,0,TM_NONE,0,WS_NONE,0,TA_SOUTHWEST,0,0,0,0,0
209,78540,45766,0,0,0,0,0,0,0,0,TS_NONE,0,0,0,0,0,0,0,TM_NONE,0,WS_NONE,0,TA_SOUTHWEST,0,0,0,0,0
210,78576,45802,0,0,0,0,0,0,0,0,TS_NONE,0,0,0,0,0,0,0,TM_NONE,0,WS_NONE,0,TA_SOUTHWEST,0,0,0,0,0
211,78612,45838,0,0,0,0,0,0,0,0,TS_NONE,0,0,0,0,0,0,0,TM_NONE,0,WS_NONE,0,TA_SOUTHWEST,0,0,0,0,0
212,78648,45874,0,0,0,0,0,0,0,0,TS_NONE,0,0,0,0,0,0,0,TM_NONE,0,WS_NONE,0,TA_SOUTHWEST,0,0,0,0,0
213,78684,45910,0,0,0,0,0,0,0,0,TS_NONE,0,0,0,0,0,0,0,TM_NONE,0,WS_NONE,0,TA_SOUTHWEST,0,0,0,0,0
214,78720,45946,0,0,0,0,0,0,0,0,TS_NONE,0,0,0,0,0,0,0,TM_NONE,0,WS_NONE,0,TA_SOUTHWEST,0,0,0,0,0
215,78756,45982,0,0,0,0,0,0,0,0,TS_NONE,0,0,0,0,0,0,0,TM_NONE,0,WS_NONE,0,TA_SOUTHWEST,0,0,0,0,0
216,78792,46018,0,0,0,0,0,0,0,0,TS_NONE,0,0,0,0,0,0,0,TM_NONE,0,WS_NONE,0,TA_SOUTHWEST,0,0,0,0,0
217,78828,46054,0,0,0,0,0,0,0,0,TS_NONE,0,0,0,0,0,0,0,TM_NONE,0,WS_NONE,0,TA_SOUTHWEST,0,0,0,0,0
218,78864,46090,0,0,0,0,0,0,0,0,TS_NONE,0,0,0,0,0,0,0,TM_NONE,0,WS_NONE,0,TA_SOUTHWEST,0,0,0,0,0
219,78900,46126,0,0,0,0,0,0,0,0,TS_NONE,0,0,0,0,0,0,0,TM_NONE,0,WS_NONE,0,TA_SOUTHWEST,0,0,0,0,0
220,78936,46162,0,0,0,0,0,0,0,0,TS_NONE,0,0,0,0,0,0,0,TM_NONE,0,WS_NONE,0,TA_SOUTHWEST,0,0,0,0,0
221,78972,46198,0,0,0,0,0,0,0,0,TS_NONE,0,0,0,0,0,0,0,TM_NONE,0,WS_NONE,0,TA_SOUTHWEST,0,0,0,0,0
222,79008,46234,0,0,0,0,0,0,0,0,TS_NONE,0,0,0,0,0,0,0,TM_NONE,0,WS_NONE,0,TA_SOUTHWEST,0,0,0,0,0
223,79044,46270,0,0,0,0,0,0,0,0,TS_NONE,0,0,0,0,0,0,0,TM_NONE,0,WS_NONE,0,TA_SOUTHWEST,0,0,0,0,0
224,79080,46306,0,0,0,0,0,0,0,0,TS_NONE,0,0,0,0,0,0,0,TM_NONE,0,WS_NONE,0,TA_SOUTHWEST,0,0,0,0,0
225,79116,46342,0,0,0,0,0,0,0,0,TS_NONE,0,0,0,0,0,0,0,TM_NONE,0,WS_NONE,0,TA_SOUTHWEST,0,0,0,0,0
226,79152,46378,0,0,0,0,0,0,0,0,TS_NONE,0,0,0,0,0,0,0,TM_NONE,0,WS_NONE,0,TA_SOUTHWEST,0,0,0,0,0
227,79188,46414,0,0,0,0,0,0,0,0,TS_NONE,0,0,0,0,0,0,0,TM_NONE,0,WS_NONE,0,TA_SOUTHWEST,0,0,0,0,0
228,79224,46450,0,0,0,0,0,0,0,0,TS_NONE,0,0,0,0,0,0,0,TM_NONE,0,WS_NONE,0,TA_SOUTHWEST,0,0,0,0,0
229,79260,46486,0,0,0,0,0,0,0,0,TS_NONE,0,0,0,0,0,0,0,TM_NONE,0,WS_NONE,0,TA_SOUTHWEST,0,0,0,0,0
230,79296,46522,0,0,0,0,0,0,0,0,TS_NONE,0,0,0,0,0,0,0,TM_NONE,0,WS_NONE,0,TA_SOUTHWEST,0,0,0,0,0
231,79332,46558,0,0,0,0,0,0,0,0,TS_NONE,0,0,0,0,0,0,0,TM_NONE,0,WS_NONE,0,TA_SOUTHWEST,0,0,0,0,0
232,79368,46594,0,0,0,0,0,0,0,0,TS_NONE,0,0,0,0,0,0,0,TM_NONE,0,WS_NONE,0,TA_SOUTHWEST,0,0,0,0,0
233,79404,46630,0,0,0,0,0,0,0,0,TS_NONE,0,0,0,0,0,0,0,TM_NONE,0,WS_NONE,0,TA_SOUTHWEST,0,0,0,0,0
234,79440,46666,0,0,0,0,0,0,0,0,TS_NONE,0,0,0,0,0,0,0,TM_NONE,0,WS_NONE,0,TA_SOUTHWEST,0,0,0,0,0
235,79476,46702,0,0,0,0,0,0,0,0,TS_NONE,0,0,0,0,0,0,0,TM_NONE,0,WS_NONE,0,TA_SOUTHWEST,0,0,0,0,0
236,79512,46738,0,0,0,0,0,0,0,0,TS_NONE,0,0,0,0,0,0,0,TM_NONE,0,WS_NONE,0,TA_SOUTHWEST,0,0,0,0,0
237,79548,46774,0,0,0,0,0,0,0,0,TS_NONE,0,0,0,0,0,0,0,TM_NONE,0,WS_NONE,0,TA_SOUTHWEST,0,0,0,0,0
238,79584,46810,0,0,0,0,0,0,0,0,TS_NONE,0,0,0,0,0,0,0,TM_NONE,0,WS_NONE,0,TA_SOUTHWEST,0,0,0,0,0
239,79620,46846,0,0,0,0,0,0,0,0,TS_NONE,0,0,0,0,0,0,0,TM_NONE,0,WS_NONE,0,TA_SOUTHWEST,0,0,0,0,0
240,79656,46882,0,0,0,0,0,0,0,0,TS_NONE,0,0,0,0,0,0,0,TM_NONE,0,WS_NONE,0,TA_SOUTHWEST,0,0,0,0,0
241,79692,46918,0,0,0,0,0,0,0,0,TS_NONE,0,0,0,0,0,0,0,TM_NONE,0,WS_NONE,0,TA_SOUTHWEST,0,0,0,0,0
242,79728,46954,0,0,0,0,0,0,0,0,TS_NONE,0,0,0,0,0,0,0,TM_NONE,0,WS_NONE,0,TA_SOUTHWEST,0,0,0,0,0
243,79764,46990,0,0,0,0,0,0,0,0,TS_NONE,0,0,0,0,0,0,0,TM_NONE,0,WS_NONE,0,TA_SOUTHWEST,0,0,0,0,0
244,79800,47026,0,0,0,0,0,0,0,0,TS_NONE,0,0,0,0,0,0,0,TM_NONE,0,WS_NONE,0,TA_SOUTHWEST,0,0,0,0,0
245,79836,47062,0,0,0,0,0,0,0,0,TS_NONE,0,0,0,0,0,0,0,TM_NONE,0,WS_NONE,0,TA_SOUTHWEST,0,0,0,0,0
246,79872,47098,0,0,0,0,0,0,0,0,TS_NONE,0,0,0,0,0,0,0,TM_NONE,0,WS_NONE,0,TA_SOUTHWEST,0,0,0,0,0
247,79908,47134,0,0,0,0,0,0,0,0,TS_NONE,0,0,0,0,0,0,0,TM_NONE,0,WS_NONE,0,TA_SOUTHWEST,0,0,0,0,0
248,79944,47170,0,0,0,0,0,0,0,0,TS_NONE,0,0,0,0,0,0,0,TM_NONE,0,WS_NONE,0,TA_SOUTHWEST,0,0,0,0,0
249,79980,47206,0,0,0,0,0,0,0,0,TS_NONE,0,0,0,0,0,0,0,TM_NONE,0,WS_NONE,0,TA_SOUTHWEST,0,0,0,0,0
250,80016,47242,0,0,0,0,0,0,0,0,TS_NONE,0,0,0,0,0,0,0,TM_NONE,0,WS_NONE,0,TA_SOUTHWEST,0,0,0,0,0
251,80052,47278,0,0,0,0,0,0,0,0,TS_NONE,0,0,0,0,0,0,0,TM_NONE,0,WS_NONE,0,TA_SOUTHWEST,0,0,0,0,0
252,80088,47314,0,0,0,0,0,0,0,0,TS_NONE,0,0,0,0,0,0,0,TM_NONE,0,WS_NONE,0,TA_SOUTHWEST,0,0,0,0,0
253,80124,47350,0,0,0,0,0,0,0,0,TS_NONE,0,0,0,0,0,0,0,TM_NONE,0,WS_NONE,0,TA_SOUTHWEST,0,0,0,0,0
254,80160,47386,0,0,0,0,0,0,0,0,TS_NONE,0,0,0,0,0,0,0,TM_NONE,0,WS_NONE,0,TA_SOUTHWEST,0,0,0,0,0
255,80196,47422,0,0,0,0,0,0,0,0,TS_NONE,0,0,0,0,0,0,0,TM_NONE,0,WS_NONE,0,TA_SOUTHWEST,0,0,0,0,0
256,80232,47458,0,0,0,0,0,0,0,0,TS_NONE,0,0,0,0,0,0,0,TM_NONE,0,WS_NONE,0,TA_SOUTHWEST,0,0,0,0,0
257,80268,47494,0,0,0,0,0,0,0,0,TS_NONE,0,0,0,0,0,0,0,TM_NONE,0,WS_NONE,0,TA_SOUTHWEST,0,0,0,0,0
258,80304,47530,0,0,0,0,0,0,0,0,TS_NONE,0,0,0,0,0,0,0,TM_NONE,0,WS_NONE,0,TA_SOUTHWEST,0,0,0,0,0
259,80340,47566,0,0,0,0,0,0,0,0,TS_NONE,0,0,0,0,0,0,0,TM_NONE,0,WS_NONE,0,TA_SOUTHWEST,0,0,0,0,0
260,80376,47602,0,0,0,0,0,0,0,0,TS_NONE,0,0,0,0,0,0,0,TM_NONE,0,WS_NONE,0,TA_SOUTHWEST,0,0,0,0,0
261,80412,47638,0,0,0,0,0,0,0,0,TS_NONE,0,0,0,0,0,0,0,TM_NONE,0,WS_NONE,0,TA_SOUTHWEST,0,0,0,0,0
262,80448,47674,0,0,0,0,0,0,0,0,TS_NONE,0,0,0,0,0,0,0,TM_NONE,0,WS_NONE,0,TA_SOUTHWEST,0,0,0,0,0
263,80484,47710,0,0,0,0,0,0,0,0,TS_NONE,0,0,0,0,0,0,0,TM_NONE,0,WS_NONE,0,TA_SOUTHWEST,0,0,0,0,0
264,80520,47746,0,0,0,0,0,0,0,0,TS_NONE,0,0,0,0,0,0,0,TM_NONE,0,WS_NONE,0,TA_SOUTHWEST,0,0,0,0,0
265,80556,47782,0,0,0,0,0,0,0,0,TS_NONE,0,0,0,0,0,0,0,TM_NONE,0,WS_NONE,0,TA_SOUTHWEST,0,0,0,0,0
266,80592,47818,0,0,0,0,0,0,0,0,TS_NONE,0,0,0,0,0,0,0,TM_NONE,0,WS_NONE,0,TA_SOUTHWEST,0,0,0,0,0
267,80628,47854,0,0,0,0,0,0,0,0,TS_NONE,0,0,0,0,0,0,0,TM_NONE,0,WS_NONE,0,TA_SOUTHWEST,0,0,0,0,0
268,80664,47890,0,0,0,0,0,0,0,0,TS_NONE,0,0,0,0,0,0,0,TM_NONE,0,WS_NONE,0,TA_SOUTHWEST,0,0,0,0,0
269,80700,47926,0,0,0,0,0,0,0,0,TS_NONE,0,0,0,0,0,0,0,TM_NONE,0,WS_NONE,0,TA_SOUTHWEST,0,0,0,0,0
270,80736,47962,0,0,0,0,0,0,0,0,TS_NONE,0,0,0,0,0,0,0,TM_NONE,0,WS_NONE,0,TA_SOUTHWEST,0,0,0,0,0
271,80772,47998,0,0,0,0,0,0,0,0,TS_NONE,0,0,0,0,0,0,0,TM_NONE,0,WS_NONE,0,TA_SOUTHWEST,0,0,0,0,0
272,80808,48034,0,0,0,0,0,0,0,0,TS_NONE,0,0,0,0,0,0,0,TM_NONE,0,WS_NONE,0,TA_SOUTHWEST,0,0,0,0,0
273,80844,48070,0,0,0,0,0,0,0,0,TS_NONE,0,0,0,0,0,0,0,TM_NONE,0,WS_NONE,0,TA_SOUTHWEST,0,0,0,0,0
274,80880,48106,0,0,0,0,0,0,0,0,TS_NONE,0,0,0,0,0,0,0,TM_NONE,0,WS_NONE,0,TA_SOUTHWEST,0,0,0,0,0
275,80916,48142,0,0,0,0,0,0,0,0,TS_NONE,0,0,0,0,0,0,0,TM_NONE,0,WS_NONE,0,TA_SOUTHWEST,0,0,0,0,0
276,80952,48178,0,0,0,0,0,0,0,0,TS_NONE,0,0,0,0,0,0,0,TM_NONE,0,WS_NONE,0,TA_SOUTHWEST,0,0,0,0,0
277,80988,48214,0,0,0,0,0,0,0,0,TS_NONE,0,0,0,0,0,0,0,TM_NONE,0,WS_NONE,0,TA_SOUTHWEST,0,0,0,0,0
278,81024,48250,0,0,0,0,0,0,0,0,TS_NONE,0,0,0,0,0,0,0,TM_NONE,0,WS_NONE,0,TA_SOUTHWEST,0,0,0,0,0
279,81060,48286,0,0,0,0,0,0,0,0,TS_NONE,0,0,0,0,0,0,0,TM_NONE,0,WS_NONE,0,TA_SOUTHWEST,0,0,0,0,0
280,81096,48322,0,0,0,0,0,0,0,0,TS_NONE,0,0,0,0,0,0,0,TM_NONE,0,WS_NONE,0,TA_SOUTHWEST,0,0,0,0,0
281,81132,48358,0,0,0,0,0,0,0,0,TS_NONE,0,0,0,0,0,0,0,TM_NONE,0,WS_NONE,0,TA_SOUTHWEST,0,0,0,0,0
282,81168,48394,0,0,0,0,0,0,0,0,TS_NONE,0,0,0,0,0,0,0,TM_NONE,0,WS_NONE,0,TA_SOUTHWEST,0,0,0,0,0
283,81204,48430,0,0,0,0,0,0,0,0,TS_NONE,0,0,0,0,0,0,0,TM_NONE,0,WS_NONE,0,TA_SOUTHWEST,0,0,0,0,0
284,81240,48466,0,0,0,0,0,0,0,0,TS_NONE,0,0,0,0,0,0,0,TM_NONE,0,WS_NONE,0,TA_SOUTHWEST,0,0,0,0,0
285,81276,48502,0,0,0,0,0,0,0,0,TS_NONE,0,0,0,0,0,0,0,TM_NONE,0,WS_NONE,0,TA_SOUTHWEST,0,0,0,0,0
286,81312,48538,0,0,0,0,0,0,0,0,TS_NONE,0,0,0,0,0,0,0,TM_NONE,0,WS_NONE,0,TA_SOUTHWEST,0,0,0,0,0
287,81348,48574,0,0,0,0,0,0,0,0,TS_NONE,0,0,0,0,0,0,0,TM_NONE,0,WS_NONE,0,TA_SOUTHWEST,0,0,0,0,0
288,81384,48610,0,0,0,0,0,0,0,0,TS_NONE,0,0,0,0,0,0,0,TM_NONE,0,WS_NONE,0,TA_SOUTHWEST,0,0,0,0,0
289,81420,48646,0,0,0,0,0,0,0,0,TS_NONE,0,0,0,0,0,0,0,TM_NONE,0,WS_NONE,0,TA_SOUTHWEST,0,0,0,0,0
290,81456,48682,0,0,0,0,0,0,0,0,TS_NONE,0,0,0,0,0,0,0,TM_NONE,0,WS_NONE,0,TA_SOUTHWEST,0,0,0,0,0
291,81492,48718,0,0,0,0,0,0,0,0,TS_NONE,0,0,0,0,0,0,0,TM_NONE,0,WS_NONE,0,TA_SOUTHWEST,0,0,0,0,0
292,81528,48754,0,0,0,0,0,0,0,0,TS_NONE,0,0,0,0,0,0,0,TM_NONE,0,WS_NONE,0,TA_SOUTHWEST,0,0,0,0,0
293,81564,48790,0,0,0,0,0,0,0,0,TS_NONE,0,0,0,0,0,0,0,TM_NONE,0,WS_NONE,0,TA_SOUTHWEST,0,0,0,0,0
294,81600,48826,0,0,0,0,0,0,0,0,TS_NONE,0,0,0,0,0,0,0,TM_NONE,0,WS_NONE,0,TA_SOUTHWEST,0,0,0,0,0
295,81636,48862,0,0,0,0,0,0,0,0,TS_NONE,0,0,0,0,0,0,0,TM_NONE,0,WS_NONE,0,TA_SOUTHWEST,0,0,0,0,0
296,81672,48898,0,0,0,0,0,0,0,0,TS_NONE,0,0,0,0,0,0,0,TM_NONE,0,WS_NONE,0,TA_SOUTHWEST,0,0,0,0,0
297,81708,48934,0,0,0,0,0,0,0,0,TS_NONE,0,0,0,0,0,0,0,TM_NONE,0,WS_NONE,0,TA_SOUTHWEST,0,0,0,0,0
298,81744,48970,0,0,0,0,0,0,0,0,TS_NONE,0,0,0,0,0,0,0,TM_NONE,0,WS_NONE,0,TA_SOUTHWEST,0,0,0,0,0
299,81780,49006,0,0,0,0,0,0,0,0,TS_NONE,0,0,0,0,0,0,0,TM_NONE,0,WS_NONE,0,TA_SOUTHWEST,0,0,0,0,0
300,81816,49042,0,0,0,0,0,0,0,0,TS_NONE,0,0,0,0,0,0,0,TM_NONE,0,WS_NONE,0,TA_SOUTHWEST,0,0,0,0,0
301,81852,49078,0,0,0,0,0,0,0,0,TS_NONE,0,0,0,0,0,0,0,TM_NONE,0,WS_NONE,0,TA_SOUTHWEST,0,0,0,0,0
302,81888,49114,0,0,0,0,0,0,0,0,TS_NONE,0,0,0,0,0,0,0,TM_NONE,0,WS_NONE,0,TA_SOUTHWEST,0,0,0,0,0
303,81924,49150,0,0,0,0,0,0,0,0,TS_NONE,0,0,0,0,0,0,0,TM_NONE,0,WS_NONE,0,TA_SOUTHWEST,0,0,0,0,0
304,81960,49186,0,0,0,0,0,0,0,0,TS_NONE,0,0,0,0,0,0,0,TM_NONE,0,WS_NONE,0,TA_SOUTHWEST,0,0,0,0,0
305,81996,49222,0,0,0,0,0,0,0,0,TS_NONE,0,0,0,0,0,0,0,TM_NONE,0,WS_NONE,0,TA_SOUTHWEST,0,0,0,0,0
306,82032,49258,0,0,0,0,0,0,0,0,TS_NONE,0,0,0,0,0,0,0,TM_NONE,0,WS_NONE,0,TA_SOUTHWEST,0,0,0,0,0
307,82068,49294,0,0,0,0,0,0,0,0,TS_NONE,0,0,0,0,0,0,0,TM_NONE,0,WS_NONE,0,TA_SOUTHWEST,0,0,0,0,0
308,82104,49330,0,0,0,0,0,0,0,0,TS_NONE,0,0,0,0,0,0,0,TM_NONE,0,WS_NONE,0,TA_SOUTHWEST,0,0,0,0,0
309,82140,49366,0,0,0,0,0,0,0,0,TS_NONE,0,0,0,0,0,0,0,TM_NONE,0,WS_NONE,0,TA_SOUTHWEST,0,0,0,0,0
310,82176,49402,0,0,0,0,0,0,0,0,TS_NONE,0,0,0,0,0,0,0,TM_NONE,0,WS_NONE,0,TA_SOUTHWEST,0,0,0,0,0
311,82212,49438,0,0,0,0,0,0,0,0,TS_NONE,0,0,0,0,0,0,0,TM_NONE,0,WS_NONE,0,TA_SOUTHWEST,0,0,0,0,0
312,82248,49474,0,0,0,0,0,0,0,0,TS_NONE,0,0,0,0,0,0,0,TM_NONE,0,WS_NONE,0,TA_SOUTHWEST,0,0,0,0,0
313,82284,49510,0,0,0,0,0,0,0,0,TS_NONE,0,0,0,0,0,0,0,TM_NONE,0,WS_NONE,0,TA_SOUTHWEST,0,0,0,0,0
314,82320,49546,0,0,0,0,0,0,0,0,TS_NONE,0,0,0,0,0,0,0,TM_NONE,0,WS_NONE,0,TA_SOUTHWEST,0,0,0,0,0
315,82356,49582,0,0,0,0,0,0,0,0,TS_NONE,0,0,0,0,0,0,0,TM_NONE,0,WS_NONE,0,TA_SOUTHWEST,0,0,0,0,0
316,82392,49618,0,0,0,0,0,0,0,0,TS_NONE,0,0,0,0,0,0,0,TM_NONE,0,WS_NONE,0,TA_SOUTHWEST,0,0,0,0,0
317,82428,49654,0,0,0,0,0,0,0,0,TS_NONE,0,0,0,0,0,0,0,TM_NONE,0,WS_NONE,0,TA_SOUTHWEST,0,0,0,0,0
318,82464,49690,0,0,0,0,0,0,0,0,TS_NONE,0,0,0,0,0,0,0,TM_NONE,0,WS_NONE,0,TA_SOUTHWEST,0,0,0,0,0
319,82500,49726,0,0,0,0,0,0,0,0,TS_NONE,0,0,0,0,0,0,0,TM_NONE,0,WS_NONE,0,TA_SOUTHWEST,0,0,0,0,0
320,82536,49762,0,0,0,0,0,0,0,0,TS_NONE,0,0,0,0,0,0,0,TM_NONE,0,WS_NONE,0,TA_SOUTHWEST,0,0,0,0,0
321,82572,49798,0,0,0,0,0,0,0,0,TS_NONE,0,0,0,0,0,0,0,TM_NONE,0,WS_NONE,0,TA_SOUTHWEST,0,0,0,0,0
322,82608,49834,0,0,0,0,0,0,0,0,TS_NONE,0,0,0,0,0,0,0,TM_NONE,0,WS_NONE,0,TA_SOUTHWEST,0,0,0,0,0
323,82644,49870,0,0,0,0,0,0,0,0,TS_NONE,0,0,0,0,0,0,0,TM_NONE,0,WS_NONE,0,TA_SOUTHWEST,0,0,0,0,0
324,82680,49906,0,0,0,0,0,0,0,0,TS_NONE,0,0,0,0,0,0,0,TM_NONE,0,WS_NONE,0,TA_SOUTHWEST,0,0,0,0,0
325,82716,49942,0,0,0,0,0,0,0,0,TS_NONE,0,0,0,0,0,0,0,TM_NONE,0,WS_NONE,0,TA_SOUTHWEST,0,0,0,0,0
326,82752,49978,0,0,0,0,0,0,0,0,TS_NONE,0,0,0,0,0,0,0,TM_NONE,0,WS_NONE,0,TA_SOUTHWEST,0,0,0,0,0
327,82788,50014,0,0,0,0,0,0,0,0,TS_NONE,0,0,0,0,0,0,0,TM_NONE,0,WS_NONE,0,TA_SOUTHWEST,0,0,0,0,0
328,82824,50050,0,0,0,0,0,0,0,0,TS_NONE,0,0,0,0,0,0,0,TM_NONE,0,WS_NONE,0,TA_SOUTHWEST,0,0,0,0,0
329,82860,50086,0,0,0,0,0,0,0,0,TS_NONE,0,0,0,0,0,0,0,TM_NONE,0,WS_NONE,0,TA_SOUTHWEST,0,0,0,0,0
330,82896,50122,0,0,0,0,0,0,0,0,TS_NONE,0,0,0,0,0,0,0,TM_NONE,0,WS_NONE,0,TA_SOUTHWEST,0,0,0,0,0
331,82932,50158,0,0,0,0,0,0,0,0,TS_NONE,0,0,0,0,0,0,0,TM_NONE,0,WS_NONE,0,TA_SOUTHWEST,0,0,0,0,0
332,82968,50194,0,0,0,0,0,0,0,0,TS_NONE,0,0,0,0,0,0,0,TM_NONE,0,WS_NONE,0,TA_SOUTHWEST,0,0,0,0,0
333,83004,50230,0,0,0,0,0,0,0,0,TS_NONE,0,0,0,0,0,0,0,TM_NONE,0,WS_NONE,0,TA_SOUTHWEST,0,0,0,0,0
334,83040,50266,0,0,0,0,0,0,0,0,TS_NONE,0,0,0,0,0,0,0,TM_NONE,0,WS_NONE,0,TA_SOUTHWEST,0,0,0,0,0
335,83076,50302,0,0,0,0,0,0,0,0,TS_NONE,0,0,0,0,0,0,0,TM_NONE,0,WS_NONE,0,TA_SOUTHWEST,0,0,0,0,0
336,83112,50338,0,0,0,0,0,0,0,0,TS_NONE,0,0,0,0,0,0,0,TM_NONE,0,WS_NONE,0,TA_SOUTHWEST,0,0,0,0,0
337,83148,50374,0,0,0,0,0,0,0,0,TS_NONE,0,0,0,0,0,0,0,TM_NONE,0,WS_NONE,0,TA_SOUTHWEST,0,0,0,0,0
338,83184,50410,0,0,0,0,0,0,0,0,TS_NONE,0,0,0,0,0,0,0,TM_NONE,0,WS_NONE,0,TA_SOUTHWEST,0,0,0,0,0
339,83220,50446,0,0,0,0,0,0,0,0,TS_NONE,0,0,0,0,0,0,0,TM_NONE,0,WS_NONE,0,TA_SOUTHWEST,0,0,0,0,0
340,83256,50482,0,0,0,0,0,0,0,0,TS_NONE,0,0,0,0,0,0,0,TM_NONE,0,WS_NONE,0,TA_SOUTHWEST,0,0,0,0,0
341,83292,50518,0,0,0,0,0,0,0,0,TS_NONE,0,0,0,0,0,0,0,TM_NONE,0,WS_NONE,0,TA_SOUTHWEST,0,0,0,0,0
342,83328,50554,0,0,0,0,0,0,0,0,TS_NONE,0,0,0,0,0,0,0,TM_NONE,0,WS_NONE,0,TA_SOUTHWEST,0,0,0,0,0
343,83364,50590,0,0,0,0,0,0,0,0,TS_NONE,0,0,0,0,0,0,0,TM_NONE,0,WS_NONE,0,TA_SOUTHWEST,0,0,0,0,0
344,83400,50626,0,0,0,0,0,0,0,0,TS_NONE,0,0,0,0,0,0,0,TM_NONE,0,WS_NONE,0,TA_SOUTHWEST,0,0,0,0,0
345,83436,50662,0,0,0,0,0,0,0,0,TS_NONE,0,0,0,0,0,0,0,TM_NONE,0,WS_NONE,0,TA_SOUTHWEST,0,0,0,0,0
346,83472,50698,0,0,0,0,0,0,0,0,TS_NONE,0,0,0,0,0,0,0,TM_NONE,0,WS_NONE,0,TA_SOUTHWEST,0,0,0,0,0
347,83508,50734,0,0,0,0,0,0,0,0,TS_NONE,0,0,0,0,0,0,0,TM_NONE,0,WS_NONE,0,TA_SOUTHWEST,0,0,0,0,0
348,83544,50770,0,0,0,0,0,0,0,0,TS_NONE,0,0,0,0,0,0,0,TM_NONE,0,WS_NONE,0,TA_SOUTHWEST,0,0,0,0,0
349,83580,50806,0,0,0,0,0,0,0,0,TS_NONE,0,0,0,0,0,0,0,TM_NONE,0,WS_NONE,0,TA_SOUTHWEST,0,0,0,0,0
350,83616,50842,0,0,0,0,0,0,0,0,TS_NONE,0,0,0,0,0,0,0,TM_NONE,0,WS_NONE,0,TA_SOUTHWEST,0,0,0,0,0
351,83652,50878,0,0,0,0,0,0,0,0,TS_NONE,0,0,0,0,0,0,0,TM_NONE,0,WS_NONE,0,TA_SOUTHWEST,0,0,0,0,0
352,83688,50914,0,0,0,0,0,0,0,0,TS_NONE,0,0,0,0,0,0,0,TM_NONE,0,WS_NONE,0,TA_SOUTHWEST,0,0,0,0,0
353,83724,50950,0,0,0,0,0,0,0,0,TS_NONE,0,0,0,0,0,0,0,TM_NONE,0,WS_NONE,0,TA_SOUTHWEST,0,0,0,0,0
354,83760,50986,0,0,0,0,0,0,0,0,TS_NONE,0,0,0,0,0,0,0,TM_NONE,0,WS_NONE,0,TA_SOUTHWEST,0,0,0,0,0
355,83796,51022,0,0,0,0,0,0,0,0,TS_NONE,0,0,0,0,0,0,0,TM_NONE,0,WS_NONE,0,TA_SOUTHWEST,0,0,0,0,0
356,83832,51058,0,0,0,0,0,0,0,0,TS_NONE,0,0,0,0,0,0,0,TM_NONE,0,WS_NONE,0,TA_SOUTHWEST,0,0,0,0,0
357,83868,51094,0,0,0,0,0,0,0,0,TS_NONE,0,0,0,0,0,0,0,TM_NONE,0,WS_NONE,0,TA_SOUTHWEST,0,0,0,0,0
358,83904,51130,0,0,0,0,0,0,0,0,TS_NONE,0,0,0,0,0,0,0,TM_NONE,0,WS_NONE,0,TA_SOUTHWEST,0,0,0,0,0
359,83940,51166,0,0,0,0,0,0,0,0,TS_NONE,0,0,0,0,0,0,0,TM_NONE,0,WS_NONE,0,TA_SOUTHWEST,0,0,0,0,0
360,83976,51202,0,0,0,0,0,0,0,0,TS_NONE,0,0,0,0,0,0,0,TM_NONE,0,WS_NONE,0,TA_SOUTHWEST,0,0,0,0,0
361,84012,51238,0,0,0,0,0,0,0,0,TS_NONE,0,0,0,0,0,0,0,TM_NONE,0,WS_NONE,0,TA_SOUTHWEST,0,0,0,0,0
362,84048,51274,0,0,0,0,0,0,0,0,TS_NONE,0,0,0,0,0,0,0,TM_NONE,0,WS_NONE,0,TA_SOUTHWEST,0,0,0,0,0
363,84084,51310,0,0,0,0,0,0,0,0,TS_NONE,0,0,0,0,0,0,0,TM_NONE,0,WS_NONE,0,TA_SOUTHWEST,0,0,0,0,0
364,84120,51346,0,0,0,0,0,0,0,0,TS_NONE,0,0,0,0,0,0,0,TM_NONE,0,WS_NONE,0,TA_SOUTHWEST,0,0,0,0,0
365,84156,51382,0,0,0,0,0,0,0,0,TS_NONE,0,0,0,0,0,0,0,TM_NONE,0,WS_NONE,0,TA_SOUTHWEST,0,0,0,0,0
366,84192,51418,0,0,0,0,0,0,0,0,TS_NONE,0,0,0,0,0,0,0,TM_NONE,0,WS_NONE,0,TA_SOUTHWEST,0,0,0,0,0
367,84228,51454,0,0,0,0,0,0,0,0,TS_NONE,0,0,0,0,0,0,0,TM_NONE,0,WS_NONE,0,TA_SOUTHWEST,0,0,0,0,0
368,84264,51490,0,0,0,0,0,0,0,0,TS_NONE,0,0,0,0,0,0,0,TM_NONE,0,WS_NONE,0,TA_SOUTHWEST,0,0,0,0,0
369,84300,51526,0,0,0,0,0,0,0,0,TS_NONE,0,0,0,0,0,0,0,TM_NONE,0,WS_NONE,0,TA_SOUTHWEST,0,0,0,0,0
370,84336,51562,0,0,0,0,0,0,0,0,TS_NONE,0,0,0,0,0,0,0,TM_NONE,0,WS_NONE,0,TA_SOUTHWEST,0,0,0,0,0
371,84372,51598,0,0,0,0,0,0,0,0,TS_NONE,0,0,0,0,0,0,0,TM_NONE,0,WS_NONE,0,TA_SOUTHWEST,0,0,0,0,0
372,84408,51634,0,0,0,0,0,0,0,0,TS_NONE,0,0,0,0,0,0,0,TM_NONE,0,WS_NONE,0,TA_SOUTHWEST,0,0,0,0,0
373,84444,51670,0,0,0,0,0,0,0,0,TS_NONE,0,0,0,0,0,0,0,TM_NONE,0,WS_NONE,0,TA_SOUTHWEST,0,0,0,0,0
374,84480,51706,0,0,0,0,0,0,0,0,TS_NONE,0,0,0,0,0,0,0,TM_NONE,0,WS_NONE,0,TA_SOUTHWEST,0,0,0,0,0
375,84516,51742,0,0,0,0,0,0,0,0,TS_NONE,0,0,0,0,0,0,0,TM_NONE,0,WS_NONE,0,TA_SOUTHWEST,0,0,0,0,0
376,84552,51778,0,0,0,0,0,0,0,0,TS_NONE,0,0,0,0,0,0,0,TM_NONE,0,WS_NONE,0,TA_SOUTHWEST,0,0,0,0,0
377,84588,51814,0,0,0,0,0,0,0,0,TS_NONE,0,0,0,0,0,0,0,TM_NONE,0,WS_NONE,0,TA_SOUTHWEST,0,0,0,0,0
378,84624,51850,0,0,0,0,0,0,0,0,TS_NONE,0,0,0,0,0,0,0,TM_NONE,0,WS_NONE,0,TA_SOUTHWEST,0,0,0,0,0
379,84660,51886,0,0,0,0,0,0,0,0,TS_NONE,0,0,0,0,0,0,0,TM_NONE,0,WS_NONE,0,TA_SOUTHWEST,0,0,0,0,0
380,84696,51922,0,0,0,0,0,0,0,0,TS_NONE,0,0,0,0,0,0,0,TM_NONE,0,WS_NONE,0,TA_SOUTHWEST,0,0,0,0,0
381,84732,51958,0,0,0,0,0,0,0,0,TS_NONE,0,0,0,0,0,0,0,TM_NONE,0,WS_NONE,0,TA_SOUTHWEST,0,0,0,0,0
382,84768,51994,0,0,0,0,0,0,0,0,TS_NONE,0,0,0,0,0,0,0,TM_NONE,0,WS_NONE,0,TA_SOUTHWEST,0,0,0,0,0
383,84804,52030,0,0,0,0,0,0,0,0,TS_NONE,0,0,0,0,0,0,0,TM_NONE,0,WS_NONE,0,TA_SOUTHWEST,0,0,0,0,0
384,84840,52066,0,0,0,0,0,0,0,0,TS_NONE,0,0,0,0,0,0,0,TM_NONE,0,WS_NONE,0,TA_SOUTHWEST,0,0,0,0,0
385,84876,52102,0,0,0,0,0,0,0,0,TS_NONE,0,0,0,0,0,0,0,TM_NONE,0,WS_NONE,0,TA_SOUTHWEST,0,0,0,0,0
386,84912,52138,0,0,0,0,0,0,0,0,TS_NONE,0,0,0,0,0,0,0,TM_NONE,0,WS_NONE,0,TA_SOUTHWEST,0,0,0,0,0
387,84948,52174,0,0,0,0,0,0,0,0,TS_NONE,0,0,0,0,0,0,0,TM_NONE,0,WS_NONE,0,TA_SOUTHWEST,0,0,0,0,0
388,84984,52210,0,0,0,0,0,0,0,0,TS_NONE,0,0,0,0,0,0,0,TM_NONE,0,WS_NONE,0,TA_SOUTHWEST,0,0,0,0,0
389,85020,52246,0,0,0,0,0,0,0,0,TS_NONE,0,0,0,0,0,0,0,TM_NONE,0,WS_NONE,0,TA_SOUTHWEST,0,0,0,0,0
390,85056,52282,0,0,0,0,0,0,0,0,TS_NONE,0,0,0,0,0,0,0,TM_NONE,0,WS_NONE,0,TA_SOUTHWEST,0,0,0,0,0
391,85092,52318,0,0,0,0,0,0,0,0,TS_NONE,0,0,0,0,0,0,0,TM_NONE,0,WS_NONE,0,TA_SOUTHWEST,0,0,0,0,0
392,85128,52354,0,0,0,0,0,0,0,0,TS_NONE,0,0,0,0,0,0,0,TM_NONE,0,WS_NONE,0,TA_SOUTHWEST,0,0,0,0,0
393,85164,52390,0,0,0,0,0,0,0,0,TS_NONE,0,0,0,0,0,0,0,TM_NONE,0,WS_NONE,0,TA_SOUTHWEST,0,0,0,0,0
394,85200,52426,0,0,0,0,0,0,0,0,TS_NONE,0,0,0,0,0,0,0,TM_NONE,0,WS_NONE,0,TA_SOUTHWEST,0,0,0,0,0
395,85236,52462,0,0,0,0,0,0,0,0,TS_NONE,0,0,0,0,0,0,0,TM_NONE,0,WS_NONE,0,TA_SOUTHWEST,0,0,0,0,0
396,85272,52498,0,0,0,0,0,0,0,0,TS_NONE,0,0,0,0,0,0,0,TM_NONE,0,WS_NONE,0,TA_SOUTHWEST,0,0,0,0,0
397,85308,52534,0,0,0,0,0,0,0,0,TS_NONE,0,0,0,0,0,0,0,TM_NONE,0,WS_NONE,0,TA_SOUTHWEST,0,0,0,0,0
398,85344,52570,0,0,0,0,0,0,0,0,TS_NONE,0,0,0,0,0,0,0,TM_NONE,0,WS_NONE,0,TA_SOUTHWEST,0,0,0,0,0
399,85380,52606,0,0,0,0,0,0,0,0,TS_NONE,0,0,0,0,0,0,0,TM_NONE,0,WS_NONE,0,TA_SOUTHWEST,0,0,0,0,0
400,85416,52642,0,0,0,0,0,0,0,0,TS_NONE,0,0,0,0,0,0,0,TM_NONE,0,WS_NONE,0,TA_SOUTHWEST,0,0,0,0,0
401,85452,52678,0,0,0,0,0,0,0,0,TS_NONE,0,0,0,0,0,0,0,TM_NONE,0,WS_NONE,0,TA_SOUTHWEST,0,0,0,0,0
402,85488,52714,0,0,0,0,0,0,0,0,TS_NONE,0,0,0,0,0,0,0,TM_NONE,0,WS_NONE,0,TA_SOUTHWEST,0,0,0,0,0
403,85524,52750,0,0,0,0,0,0,0,0,TS_NONE,0,0,0,0,0,0,0,TM_NONE,0,WS_NONE,0,TA_SOUTHWEST,0,0,0,0,0
404,85560,52786,0,0,0,0,0,0,0,0,TS_NONE,0,0,0,0,0,0,0,TM_NONE,0,WS_NONE,0,TA_SOUTHWEST,0,0,0,0,0
405,85596,52822,0,0,0,0,0,0,0,0,TS_NONE,0,0,0,0,0,0,0,TM_NONE,0,WS_NONE,0,TA_SOUTHWEST,0,0,0,0,0
406,85632,52858,0,0,0,0,0,0,0,0,TS_NONE,0,0,0,0,0,0,0,TM_NONE,0,WS_NONE,0,TA_SOUTHWEST,0,0,0,0,0
407,85668,52894,0,0,0,0,0,0,0,0,TS_NONE,0,0,0,0,0,0,0,TM_NONE,0,WS_NONE,0,TA_SOUTHWEST,0,0,0,0,0
408,85704,52930,0,0,0,0,0,0,0,0,TS_NONE,0,0,0,0,0,0,0,TM_NONE,0,WS_NONE,0,TA_SOUTHWEST,0,0,0,0,0
409,85740,52966,0,0,0,0,0,0,0,0,TS_NONE,0,0,0,0,0,0,0,TM_NONE,0,WS_NONE,0,TA_SOUTHWEST,0,0,0,0,0
410,85776,53002,0,0,0,0,0,0,0,0,TS_NONE,0,0,0,0,0,0,0,TM_NONE,0,WS_NONE,0,TA_SOUTHWEST,0,0,0,0,0
411,85812,53038,0,0,0,0,0,0,0,0,TS_NONE,0,0,0,0,0,0,0,TM_NONE,0,WS_NONE,0,TA_SOUTHWEST,0,0,0,0,0
412,85848,53074,0,0,0,0,0,0,0,0,TS_NONE,0,0,0,0,0,0,0,TM_NONE,0,WS_NONE,0,TA_SOUTHWEST,0,0,0,0,0
413,85884,53110,0,0,0,0,0,0,0,0,TS_NONE,0,0,0,0,0,0,0,TM_NONE,0,WS_NONE,0,TA_SOUTHWEST,0,0,0,0,0
414,85920,53146,0,0,0,0,0,0,0,0,TS_NONE,0,0,0,0,0,0,0,TM_NONE,0,WS_NONE,0,TA_SOUTHWEST,0,0,0,0,0
415,85956,53182,0,0,0,0,0,0,0,0,TS_NONE,0,0,0,0,0,0,0,TM_NONE,0,WS_NONE,0,TA_SOUTHWEST,0,0,0,0,0
416,85992,53218,0,0,0,0,0,0,0,0,TS_NONE,0,0,0,0,0,0,0,TM_NONE,0,WS_NONE,0,TA_SOUTHWEST,0,0,0,0,0
417,86028,53254,0,0,0,0,0,0,0,0,TS_NONE,0,0,0,0,0,0,0,TM_NONE,0,WS_NONE,0,TA_SOUTHWEST,0,0,0,0,0
418,86064,53290,0,0,0,0,0,0,0,0,TS_NONE,0,0,0,0,0,0,0,TM_NONE,0,WS_NONE,0,TA_SOUTHWEST,0,0,0,0,0
419,86100,53326,0,0,0,0,0,0,0,0,TS_NONE,0,0,0,0,0,0,0,TM_NONE,0,WS_NONE,0,TA_SOUTHWEST,0,0,0,0,0
420,86136,53362,0,0,0,0,0,0,0,0,TS_NONE,0,0,0,0,0,0,0,TM_NONE,0,WS_NONE,0,TA_SOUTHWEST,0,0,0,0,0
421,86172,53398,0,0,0,0,0,0,0,0,TS_NONE,0,0,0,0,0,0,0,TM_NONE,0,WS_NONE,0,TA_SOUTHWEST,0,0,0,0,0
422,86208,53434,0,0,0,0,0,0,0,0,TS_NONE,0,0,0,0,0,0,0,TM_NONE,0,WS_NONE,0,TA_SOUTHWEST,0,0,0,0,0
423,86244,53470,0,0,0,0,0,0,0,0,TS_NONE,0,0,0,0,0,0,0,TM_NONE,0,WS_NONE,0,TA_SOUTHWEST,0,0,0,0,0
424,86280,53506,0,0,0,0,0,0,0,0,TS_NONE,0,0,0,0,0,0,0,TM_NONE,0,WS_NONE,0,TA_SOUTHWEST,0,0,0,0,0
425,86316,53542,0,0,0,0,0,0,0,0,TS_NONE,0,0,0,0,0,0,0,TM_NONE,0,WS_NONE,0,TA_SOUTHWEST,0,0,0,0,0
426,86352,53578,0,0,0,0,0,0,0,0,TS_NONE,0,0,0,0,0,0,0,TM_NONE,0,WS_NONE,0,TA_SOUTHWEST,0,0,0,0,0
427,86388,53614,0,0,0,0,0,0,0,0,TS_NONE,0,0,0,0,0,0,0,TM_NONE,0,WS_NONE,0,TA_SOUTHWEST,0,0,0,0,0
428,86424,53650,0,0,0,0,0,0,0,0,TS_NONE,0,0,0,0,0,0,0,TM_NONE,0,WS_NONE,0,TA_SOUTHWEST,0,0,0,0,0
429,86460,53686,0,0,0,0,0,0,0,0,TS_NONE,0,0,0,0,0,0,0,TM_NONE,0,WS_NONE,0,TA_SOUTHWEST,0,0,0,0,0
430,86496,53722,0,0,0,0,0,0,0,0,TS_NONE,0,0,0,0,0,0,0,TM_NONE,0,WS_NONE,0,TA_SOUTHWEST,0,0,0,0,0
431,86532,53758,0,0,0,0,0,0,0,0,TS_NONE,0,0,0,0,0,0,0,TM_NONE,0,WS_NONE,0,TA_SOUTHWEST,0,0,0,0,0
432,86568,53794,0,0,0,0,0,0,0,0,TS_NONE,0,0,0,0,0,0,0,TM_NONE,0,WS_NONE,0,TA_SOUTHWEST,0,0,0,0,0
433,86604,53830,0,0,0,0,0,0,0,0,TS_NONE,0,0,0,0,0,0,0,TM_NONE,0,WS_NONE,0,TA_SOUTHWEST,0,0,0,0,0
434,86640,53866,0,0,0,0,0,0,0,0,TS_NONE,0,0,0,0,0,0,0,TM_NONE,0,WS_NONE,0,TA_SOUTHWEST,0,0,0,0,0
435,86676,53902,0,0,0,0,0,0,0,0,TS_NONE,0,0,0,0,0,0,0,TM_NONE,0,WS_NONE,0,TA_SOUTHWEST,0,0,0,0,0
436,86712,53938,0,0,0,0,0,0,0,0,TS_NONE,0,0,0,0,0,0,0,TM_NONE,0,WS_NONE,0,TA_SOUTHWEST,0,0,0,0,0
437,86748,53974,0,0,0,0,0,0,0,0,TS_NONE,0,0,0,0,0,0,0,TM_NONE,0,WS_NONE,0,TA_SOUTHWEST,0,0,0,0,0
438,86784,54010,0,0,0,0,0,0,0,0,TS_NONE,0,0,0,0,0,0,0,TM_NONE,0,WS_NONE,0,TA_SOUTHWEST,0,0,0,0,0
439,86820,54046,0,0,0,0,0,0,0,0,TS_NONE,0,0,0,0,0,0,0,TM_NONE,0,WS_NONE,0,TA_SOUTHWEST,0,0,0,0,0
440,86856,54082,0,0,0,0,0,0,0,0,TS_NONE,0,0,0,0,0,0,0,TM_NONE,0,WS_NONE,0,TA_SOUTHWEST,0,0,0,0,0
441,86892,54118,0,0,0,0,0,0,0,0,TS_NONE,0,0,0,0,0,0,0,TM_NONE,0,WS_NONE,0,TA_SOUTHWEST,0,0,0,0,0
442,86928,54154,0,0,0,0,0,0,0,0,TS_NONE,0,0,0,0,0,0,0,TM_NONE,0,WS_NONE,0,TA_SOUTHWEST,0,0,0,0,0
443,86964,54190,0,0,0,0,0,0,0,0,TS_NONE,0,0,0,0,0,0,0,TM_NONE,0,WS_NONE,0,TA_SOUTHWEST,0,0,0,0,0
444,87000,54226,0,0,0,0,0,0,0,0,TS_NONE,0,0,0,0,0,0,0,TM_NONE,0,WS_NONE,0,TA_SOUTHWEST,0,0,0,0,0
445,87036,54262,0,0,0,0,0,0,0,0,TS_NONE,0,0,0,0,0,0,0,TM_NONE,0,WS_NONE,0,TA_SOUTHWEST,0,0,0,0,0
446,87072,54298,0,0,0,0,0,0,0,0,TS_NONE,0,0,0,0,0,0,0,TM_NONE,0,WS_NONE,0,TA_SOUTHWEST,0,0,0,0,0
447,87108,54334,0,0,0,0,0,0,0,0,TS_NONE,0,0,0,0,0,0,0,TM_NONE,0,WS_NONE,0,TA_SOUTHWEST,0,0,0,0,0
448,87144,54370,0,0,0,0,0,0,0,0,TS_NONE,0,0,0,0,0,0,0,TM_NONE,0,WS_NONE,0,TA_SOUTHWEST,0,0,0,0,0
449,87180,54406,0,0,0,0,0,0,0,0,TS_NONE,0,0,0,0,0,0,0,TM_NONE,0,WS_NONE,0,TA_SOUTHWEST,0,0,0,0,0
450,87216,54442,0,0,0,0,0,0,0,0,TS_NONE,0,0,0,0,0,0,0,TM_NONE,0,WS_NONE,0,TA_SOUTHWEST,0,0,0,0,0
451,87252,54478,0,0,0,0,0,0,0,0,TS_NONE,0,0,0,0,0,0,0,TM_NONE,0,WS_NONE,0,TA_SOUTHWEST,0,0,0,0,0
452,87288,54514,0,0,0,0,0,0,0,0,TS_NONE,0,0,0,0,0,0,0,TM_NONE,0,WS_NONE,0,TA_SOUTHWEST,0,0,0,0,0
453,87324,54550,0,0,0,0,0,0,0,0,TS_NONE,0,0,0,0,0,0,0,TM_NONE,0,WS_NONE,0,TA_SOUTHWEST,0,0,0,0,0
454,87360,54586,0,0,0,0,0,0,0,0,TS_NONE,0,0,0,0,0,0,0,TM_NONE,0,WS_NONE,0,TA_SOUTHWEST,0,0,0,0,0
455,87396,54622,0,0,0,0,0,0,0,0,TS_NONE,0,0,0,0,0,0,0,TM_NONE,0,WS_NONE,0,TA_SOUTHWEST,0,0,0,0,0
456,87432,54658,0,0,0,0,0,0,0,0,TS_NONE,0,0,0,0,0,0,0,TM_NONE,0,WS_NONE,0,TA_SOUTHWEST,0,0,0,0,0
457,87468,54694,0,0,0,0,0,0,0,0,TS_NONE,0,0,0,0,0,0,0,TM_NONE,0,WS_NONE,0,TA_SOUTHWEST,0,0,0,0,0
458,87504,54730,0,0,0,0,0,0,0,0,TS_NONE,0,0,0,0,0,0,0,TM_NONE,0,WS_NONE,0,TA_SOUTHWEST,0,0,0,0,0
459,87540,54766,0,0,0,0,0,0,0,0,TS_NONE,0,0,0,0,0,0,0,TM_NONE,0,WS_NONE,0,TA_SOUTHWEST,0,0,0,0,0
460,87576,54802,0,0,0,0,0,0,0,0,TS_NONE,0,0,0,0,0,0,0,TM_NONE,0,WS_NONE,0,TA_SOUTHWEST,0,0,0,0,0
461,87612,54838,0,0,0,0,0,0,0,0,TS_NONE,0,0,0,0,0,0,0,TM_NONE,0,WS_NONE,0,TA_SOUTHWEST,0,0,0,0,0
462,87648,54874,0,0,0,0,0,0,0,0,TS_NONE,0,0,0,0,0,0,0,TM_NONE,0,WS_NONE,0,TA_SOUTHWEST,0,0,0,0,0
463,87684,54910,0,0,0,0,0,0,0,0,TS_NONE,0,0,0,0,0,0,0,TM_NONE,0,WS_NONE,0,TA_SOUTHWEST,0,0,0,0,0
464,87720,54946,0,0,0,0,0,0,0,0,TS_NONE,0,0,0,0,0,0,0,TM_NONE,0,WS_NONE,0,TA_SOUTHWEST,0,0,0,0,0
465,87756,54982,0,0,0,0,0,0,0,0,TS_NONE,0,0,0,0,0,0,0,TM_NONE,0,WS_NONE,0,TA_SOUTHWEST,0,0,0,0,0
466,87792,55018,0,0,0,0,0,0,0,0,TS_NONE,0,0,0,0,0,0,0,TM_NONE,0,WS_NONE,0,TA_SOUTHWEST,0,0,0,0,0
467,87828,55054,0,0,0,0,0,0,0,0,TS_NONE,0,0,0,0,0,0,0,TM_NONE,0,WS_NONE,0,TA_SOUTHWEST,0,0,0,0,0
468,87864,55090,0,0,0,0,0,0,0,0,TS_NONE,0,0,0,0,0,0,0,TM_NONE,0,WS_NONE,0,TA_SOUTHWEST,0,0,0,0,0
469,87900,55126,0,0,0,0,0,0,0,0,TS_NONE,0,0,0,0,0,0,0,TM_NONE,0,WS_NONE,0,TA_SOUTHWEST,0,0,0,0,0
470,87936,55162,0,0,0,0,0,0,0,0,TS_NONE,0,0,0,0,0,0,0,TM_NONE,0,WS_NONE,0,TA_SOUTHWEST,0,0,0,0,0
471,87972,55198,0,0,0,0,0,0,0,0,TS_NONE,0,0,0,0,0,0,0,TM_NONE,0,WS_NONE,0,TA_SOUTHWEST,0,0,0,0,0
472,88008,55234,0,0,0,0,0,0,0,0,TS_NONE,0,0,0,0,0,0,0,TM_NONE,0,WS_NONE,0,TA_SOUTHWEST,0,0,0,0,0
473,88044,55270,0,0,0,0,0,0,0,0,TS_NONE,0,0,0,0,0,0,0,TM_NONE,0,WS_NONE,0,TA_SOUTHWEST,0,0,0,0,0
474,88080,55306,0,0,0,0,0,0,0,0,TS_NONE,0,0,0,0,0,0,0,TM_NONE,0,WS_NONE,0,TA_SOUTHWEST,0,0,0,0,0
475,88116,55342,0,0,0,0,0,0,0,0,TS_NONE,0,0,0,0,0,0,0,TM_NONE,0,WS_NONE,0,TA_SOUTHWEST,0,0,0,0,0
476,88152,55378,0,0,0,0,0,0,0,0,TS_NONE,0,0,0,0,0,0,0,TM_NONE,0,WS_NONE,0,TA_SOUTHWEST,0,0,0,0,0
477,88188,55414,0,0,0,0,0,0,0,0,TS_NONE,0,0,0,0,0,0,0,TM_NONE,0,WS_NONE,0,TA_SOUTHWEST,0,0,0,0,0
478,88224,55450,0,0,0,0,0,0,0,0,TS_NONE,0,0,0,0,0,0,0,TM_NONE,0,WS_NONE,0,TA_SOUTHWEST,0,0,0,0,0
479,88260,55486,0,0,0,0,0,0,0,0,TS_NONE,0,0,0,0,0,0,0,TM_NONE,0,WS_NONE,0,TA_SOUTHWEST,0,0,0,0,0
480,88296,55522,0,0,0,0,0,0,0,0,TS_NONE,0,0,0,0,0,0,0,TM_NONE,0,WS_NONE,0,TA_SOUTHWEST,0,0,0,0,0
481,88332,55558,0,0,0,0,0,0,0,0,TS_NONE,0,0,0,0,0,0,0,TM_NONE,0,WS_NONE,0,TA_SOUTHWEST,0,0,0,0,0
482,88368,55594,0,0,0,0,0,0,0,0,TS_NONE,0,0,0,0,0,0,0,TM_NONE,0,WS_NONE,0,TA_SOUTHWEST,0,0,0,0,0
483,88404,55630,0,0,0,0,0,0,0,0,TS_NONE,0,0,0,0,0,0,0,TM_NONE,0,WS_NONE,0,TA_SOUTHWEST,0,0,0,0,0
484,88440,55666,0,0,0,0,0,0,0,0,TS_NONE,0,0,0,0,0,0,0,TM_NONE,0,WS_NONE,0,TA_SOUTHWEST,0,0,0,0,0
485,88476,55702,0,0,0,0,0,0,0,0,TS_NONE,0,0,0,0,0,0,0,TM_NONE,0,WS_NONE,0,TA_SOUTHWEST,0,0,0,0,0
486,88512,55738,0,0,0,0,0,0,0,0,TS_NONE,0,0,0,0,0,0,0,TM_NONE,0,WS_NONE,0,TA_SOUTHWEST,0,0,0,0,0
487,88548,55774,0,0,0,0,0,0,0,0,TS_NONE,0,0,0,0,0,0,0,TM_NONE,0,WS_NONE,0,TA_SOUTHWEST,0,0,0,0,0
488,88584,55810,0,0,0,0,0,0,0,0,TS_NONE,0,0,0,0,0,0,0,TM_NONE,0,WS_NONE,0,TA_SOUTHWEST,0,0,0,0,0
489,88620,55846,0,0,0,0,0,0,0,0,TS_NONE,0,0,0,0,0,0,0,TM_NONE,0,WS_NONE,0,TA_SOUTHWEST,0,0,0,0,0
490,88656,55882,0,0,0,0,0,0,0,0,TS_NONE,0,0,0,0,0,0,0,TM_NONE,0,WS_NONE,0,TA_SOUTHWEST,0,0,0,0,0
491,88692,55918,0,0,0,0,0,0,0,0,TS_NONE,0,0,0,0,0,0,0,TM_NONE,0,WS_NONE,0,TA_SOUTHWEST,0,0,0,0,0
492,88728,55954,0,0,0,0,0,0,0,0,TS_NONE,0,0,0,0,0,0,0,TM_NONE,0,WS_NONE,0,TA_SOUTHWEST,0,0,0,0,0
493,88764,55990,0,0,0,0,0,0,0,0,TS_NONE,0,0,0,0,0,0,0,TM_NONE,0,WS_NONE,0,TA_SOUTHWEST,0,0,0,0,0
494,88800,56026,0,0,0,0,0,0,0,0,TS_NONE,0,0,0,0,0,0,0,TM_NONE,0,WS_NONE,0,TA_SOUTHWEST,0,0,0,0,0
495,88836,56062,0,0,0,0,0,0,0,0,TS_NONE,0,0,0,0,0,0,0,TM_NONE,0,WS_NONE,0,TA_SOUTHWEST,0,0,0,0,0
496,88872,56098,0,0,0,0,0,0,0,0,TS_NONE,0,0,0,0,0,0,0,TM_NONE,0,WS_NONE,0,TA_SOUTHWEST,0,0,0,0,0
497,88908,56134,0,0,0,0,0,0,0,0,TS_NONE,0,0,0,0,0,0,0,TM_NONE,0,WS_NONE,0,TA_SOUTHWEST,0,0,0,0,0
498,88944,56170,0,0,0,0,0,0,0,0,TS_NONE,0,0,0,0,0,0,0,TM_NONE,0,WS_NONE,0,TA_SOUTHWEST,0,0,0,0,0
499,88980,56206,0,0,0,0,0,0,0,0,TS_NONE,0,0,0,0,0,0,0,TM_NONE,0,WS_NONE,0,TA_SOUTHWEST,0,0,0,0,0
500,89016,56242,0,0,0,0,0,0,0,0,TS_NONE,0,0,0,0,0,0,0,TM_NONE,0,WS_NONE,0,TA_SOUTHWEST,0,0,0,0,0
501,89052,56278,0,0,0,0,0,0,0,0,TS_NONE,0,0,0,0,0,0,0,TM_NONE,0,WS_NONE,0,TA_SOUTHWEST,0,0,0,0,0
502,89088,56314,0,0,0,0,0,0,0,0,TS_NONE,0,0,0,0,0,0,0,TM_NONE,0,WS_NONE,0,TA_SOUTHWEST,0,0,0,0,0
503,89124,56350,0,0,0,0,0,0,0,0,TS_NONE,0,0,0,0,0,0,0,TM_NONE,0,WS_NONE,0,TA_SOUTHWEST,0,0,0,0,0
504,89160,56386,0,0,0,0,0,0,0,0,TS_NONE,0,0,0,0,0,0,0,TM_NONE,0,WS_NONE,0,TA_SOUTHWEST,0,0,0,0,0
505,89196,56422,0,0,0,0,0,0,0,0,TS_NONE,0,0,0,0,0,0,0,TM_NONE,0,WS_NONE,0,TA_SOUTHWEST,0,0,0,0,0
506,89232,56458,0,0,0,0,0,0,0,0,TS_NONE,0,0,0,0,0,0,0,TM_NONE,0,WS_NONE,0,TA_SOUTHWEST,0,0,0,0,0
507,89268,56494,0,0,0,0,0,0,0,0,TS_NONE,0,0,0,0,0,0,0,TM_NONE,0,WS_NONE,0,TA_SOUTHWEST,0,0,0,0,0
508,89304,56530,0,0,0,0,0,0,0,0,TS_NONE,0,0,0,0,0,0,0,TM_NONE,0,WS_NONE,0,TA_SOUTHWEST,0,0,0,0,0
509,89340,56566,0,0,0,0,0,0,0,0,TS_NONE,0,0,0,0,0,0,0,TM_NONE,0,WS_NONE,0,TA_SOUTHWEST,0,0,0,0,0
510,89376,56602,0,0,0,0,0,0,0,0,TS_NONE,0,0,0,0,0,0,0,TM_NONE,0,WS_NONE,0,TA_SOUTHWEST,0,0,0,0,0
511,89412,56638,0,0,0,0,0,0,0,0,TS_NONE,0,0,0,0,0,0,0,TM_NONE,0,WS_NONE,0,TA_SOUTHWEST,0,0,0,0,0
